1701507516.0 0.0 0.0 0.0 9.10806072401799e-08 0.00022689278717670752 -0.00010471974094418217 0.9999999687767148
1701507517.0 0.0 0.0 0.0 1.9739207810297347e-07 0.00041887897477318645 -8.726645997785091e-05 0.9999999084624611
1701507518.0 0.0 0.0 0.0 2.69129456131377e-07 0.0004974187117066434 -6.98131538605683e-05 0.9999998738503302
1701507519.0 0.0 0.0 0.0 3.0476969815633387e-07 0.0005061453588048467 -8.72663692537938e-06 0.9999998718703061
1701507520.0 0.0 0.0 0.0 2.3988620496381005e-07 0.00039269900693600064 6.98131571143116e-05 0.9999999204567745
1701507521.0 0.0 0.0 0.0 2.3729696141267758e-07 0.0003577924226967505 0.00012217304089756067 0.9999999285291344
1701507522.0 0.0 0.0 0.0 1.6632110016760743e-07 0.0002268927444978868 0.00013962632106042408 0.9999999645120721
1701507523.0 0.0 0.0 0.0 2.6044785142469694e-07 0.0003316124283283067 0.0001919861998401122 0.9999999265872116
1701507524.0 0.0 0.0 0.0 2.2617840552732763e-07 0.0002879792245628386 0.0002443460854795108 0.9999999286814502
1701507525.0 0.0 0.0 0.0 2.8458879202049793e-07 0.00032288579671673563 0.000270525994771324 0.9999999112801797
1701507526.0 0.0 0.0 0.0 2.7141408828884684e-07 0.0003141591381868865 0.0003752457868876714 0.9999998802472736
1701507527.0 0.0 0.0 0.0 3.0431277200977534e-07 0.00032288577872975215 0.00043633230213218456 0.9999998526793908
1701507528.0 0.0 0.0 0.0 2.8900571973412483e-07 0.00028797916836496856 0.0004799655488162714 0.9999998433504812
1701507529.0 0.0 0.0 0.0 3.9341332067774166e-07 0.0003665189277178769 0.0005323253545101961 0.9999997911466971
1701507530.0 0.0 0.0 0.0 3.4421760400695434e-07 0.00034906566506694224 0.00032288590246244627 0.9999998869488621
1701507531.0 0.0 0.0 0.0 2.8222801442780786e-07 0.00029670584592880473 0.00034033921138355833 0.9999998980673861
1701507532.0 0.0 0.0 0.0 2.878634134989417e-07 0.00030543248215241317 0.00040142566973228673 0.9999998727841657
1701507533.0 0.0 0.0 0.0 2.878634201458445e-07 0.00031415912354503715 0.0004625122280902534 0.9999998436931884
1701507534.0 0.0 0.0 0.0 2.9776348980562383e-07 0.0002967058307446685 0.0004625122160039005 0.9999998490239942
1701507535.0 0.0 0.0 0.0 3.305098256059408e-07 0.00030543243898182166 0.00041887900174417873 0.9999998656256399
1701507536.0 0.0 0.0 0.0 2.7080482504062544e-07 0.0002443459455472271 0.0004799654961827162 0.9999998549640435
1701507537.0 0.0 0.0 0.0 3.7193780630882643e-07 0.00032288570791295473 0.0006108651752732137 0.999999761294181
1701507538.0 0.0 0.0 0.0 3.998102873210255e-07 0.00036651892079569005 0.0006719516739180515 0.9999997070722916
1701507539.0 0.0 0.0 0.0 3.790962653255675e-07 0.0003316123139162677 0.0006544983817135912 0.9999997308324627
1701507540.0 0.0 0.0 0.0 3.888440647995438e-07 0.00032288568799572855 0.0006806783778247543 0.9999997162107733
1701507541.0 0.0 0.0 0.0 3.493199056717213e-07 0.00028797910151969093 0.0006894049334042045 0.9999997208943374
1701507542.0 0.0 0.0 0.0 3.8838709724834514e-07 0.00029670572595830104 0.0006108651511237759 0.9999997694046376
1701507543.0 0.0 0.0 0.0 4.0575030342980324e-07 0.0003228856671933162 0.0006806783196171099 0.999999716210813
1701507544.0 0.0 0.0 0.0 4.276827296926701e-07 0.00034033892853950064 0.0007155848573208152 0.9999996860537221
1701507545.0 0.0 0.0 0.0 3.650838961568355e-07 0.00029670575554702086 0.0007243115608713058 0.9999996936691151
1701507546.0 0.0 0.0 0.0 4.527375155699628e-07 0.0003577922149485649 0.0007592180867260199 0.9999996477861492
1701507547.0 0.0 0.0 0.0 3.541176517589447e-07 0.000270525806207549 0.0008203046107558486 0.9999996269579345
1701507548.0 0.0 0.0 0.0 3.084250654422535e-07 0.00023561925595583108 0.000698131636762967 0.9999997285478076
1701507549.0 0.0 0.0 0.0 4.637798933984132e-07 0.00036651884543323777 0.000602138559337234 0.9999997515464073
1701507550.0 0.0 0.0 0.0 4.523567864340933e-07 0.00039269881966622994 0.0005410520435411225 0.9999997765250344
1701507551.0 0.0 0.0 0.0 3.8313247681915667e-07 0.0003403389816072173 0.000549778690164273 0.9999997909562895
1701507552.0 0.0 0.0 0.0 3.2365594981196536e-07 0.00029670580363013783 0.0004974187626181792 0.9999998322700538
1701507553.0 0.0 0.0 0.0 3.372114108012881e-07 0.0003141590744517799 0.00039269906082615346 0.9999998735456969
1701507554.0 0.0 0.0 0.0 3.040842758916545e-07 0.0002879791528379061 0.0004276056699169636 0.9999998671106441
1701507555.0 0.0 0.0 0.0 4.532706329553602e-07 0.00041887877603956206 0.0005235987075032558 0.9999997751923542
1701507556.0 0.0 0.0 0.0 3.790962749767561e-07 0.00033161231391625666 0.0005323253901002488 0.9999998033313849
1701507557.0 0.0 0.0 0.0 3.8991019740890807e-07 0.0003490656170183817 0.00045378560069262217 0.9999998361158223
1701507558.0 0.0 0.0 0.0 4.12147280494909e-07 0.0003577922640075904 0.0004363322387408707 0.999999840799339
1701507559.0 0.0 0.0 0.0 3.501576382739474e-07 0.00033161234573596325 0.00042760566413684937 0.999999853593252
1701507560.0 0.0 0.0 0.0 3.6066696987806366e-07 0.0003228857206993188 0.0005585053295947545 0.9999997919082173
1701507561.0 0.0 0.0 0.0 2.948696094892035e-07 0.0002792525200106065 0.0005148720964961899 0.999999828462319
1701507562.0 0.0 0.0 0.0 3.590677335960397e-07 0.00035779232121360677 0.00037524578138667337 0.9999998655875557
1701507563.0 0.0 0.0 0.0 3.564023267353055e-07 0.00039269891847482075 0.00029670592817536716 0.999999878876505
1701507564.0 0.0 0.0 0.0 3.486345829296563e-07 0.0003665189730470044 0.00028797935224751653 0.9999998913658008
1701507565.0 0.0 0.0 0.0 3.528230853778617e-07 0.0003577923274260203 0.00030543262735863483 0.9999998893477119
1701507566.0 0.0 0.0 0.0 2.9882963637656897e-07 0.00031415911330531695 0.0004276056665465855 0.9999998592286682
1701507567.0 0.0 0.0 0.0 3.5640229019851687e-07 0.00034033901064870614 0.0004712388170587834 0.9999998310515898
1701507568.0 0.0 0.0 0.0 3.6630237405341943e-07 0.00032288571435533104 0.0005061454241774718 0.9999998197807292
1701507569.0 0.0 0.0 0.0 3.617330817059776e-07 0.000331612333311138 0.0004974187571633773 0.9999998213038388
1701507570.0 0.0 0.0 0.0 3.1664972475236306e-07 0.0002879791392956038 0.0004886921272665091 0.999999839123947
1701507571.0 0.0 0.0 0.0 3.9341332802926046e-07 0.00035779228509710966 0.00045378554108537866 0.9999998330315903
1701507572.0 0.0 0.0 0.0 4.464928691921912e-07 0.000357792222795823 0.0005497786577110029 0.9999997848639536
1701507573.0 0.0 0.0 0.0 4.0575026121768216e-07 0.00031415899340725564 0.0006283184488461874 0.9999997532599141
1701507574.0 0.0 0.0 0.0 5.853221097470864e-07 0.00036651867148554797 0.001021017365514701 0.999999411593457
1701507575.0 0.0 0.0 0.0 5.620189072941672e-07 0.000357792059978706 0.0009948374404826028 0.9999994411413402
1701507576.0 0.0 0.0 0.0 5.391726151206118e-07 0.0003490654183778117 0.0008290312835486188 0.9999995954300052
1701507577.0 0.0 0.0 0.0 5.437417817500471e-07 0.0003054321338104487 0.0010297439613106277 0.9999994231689787
1701507578.0 0.0 0.0 0.0 6.223329519908716e-07 0.0003141586390243493 0.0014573493333237615 0.9999988887178239
1701507579.0 0.0 0.0 0.0 1.0186393788868736e-06 0.0003839710625407792 0.0021118466018784808 0.9999976963319044
1701507580.0 0.0 0.0 0.0 1.1514520078561832e-06 0.00036651733016022144 0.0024958182245452894 0.9999968182724938
1701507581.0 0.0 0.0 0.0 1.0077484910549586e-06 0.00028797755013101927 0.0028361562090806905 0.9999959366346809
1701507582.0 0.0 0.0 0.0 1.1862537677525728e-06 0.0003228837430317299 0.003063047914170661 0.9999952567298291
1701507583.0 0.0 0.0 0.0 1.607233140367351e-06 0.000392695791160976 0.003394658560430646 0.9999941610232984
1701507584.0 0.0 0.0 0.0 1.2062819780605733e-06 0.0003141569395313813 0.003246306516808904 0.9999946813848367
1701507585.0 0.0 0.0 0.0 1.4425118771901972e-06 0.0003577895934883269 0.003455744767152166 0.9999939648881039
1701507586.0 0.0 0.0 0.0 1.4438824504850186e-06 0.0003490628485213727 0.0035604641327624353 0.999993600603625
1701507587.0 0.0 0.0 0.0 1.477389969135182e-06 0.0003490627083107915 0.0034993776724233493 0.9999938162353549
1701507588.0 0.0 0.0 0.0 1.461245155504142e-06 0.0003403360603205721 0.0036651827612072664 0.9999932252793304
1701507589.0 0.0 0.0 0.0 1.5393033296917309e-06 0.00035778919015855867 0.003761175642377969 0.9999928627456863
1701507590.0 0.0 0.0 0.0 1.8059942597922142e-06 0.0003926949273655645 0.003988066723048269 0.9999919705233862
1701507591.0 0.0 0.0 0.0 1.7859645444563312e-06 0.00035778804393062666 0.004310949639223663 0.9999906438050977
1701507592.0 0.0 0.0 0.0 1.7469725201343587e-06 0.0003228811961065487 0.004817090092048658 0.999988345625951
1701507593.0 0.0 0.0 0.0 1.4816520912765502e-06 0.0002792487450060272 0.004712371109584476 0.9999888577261592
1701507594.0 0.0 0.0 0.0 1.5561310046818993e-06 0.00029670189941636036 0.0045814731381524434 0.9999894609791874
1701507595.0 0.0 0.0 0.0 1.7922090760431954e-06 0.0003577880127054089 0.004363308855247224 0.9999904167142601
1701507596.0 0.0 0.0 0.0 1.8228236276919207e-06 0.00038396808696674456 0.004153871181996742 0.99999129892184
1701507597.0 0.0 0.0 0.0 1.874532316072947e-06 0.00039269460617954554 0.004214957327538112 0.9999910399209382
1701507598.0 0.0 0.0 0.0 1.5384649857989893e-06 0.00034033572001395925 0.0038397146321960123 0.9999925703527873
1701507599.0 0.0 0.0 0.0 1.7073729194495994e-06 0.000331608135202672 0.0045378401208484844 0.9999896489665117
1701507600.0 0.0 0.0 0.0 1.7790337668396275e-06 0.0003403345475128686 0.004598926165683277 0.999989366967146
1701507601.0 0.0 0.0 0.0 1.6726454735957494e-06 0.00029670126544741835 0.0049218085123367665 0.9999878438093781
1701507602.0 0.0 0.0 0.0 1.8532832629225696e-06 0.0003403341512882302 0.004782183916083862 0.9999885073770716
1701507603.0 0.0 0.0 0.0 2.2477606272327895e-06 0.00041014619563035524 0.00486944906040144 0.9999880600491657
1701507604.0 0.0 0.0 0.0 2.250122104511061e-06 0.0004275997091669451 0.00468619138535635 0.9999889283205716
1701507605.0 0.0 0.0 0.0 1.623451974445846e-06 0.0003316085566727227 0.004284770123645107 0.9999907653464192
1701507606.0 0.0 0.0 0.0 1.4825655720790274e-06 0.00027052197548975594 0.004886902214063957 0.9999880224294754
1701507607.0 0.0 0.0 0.0 1.6392145907093004e-06 0.0003054282190542561 0.0047385508978506595 0.9999887263596048
1701507608.0 0.0 0.0 0.0 1.8057635292030741e-06 0.0003403344067384448 0.004694918083919442 0.9999889208953348
1701507609.0 0.0 0.0 0.0 1.8829084671947245e-06 0.00037524105224216205 0.004441848064947414 0.9999900645388309
1701507610.0 0.0 0.0 0.0 1.7667734756065704e-06 0.0003490613635535613 0.004380762326162634 0.9999903434906183
1701507611.0 0.0 0.0 0.0 1.7828421430897304e-06 0.00035778805950304 0.004249863358105813 0.9999909052816246
1701507612.0 0.0 0.0 0.0 1.8155116339743735e-06 0.00034906111346280394 0.004555293508663753 0.9999895636725881
1701507613.0 0.0 0.0 0.0 2.066438839794818e-06 0.00039269364321877404 0.00468619145244858 0.999988942637419
1701507614.0 0.0 0.0 0.0 1.7820041551111004e-06 0.0003490612861312133 0.004494207613210775 0.9999898400738741
1701507615.0 0.0 0.0 0.0 1.545774111593111e-06 0.0002967019535550376 0.004633832291872756 0.9999892197238189
1701507616.0 0.0 0.0 0.0 1.3476222029217714e-06 0.00027924942398285975 0.004162598092227609 0.999991297359665
1701507617.0 0.0 0.0 0.0 1.456751733295266e-06 0.00032288263593226754 0.00384844125663449 0.9999925425944813
1701507618.0 0.0 0.0 0.0 1.6449292329566715e-06 0.0003926956350683452 0.0035604638423149797 0.9999935844217501
1701507619.0 0.0 0.0 0.0 1.3956773920341257e-06 0.0003577897792470817 0.0032724864463344106 0.9999945813938116
1701507620.0 0.0 0.0 0.0 1.3514312841147862e-06 0.0003316097768286755 0.003499377693209807 0.9999938221753621
1701507621.0 0.0 0.0 0.0 1.627794679483079e-06 0.0003926957064679901 0.0035691905115470953 0.9999935533124824
1701507622.0 0.0 0.0 0.0 1.742100692838383e-06 0.00037524173237697965 0.004031699324189354 0.9999918022619818
1701507623.0 0.0 0.0 0.0 1.765022848251209e-06 0.0003752416252582407 0.004092785194850601 0.9999915541143115
1701507624.0 0.0 0.0 0.0 1.4318487446392115e-06 0.000296702525217013 0.004127692082490336 0.9999914370251545
1701507625.0 0.0 0.0 0.0 1.6765305045733287e-06 0.0003228815695539913 0.004529113294861061 0.999989691385588
1701507626.0 0.0 0.0 0.0 2.077478450131663e-06 0.00034905965263501144 0.005201057426231491 0.9999864134850492
1701507627.0 0.0 0.0 0.0 1.926696881567878e-06 0.0003839675797954897 0.004372035221525627 0.9999903688902245
1701507628.0 0.0 0.0 0.0 1.4773900300895533e-06 0.0003490627083105335 0.0036913628057525 0.9999931259732135
1701507629.0 0.0 0.0 0.0 1.0735459370045573e-06 0.0003228841374414402 0.002748889794002136 0.9999961696674551
1701507630.0 0.0 0.0 0.0 9.491865193707723e-07 0.00033161117215774124 0.002234019511656015 0.9999974495917233
1701507631.0 0.0 0.0 0.0 7.128042291788749e-07 0.00034033845081339755 0.0015533423122661395 0.9999987356476465
1701507632.0 0.0 0.0 0.0 8.523947466616725e-07 0.0003403381298284523 0.0018413211389231958 0.9999982468513103
1701507633.0 0.0 0.0 0.0 8.477495377917128e-07 0.0003839714778673025 0.001544615689893088 0.9999987333629758
1701507634.0 0.0 0.0 0.0 6.307100386416748e-07 0.00035779194548494976 0.0011344636774082198 0.9999992924880949
1701507635.0 0.0 0.0 0.0 4.2768273959783655e-07 0.00034033892853948817 0.0005585053263622788 0.9999997861204927
1701507636.0 0.0 0.0 0.0 4.5144287547789956e-07 0.0003403388978522184 0.000628318472566976 0.9999997446925314
1701507637.0 0.0 0.0 0.0 3.501576189715685e-07 0.00033161234573598363 0.00047996548412073705 0.9999998298331174
1701507638.0 0.0 0.0 0.0 3.742224214701751e-07 0.0003403389915209714 0.0005585052972584546 0.999999786120509
1701507639.0 0.0 0.0 0.0 4.4550284666221916e-07 0.0003403389056795391 0.000750491485403645 0.999999660465823
1701507640.0 0.0 0.0 0.0 5.071878749107585e-07 0.0003926987526773824 0.0005934119175418682 0.9999997468248322
1701507641.0 0.0 0.21533961816879774 0.12699940490772543 7.185159943358104e-07 0.0004450583529723366 0.0006719516233987328 0.9999996752017283
1701507642.0 0.0 0.4306792363375955 0.25399880981545087 -4.5692031241788105e-06 0.000523578787297277 -0.010035473873299689 0.9999495062794492
1701507643.0 -0.02160075957131319 0.9297860734641968 -0.10015620189470764 -1.0964876625626037e-06 6.107668284187949e-05 -0.018874614680496095 0.9998218567270368
1701507644.0 -0.02160075957131319 1.3604653098017923 0.15384260792074317 6.236893495506592e-06 -0.0005235615773568597 -0.013691678116877909 0.9999061274913359
1701507645.0 -0.04320151914262638 2.290251383265989 0.05368640602603558 3.790194249791012e-06 -0.0010995506289654096 -0.0062918669689005745 0.9999796014839976
1701507646.0 -0.2709614731283883 2.7732948096173664 0.21889673142709765 1.0770525664499032e-05 -0.0012391366997649303 -0.011222223459866577 0.9999362610310978
1701507647.0 -0.2925622326997015 3.7030808830815634 0.11874052953239023 1.4844111696756916e-05 -0.0008638103100280587 -0.01835110000476384 0.999831231128542
1701507648.0 -0.08640303828525275 4.580502766531978 0.10737281205207116 9.03660432741075e-06 -0.0005060647754057633 -0.01829002844218527 0.9998325953260211
1701507649.0 -0.108003797856566 5.294949221827377 -0.11978279475036202 1.6247641949908634e-06 -0.00010470715303654374 -0.014590434978067283 0.9998935484544957
1701507650.0 -0.335763751842328 5.993332266347553 0.1724269355584256 -4.9392549723834815e-06 0.00032284814150386476 -0.013412451882558194 0.9999099968893097
1701507651.0 -0.12960455742787924 6.870754149797968 0.16105921807810653 8.978158709159196e-07 -5.2352181168552514e-05 -0.013831293252606004 0.9999043417174482
1701507652.0 -0.15120531699919226 7.800540223262164 0.06090301618339877 4.034715096444626e-06 -0.0002530405687968237 -0.012190822356629537 0.9999256571387999
1701507653.0 -0.1728060765705055 8.73032629672636 -0.039253185711308536 5.4783582293028125e-06 -0.00038393333026189665 -0.010847008310736539 0.9999410957530911
1701507654.0 0.033353117843943236 9.823087798345574 0.07637850171609806 -4.445782226299737e-06 0.0003664921747730768 -0.00952935295320389 0.9999545275141336
1701507655.0 0.01175235827262977 10.75287387180977 -0.02377770017861014 -1.0382898716818457e-05 0.000802784229056669 -0.009599160294375363 0.999953604699398
1701507656.0 -0.00984840129868303 11.897999563442765 0.0030655028344073187 -1.2954749692390929e-05 0.0005408969420609079 -0.017906118748077928 0.9998395262111077
1701507657.0 -0.03144916086999627 12.827785636906961 -0.0970906990602991 -3.474395356527904e-06 0.00021813848566000214 -0.011318217710067247 0.9999359231227755
1701507658.0 -0.2592091148557585 13.741508299595935 0.32211843615621305 -6.49744758563376e-07 0.00010471774246734044 -0.00505270623645857 0.9999872295151875
1701507659.0 -0.2808098744270713 14.671294373060132 0.22196223426150574 4.890630623817878e-07 -0.0003316121699699827 -0.0025918109284281967 0.9999965862687936
1701507660.0 -0.07465068001262276 15.548716256510547 0.21059451678118624 5.066264199491286e-06 -0.0006195711594107536 -0.00789753122169846 0.9999686220609694
1701507661.0 -0.09625143958393556 16.478502329974745 0.11043831488647982 1.1075680456042317e-05 -0.0010471387325262681 -0.008115687696457884 0.999966518935018
1701507662.0 -0.11785219915524925 17.623628021607736 0.13728151789949639 7.870361832198066e-06 -0.0006544510953284806 -0.009197752810797908 0.9999574855837886
1701507663.0 -0.1394529587265625 18.768753713240734 0.16412472091251473 1.2930167678623097e-05 -0.0006543706820570589 -0.015480449397982852 0.9998799564539024
1701507664.0 -0.1610537182978753 19.69853978670493 0.06396851901780742 2.450324984751033e-07 -8.723205458691375e-06 -0.022966512582842664 0.9997362348257802
1701507665.0 -0.4104144318549503 20.89602966835171 0.002023237616436191 6.275398210140333e-06 -0.00020934547981530822 -0.026438656927303773 0.999650415672884
1701507666.0 -0.432015191426264 21.8258157418159 -0.098132964278272 -1.1869312147332971e-05 0.000567107741055618 -0.019755839762805972 0.9998046734453663
1701507667.0 -0.6597751454120262 22.739538404504874 0.32107617093824103 -1.0539961121659233e-05 0.0006893244454498837 -0.015846922981591748 0.9998741919625356
1701507668.0 -0.6813759049833381 23.669324477969074 0.22091996904353373 -4.375670725378409e-06 0.0002966737133058519 -0.012007576030330881 0.9999278624398048
1701507669.0 -0.4968174701402033 25.045853198546087 -0.1446027601469435 1.4983865798434801e-05 -0.0009947245988888435 -0.00898832084313265 0.9999591093574162
1701507670.0 -0.518418229711517 26.190978890179082 -0.11775955713392605 3.140832368722595e-05 -0.0017537738411958518 -0.009843483145757888 0.9999500133158609
1701507671.0 -0.7461781836972783 27.104701552868057 0.3014495780825879 5.352187398438587e-05 -0.0022770239252221645 -0.01585561238402912 0.9998716976959496
1701507672.0 -0.9955388972543542 28.302191434514835 0.23950429668121487 4.2252538381401595e-05 -0.0017797333635345591 -0.018900760969340392 0.9998197797596613
1701507673.0 -1.017139656825666 29.231977507979032 0.13934809478650934 1.775601133548664e-05 -0.000942310426529328 -0.017269167230950233 0.9998504326142653
1701507674.0 -1.0387404163969798 30.377103199612023 0.1661912977995268 4.891220092221323e-06 -0.00024429713548593067 -0.018132977566190617 0.9998355541885723
1701507675.0 -1.0603411759682935 31.306889273076223 0.06603509590481771 2.280795089342311e-06 -0.00010469491740035878 -0.017173197041972153 0.999852524294023
1701507676.0 -1.0819419355396063 32.452014964709214 0.09287829891783694 1.2747059358924145e-05 -0.0005409018764509268 -0.016579866098099458 0.999862398184291
1701507677.0 -1.103542695110919 33.59714065634221 0.1197215019308544 1.8291037277752792e-05 -0.0007589977409482865 -0.013447353274271406 0.9999092920249236
1701507678.0 -1.1251434546822328 34.526926729806405 0.019565300036145317 1.8153249664725265e-05 -0.0008637471035490926 -0.009668969876852966 0.9999528812063702
1701507679.0 -1.1467442142535456 35.6720524214394 0.04640850304916455 5.103879519313712e-06 -0.000401393269914632 -0.002958328100645106 0.9999955435661912
1701507680.0 -1.1683449738248592 36.817178113072394 0.07325170606218201 -1.4499621312519788e-06 0.0001745268970426391 0.0010821037046135939 0.9999993992947357
1701507681.0 -0.9621857794104107 37.90993961469161 0.18888339348958816 -2.628823405148959e-07 3.490559500722939e-05 0.0019460408295013144 0.9999981058515162
1701507682.0 -0.9837865389817235 38.83972568815581 0.08872719159488085 8.3967705369714e-07 -0.000322884830325965 0.006213331921299015 0.9999806449382492
1701507683.0 -0.777627344567275 39.93248718977502 0.204358879022287 -9.909963414012775e-07 -0.0007941240877314877 0.00801969992694995 0.999967526362248
1701507684.0 -0.7992281041385887 41.077612881408015 0.23120208203530446 -3.806192510936837e-07 -0.0008552110959956445 0.007880076846446957 0.9999685860079458
1701507685.0 -0.8208288637099006 42.007398954872215 0.13104588014059715 -2.1260675441314335e-06 -0.0004101468445016843 0.011449108483520699 0.9999343726915174
1701507686.0 -0.8424296232812143 43.1525246465052 0.15788908315361638 1.3625365933365628e-06 0.00015707372009926494 0.013979631340203285 0.9999022678410036
1701507687.0 -0.6362704288667658 44.245286148124414 0.27352077058102076 9.976164461507036e-07 0.0001745300688790914 0.012347889696143916 0.9999237466718708
1701507688.0 -0.6578711884380795 45.39041183975741 0.3003639735940382 -5.154079801001083e-07 -6.981126720243706e-05 0.01336882341652333 0.9999106308498671
1701507689.0 -0.47331275359494285 46.766940560334426 -0.06515875559643902 1.8429134853348707e-06 0.00021815836912440005 0.014049438124839242 0.9999012779729337
1701507690.0 -0.49491351316625654 47.696726633798626 -0.1653149574911481 9.834399490946887e-06 0.000959880532895085 0.013665496145408507 0.9999061619710857
1701507691.0 -0.288754318751808 48.78948813541784 -0.049683270063738405 1.7201793781872e-05 0.0016143371755533418 0.013394984523128385 0.9999089798622708
1701507692.0 -0.3103550783231217 49.93461382705083 -0.022840067050722723 2.6678381477152863e-05 0.002303678027900786 0.012871413421205824 0.999914505881552
1701507693.0 -0.3319558378944336 51.07973951868382 0.004003135962296511 9.332984595070112e-06 0.0011082445836986907 0.009066855304153323 0.9999582810506304
1701507694.0 -0.3535565974657473 52.00952559214802 -0.09615306593240902 8.894789873766199e-08 1.7453065800813336e-05 0.005759554502808128 0.9999834134760995
1701507695.0 -0.375157357037061 53.15465128378102 -0.06930986291939334 -4.125122345327583e-06 -0.0015969701814298124 0.0022689230594120126 0.9999961508212786
1701507696.0 -0.6245180705941369 54.352141165427795 -0.13125514432076457 3.0058854883799173e-06 -0.0019460386256315997 -0.0033771992221651365 0.9999924036961712
1701507697.0 -0.8522780245798991 55.26586382811677 0.2879539908957476 1.0483660272940694e-05 -0.002085640407201642 -0.005078875170474541 0.9999849273970021
1701507698.0 -0.8738787841512092 56.195649901580964 0.18779778900104205 2.0737972494350116e-05 -0.002007020186224813 -0.0092675475808012 0.9999550409902168
1701507699.0 -1.1232394977082851 57.39313978322774 0.12585250759967082 4.598586361964933e-05 -0.0024081129449693866 -0.01506157901566602 0.9998836670907769
1701507700.0 -1.1448402572795988 58.53826547486073 0.1526957106126865 6.343574271188763e-05 -0.0025473882712276964 -0.020410141440040334 0.9997884440796961
1701507701.0 -1.3942009708366747 59.73575535650751 0.09075042921131882 7.994072113771323e-05 -0.0022063919895328123 -0.03024186997813992 0.9995401716509922
1701507702.0 -1.4158017304079866 60.66554142997171 -0.009405772683390268 5.795131085880381e-05 -0.0013513878070226229 -0.036879131189107045 0.9993188180332527
1701507703.0 -1.6651624439650625 61.863031311618485 -0.0713510540847615 1.4504462712610181e-05 -0.00028761381312082955 -0.043375270045717604 0.9990588085875506
1701507704.0 -2.120682351936587 62.829118164321244 0.2590695967173602 -4.547712118166867e-05 0.0007665970274403929 -0.049041510945337215 0.9987964459613518
1701507705.0 -2.370043065493661 63.81126842779922 0.07012491040826774 -8.731206692359741e-05 0.0012710948086395609 -0.053982917086172366 0.9985410464059341
1701507706.0 -2.3916438250649747 64.95639411943222 0.09696811342128342 -9.952420744208532e-05 0.0012877030566067467 -0.059384722666564846 0.9982343345275123
1701507707.0 -2.6410045386220506 65.9385443829102 -0.09197657288781258 -4.535405211394393e-05 0.0005391477881131288 -0.0648370886484184 0.9978957155927015
1701507708.0 -3.0965244465935733 66.90463123561295 0.23844407791431266 3.756194915395597e-05 -0.0004259526667423234 -0.06953883059192445 0.9975791538486223
1701507709.0 -3.118125206164885 68.04975692724594 0.2652872809273319 0.00011742956389544548 -0.0013212415590589644 -0.07323813120230252 0.997313599961935
1701507710.0 -3.367485919721961 69.03190719072393 0.07634259461823234 0.00013040153140427867 -0.0014076892491133048 -0.08006836400943203 0.9967883719683289
1701507711.0 -3.616846633279037 70.22939707237069 0.014397313216861107 0.00016299770746111406 -0.0017201697347732877 -0.08346901402337385 0.9965088750963519
1701507712.0 -3.638447392850349 71.3745227640037 0.04124051622988034 0.00013554781089044872 -0.001407203031699608 -0.08724258556121998 0.9961860933937051
1701507713.0 -3.887808106407425 72.35667302748168 -0.14770417007921566 0.00011602618167271258 -0.0011723696515620772 -0.09110180458344504 0.9958408875362393
1701507714.0 -3.9094088659787367 73.50179871911466 -0.12086096706619998 9.564618108156183e-05 -0.0009463832881599303 -0.09398663673338217 0.995573004518517
1701507715.0 -4.364928773950261 74.46788557181742 0.20955968373592526 0.00014550354975802256 -0.0014062084832874447 -0.09647974794576464 0.9953339437810509
1701507716.0 -4.614289487507337 75.6653754534642 0.14761440233455758 7.471204786136054e-05 -0.0007116740409406175 -0.097374431266184 0.9952475611996026
1701507717.0 -4.6358902470786525 76.5951615269284 0.0474582004398485 4.075249338128495e-05 -0.00038180367831922143 -0.09912001740719747 0.9950754115715966
1701507718.0 -4.885250960635725 77.79265140857517 -0.014487080961522736 3.203890639127427e-05 -0.0002949710954284011 -0.10058745489822754 0.9949281762432193
1701507719.0 -4.9068517202070385 78.93777710020817 0.012356122051496499 3.5888738696401824e-05 -0.00032966478260448303 -0.10150774263690274 0.9948346939154715
1701507720.0 -5.156212433764114 79.91992736368616 -0.1765885642575995 3.533923938681029e-05 -0.0003209461899941225 -0.10240190332736535 0.9947430552356795
1701507721.0 -5.383972387749875 80.83365002637512 0.24262057095891265 6.9723897451622e-05 -0.0006068730339941454 -0.1060037267489487 0.9943655448370247
1701507722.0 -5.633333101306951 82.03113990802188 0.18067528955754142 6.499416327481241e-06 -5.195492790722631e-05 -0.11364540195740097 0.9935213736364125
1701507723.0 -5.882693814864027 83.01329017149988 -0.00826939675155458 -1.114815035491695e-05 8.655145202154336e-05 -0.11745940216413102 0.9930776813662715
1701507724.0 -6.1320545284211025 83.99544043497785 -0.19721408306065058 -8.305708846820626e-06 6.0519242169028626e-05 -0.12726369468135867 0.9918689168859394
1701507725.0 -6.587574436392623 84.96152728768061 0.1332065677414711 5.8984382607034843e-05 -0.00041470528942748634 -0.1353697211076132 0.9907950661704027
1701507726.0 -6.836935149949699 85.94367755115859 -0.055738118567624895 0.00013957998155946134 -0.000905604175518219 -0.15115723971381498 0.9885093066231629
1701507727.0 -7.520215011906984 86.96212859387514 0.18589404782010988 0.0002029369208257217 -0.0012047577574947122 -0.1662609403526668 0.9860810347473472
1701507728.0 -7.76957572546406 87.9442788573531 -0.003050638488982571 3.982843388483688e-05 -0.00022336974061580697 -0.1760539891412256 0.9843804861064221
1701507729.0 -8.452855587421345 88.74739028190085 0.11158212299102743 -2.012587809938565e-05 0.00010276758626354997 -0.19014933558026934 0.9817551727453003
1701507730.0 -8.929976254964185 89.9972443535614 -0.039151642824730715 -0.00024333941947558862 0.0011616093687208517 -0.2004708063847021 0.9796989574543135
1701507731.0 -9.61325611692147 90.80035577810915 0.07548111865527929 -0.00028186069527446467 0.0012425216127055127 -0.21492264325591534 0.9766302443148486
1701507732.0 -10.296535978878754 91.60346720265687 0.1901138801352893 -0.0002561856043504066 0.001060320820208294 -0.22780694464654752 0.9737057081374737
1701507733.0 -10.77365664642159 92.63798165614864 -0.08761929058819717 -0.00016248498380209614 0.0006340085242414729 -0.2415238562216105 0.9703946612114392
1701507734.0 -11.45693650837888 93.22575346252758 -0.09998593401591194 -0.00021830324812617373 0.0008088152487409606 -0.25442462843776126 0.9670922430698595
1701507735.0 -12.140216370336164 94.02886488707533 0.014646827464098067 -0.0001822142612906958 0.0006467743320558005 -0.2656401877821143 0.9640720093001401
1701507736.0 -12.823496232293449 94.61663669345427 0.0022801840363833037 -9.813487024772159e-05 0.00033498731954485745 -0.2759728482227921 0.9611653682883309
1701507737.0 -13.279016140264973 95.36738392798823 0.20570142993078022 -0.00015950049052058043 0.0005261332271301667 -0.2853705050488322 0.9584171182692822
1701507738.0 -13.962296002222258 95.95515573436717 0.19333478650306546 -0.0001492661795466387 0.00047449452560605114 -0.29533283414448097 0.9553943006166309
1701507739.0 -14.439416669765095 96.98967018785892 -0.08439838422041746 -0.0003171722296683746 0.0009613190847501431 -0.3085105224956344 0.9512203912747375
1701507740.0 -15.122696531722383 97.57744199423786 -0.09676502764813222 -0.0001307941052684549 0.00037952010321711893 -0.3213320123441426 0.9469665129772314
1701507741.0 -16.033736347665428 98.43291760879939 -0.07092075058250913 8.89091916408546e-05 -0.0002462398553658026 -0.33484313914548625 0.942273847471257
1701507742.0 -16.717016209622717 99.02068941517832 -0.08328739401022744 0.0004211588688825187 -0.0011095835280556258 -0.3496675913258915 0.9368730794648498
1701507743.0 -17.400296071579998 99.82380083972606 0.03134536746978256 0.0006200989459994699 -0.0015471462948265582 -0.3655911585062787 0.930774047037022
1701507744.0 -18.083575933537286 100.1962330279362 -0.10802068086565342 0.0008042930995709622 -0.001886459860560365 -0.38381106827652045 0.9234093665597294
1701507745.0 -19.200774943894785 100.60496599538492 0.18319012349573427 0.0006978424136054991 -0.0015711420538867087 -0.3981721784843623 0.9173090868456659
1701507746.0 -19.884054805852074 101.19273780176385 0.1708234800680195 0.0005640520304881649 -0.0012005474862592548 -0.41969726477386793 0.9076631789779588
1701507747.0 -20.567334667809355 101.78050960814281 0.15845683664030474 0.00048368250293464714 -0.0009777333695841865 -0.4408712313151371 0.897569700629076
1701507748.0 -21.478374483752404 102.20530598636672 -0.06969769610952525 0.0006943684817882916 -0.0013503701765562022 -0.45690335888572753 0.8895150448372068
1701507749.0 -22.161654345709692 102.79307779274568 -0.08206433953724002 0.0008920701336117166 -0.001660501305089046 -0.47190376491764047 0.8816480497357484
1701507750.0 -23.27885335606718 102.98647114202558 0.08214705991642646 0.0009757457074110122 -0.0017439969420184628 -0.48528939530876264 0.8743513076537577
1701507751.0 -23.96213321802447 103.5742429484045 0.0697804164887117 0.0007870020359092673 -0.0013694955881859833 -0.493402450779825 0.8697997049172251
1701507752.0 -24.873173033967518 103.99903932662843 -0.1583741162611183 0.0001463402362618622 -0.0002480254426209281 -0.5023937930810561 0.864638880540046
1701507753.0 -25.762612090339246 104.35540810406336 0.22162517251466696 -8.14652729454878e-05 0.00013430345995434212 -0.5122677212361759 0.8588258013738791
1701507754.0 -26.673651906282295 104.99554410045609 0.12047004467256173 0.00011500598646164323 -0.00018539172966213123 -0.5200111498929113 0.8541594443607011
1701507755.0 -27.584691722225344 105.42034047868002 -0.10768448807726827 0.0004353315537675735 -0.000684941855023902 -0.5281862065512571 0.8491281838156629
1701507756.0 -28.267971584182632 106.00811228505896 -0.12005113150498659 0.0006308609222021374 -0.0009533618483076744 -0.541715195189816 0.8405613246016869
1701507757.0 -29.38517059454013 106.20150563433886 0.04416026794867989 0.0005002518075817717 -0.0007256710877248515 -0.5583096857869932 0.8296321581918279
1701507758.0 -30.296210410483173 106.62630201256279 -0.1839942648011501 0.00035923957698600966 -0.0005048178037009364 -0.5734119100832358 0.8192669879109048
1701507759.0 -31.413409420840672 106.81969536184269 -0.019782865347483636 -3.098705899661597e-05 4.2206150276745856e-05 -0.5907957997939113 0.8068211203261325
1701507760.0 -32.30284847721241 106.96072452110882 0.2332170185205733 0.00039103429543661897 -0.0005139196543861968 -0.6088305337362157 0.7933000467472843
1701507761.0 -33.44164824714122 107.22254547117772 -0.21072540355137193 0.0010607172409398647 -0.0013529044025691597 -0.6207295976159054 0.784022838425137
1701507762.0 -34.55884725749871 107.41593882045763 -0.04651400409770545 0.0014819048425170347 -0.00183182996794668 -0.6316622507040419 0.7752401236987868
1701507763.0 -35.67604626785621 107.60933216973753 0.11769739535596457 0.00144586619423535 -0.0017372312792477617 -0.6405772682117062 0.7678903925358479
1701507764.0 -36.58708608379925 108.03412854796146 -0.11045713739386542 0.0003395634774429565 -0.00039856275404473506 -0.6480134570416551 0.7616287056941189
1701507765.0 -37.70428509415675 108.22752189724136 0.05375426205980105 -0.0009577378708852963 0.0010984558661917107 -0.6557948684947728 0.7549377236493117
1701507766.0 -38.59372415052849 108.36855105650748 0.3067541459278509 -0.0020874400384195907 0.0023361102994031197 -0.6642426449888316 0.7475104639809373
1701507767.0 -39.504763966471536 108.57800781656262 -0.04839979172970388 -0.0025082827513929398 0.002755648584005164 -0.6702471428228685 0.7421286158451929
1701507768.0 -40.621962976829025 108.77140116584252 0.1158116077239626 -0.001955273072427492 0.002102357672239668 -0.6772841957260388 0.7357158930043328
1701507769.0 -41.53300279277208 109.19619754406645 -0.11234292502586385 -0.0009245457517598028 0.0009753412899702183 -0.6841838021371303 0.7293083838937415
1701507770.0 -42.650201803129576 109.17425127517755 -0.07513093047992214 -0.00014581724494547736 0.00015034041911045782 -0.69209273953521 0.7218085591192012
1701507771.0 -43.76740081348707 109.15230500628866 -0.03791893593398399 0.000300058562242487 -0.00030464968989662983 -0.6986275597523315 0.7154853946153814
1701507772.0 -44.88459982384457 109.34569835556856 0.12629246351968249 0.0005804680068158342 -0.000579617629766621 -0.7059084146054084 0.7083026452651261
1701507773.0 -46.00179883420206 109.32375208667968 0.16350445806562774 0.00019404664016367022 -0.00018849466481772557 -0.7153573885642227 0.6987587090278292
1701507774.0 -47.11899784455956 109.30180581779078 0.2007164526115659 -0.00021493395609425563 0.00020454298613898335 -0.7233889925972979 0.6904406399934956
1701507775.0 -48.236196854917054 109.27985954890188 0.2379284471575076 -0.0010911271395125323 0.0010179732158935042 -0.731442174760482 0.6819018390895816
1701507776.0 -49.35339586527455 109.0425736618442 0.148141036795721 -0.0017521187415955708 0.0016013349348514634 -0.7384355865477465 0.6743198427498833
1701507777.0 -50.24283492164629 108.96826320294151 0.27414151575604606 -0.0014432178959909935 0.0012924041791229984 -0.7445490291033084 0.6675649706769098
1701507778.0 -51.15387473758934 109.17771996299665 -0.0810124219015087 -0.0016000713266421628 0.0014048809428924996 -0.75019589266561 0.661212211554607
1701507779.0 -52.27107374794683 109.15577369410775 -0.043800427355566995 -0.0003237514163171068 0.0002793413588457831 -0.7551730519623913 0.6555253456146704
1701507780.0 -53.38827275830433 108.91848780705006 -0.13358783771735006 0.0011556485129925744 -0.0009714413570277412 -0.7622552446056586 0.6472747970138895
1701507781.0 -54.711630963076274 108.66513850921714 0.29599008903208457 0.0025316581238800638 -0.002073614157746877 -0.7703422398822293 0.6376222426207374
1701507782.0 -55.82882997343376 108.42785262215946 0.2062026786703015 0.002616980971508605 -0.0020790319342024115 -0.7815052023719857 0.6238897720770337
1701507783.0 -56.7182690298055 107.9228629269192 0.0782043478151806 0.0018975766358006458 -0.0014833494418529573 -0.7884381070620757 0.615109380687464
1701507784.0 -57.83546804016301 107.6855770398615 -0.011583062546602463 0.0007538368869626023 -0.0005801029804426291 -0.794059010616696 0.6078399319466548
1701507785.0 -58.72490709653473 107.39592696279003 -0.012581988493998608 0.0004959711366786792 -0.0003713579407905306 -0.8013058657040368 0.5982545659618619
1701507786.0 -59.84210610689223 107.15864107573233 -0.10236939885578522 0.0009023033756238807 -0.0006584535229820613 -0.8065679199720848 0.5911403748345067
1701507787.0 -60.93770435767842 106.63758796971683 0.2889976074003151 0.0011325533702524714 -0.0008016106045184371 -0.8123525493859645 0.583164994019211
1701507788.0 -62.05490336803591 106.40030208265915 0.1992101970385285 0.0017181615659096572 -0.0011823394811625902 -0.8178115894539437 0.5754822796133682
1701507789.0 -62.944342424407644 105.89531238741888 0.07121186618340758 0.0015314399377792862 -0.0010223285412919057 -0.8259247264527905 0.5637773991301478
1701507790.0 -63.83378148077938 105.6056623103474 0.07021294023601143 0.001260382866842628 -0.000815097371423025 -0.8353366034250213 0.5497367606679154
1701507791.0 -64.72322053715112 105.10067261510714 -0.05778539061910948 0.0007706277016387009 -0.0004793936338176207 -0.8460253652182224 0.5331418739154363
1701507792.0 -65.81881878793729 104.36427989092284 0.20658221072926608 -5.255774638963677e-05 3.11327282229539e-05 -0.8573155970537009 0.5147911841872321
1701507793.0 -66.70825784430903 103.64395057751378 -0.04841552503358315 -0.0011453159611853772 0.0006516484221502891 -0.866734978064236 0.4987672216632436
1701507794.0 -67.36993694669499 103.08659669225972 -0.08762537147431537 -0.0019286208260967206 0.0010566549423031706 -0.8742068719155465 0.4855486680011359
1701507795.0 -68.46553519748119 102.35020396807542 0.17674222987405663 -0.0014674520033566712 0.0007718512464988425 -0.8822201873919102 0.47083414467140555
1701507796.0 -69.35497425385292 101.84521427283516 0.0487438990189375 -0.00142202240418656 0.000726762037397254 -0.8875852181815048 0.46064078210131754
1701507797.0 -70.01665335623889 101.2878603875811 0.009534052578205277 -0.0011860506943895978 0.0005939298866021056 -0.8911087425831471 0.4537878903440711
1701507798.0 -71.11225160702507 100.55146766339682 0.27390165392657906 -0.00020358933076135475 0.00010015852219674273 -0.8931948267842625 0.44966982323198657
1701507799.0 -72.00169066339681 100.04647796815654 0.14590332307145637 0.00014966550544841107 -7.13579347261826e-05 -0.8969961894918185 0.44203824330643565
1701507800.0 -72.89112971976856 99.54148827291628 0.017904992216337234 8.699576099375011e-05 -4.057602616816426e-05 -0.9009180382027973 0.43398926164842694
1701507801.0 -73.98672797055472 98.58975593056319 0.15527318865698447 -4.7581780804136594e-05 2.1852484571556417e-05 -0.9041086391902728 0.4273026629918846
1701507802.0 -74.87616702692645 98.0847662353229 0.02727485780186356 -0.00038933943359952905 0.00017680887922708838 -0.9068233555620089 0.42151063920224363
1701507803.0 -75.53784612931243 97.52741235006886 -0.011934988638870436 -6.379038066406431e-05 2.8366635481314756e-05 -0.9107340869836047 0.4129932419934512
1701507804.0 -76.42728518568417 97.0224226548286 -0.13993331949399312 -0.0001040268992197689 4.5260255152640224e-05 -0.9144800678103768 0.404630933947767
1701507805.0 -77.29512348248458 96.23366574063051 0.21322276626877112 0.00017671245914338204 -7.504273293119369e-05 -0.9183082697306891 0.3958659935957151
1701507806.0 -78.18456253885633 95.72867604539024 0.08522443541365021 0.0009594218084711451 -0.00039740557383441866 -0.921422422287264 0.3885609878576001
1701507807.0 -78.84624164124229 95.17132216013619 0.04601458897291266 0.001536964934866273 -0.000622019708585538 -0.9237346001505532 0.3830295541012059
1701507808.0 -79.71407993804273 94.16722562776931 0.2721712698279539 0.0016431214304377167 -0.0006383973253738934 -0.9277534096654355 0.37318963470999345
1701507809.0 -80.60351899441446 93.66223593252906 0.14417293897282946 0.0010695351392057907 -0.0004037064564437958 -0.9309437019495577 0.3651609465922338
1701507810.0 -81.26519809680043 92.8895424291062 -0.022036312375624867 -0.0002537912992975537 9.36713063024913e-05 -0.93441910685254 0.3561753213862017
1701507811.0 -82.13303639360085 91.88544589673931 0.2041203684794084 -0.0014369455484555445 0.0005171196784008344 -0.9380482206840448 0.3465013758215491
1701507812.0 -82.56695554200107 91.0603882033027 0.126699601545341 -0.0012946976532474481 0.0004482027672549886 -0.9425823235510843 0.33397108587616575
1701507813.0 -83.22863464438703 90.50303431804863 0.08748975510460433 -0.0014415500627229971 0.0004770541047897281 -0.9473657624672491 0.32014966259180344
1701507814.0 -83.66255379278724 89.677976624612 0.01006898817053603 -0.0014220220056951405 0.00045241719482810774 -0.9517300340186252 0.3069327540667555
1701507815.0 -84.53039208958766 88.67388009224513 0.2362256690255773 -0.0011841705957781948 0.0003651243144762178 -0.9547938092064301 0.29726628857862447
1701507816.0 -84.96431123798787 87.84882239880851 0.158804902091501 -0.0006932622492171739 0.00020979679465370576 -0.9567778146093693 0.2908189967042696
1701507817.0 -85.62599034037385 87.07612889538565 -0.007404349256953324 -0.00048585310741514905 0.00014188014356949163 -0.9590473072502116 0.28324548764790786
1701507818.0 -86.05990948877405 86.25107120194902 -0.08482511619102073 0.0005050988718185599 -0.0001379519982185659 -0.9624788050731957 0.2713563627948483
1701507819.0 -86.92774778557448 85.24697466958214 0.1413315646640121 0.0016119315525000117 -0.00042410025993873537 -0.9641381011199003 0.2653958247308208
1701507820.0 -87.36166693397469 84.42191697614552 0.06391079772994424 0.0003467458606893096 -8.82200778954993e-05 -0.966463476170972 0.2568038574711196
1701507821.0 -87.7955860823749 83.59685928270888 -0.013509969204123617 0.0007725487145137586 -0.00018385465045044457 -0.9698993601567455 0.2435048265096335
1701507822.0 -88.43566442518956 82.32505894215943 0.17443579115757846 0.0012007061880007978 -0.00026893969373531 -0.9731058294256316 0.23035522723382001
1701507823.0 -88.86958357358978 81.5000012487228 0.09701502422350339 0.0006396966281843934 -0.00013840665685412528 -0.9754056242313031 0.22041651446695917
1701507824.0 -89.30350272198997 80.67494355528616 0.01959425728943548 -0.00025609551038160305 5.435071564559049e-05 -0.9770008876873871 0.21323507431739905
1701507825.0 -89.7374218703902 79.63454624368073 -0.18482591455235786 -0.00035939209283853617 7.1927760667493e-05 -0.9797030945178333 0.20045376588106875
1701507826.0 -89.94358106480465 78.75712436023032 -0.17345819707203886 0.000438150358720389 -7.811348775261228e-05 -0.9832118621923224 0.18246708187191474
1701507827.0 -90.35589945363354 77.64829944783588 0.2302754526117754 0.0017577842206779036 -0.00028183462493718236 -0.9855899434842773 0.1691428215045992
1701507828.0 -90.562058648048 76.55553794621667 0.11464376518436903 0.0011744225170611476 -0.00017112027930824185 -0.9880319793234892 0.15424460860499992
1701507829.0 -90.76821784246243 75.67811606276626 0.1260114826646881 -0.00016422231809997098 2.286369627567768e-05 -0.9890956731219679 0.1472743084169224
1701507830.0 -90.97437703687689 74.80069417931584 0.13737920014500693 -0.0008221068546364786 0.00010692625566521883 -0.9904526640216322 0.1378507636523902
1701507831.0 -91.18053623129133 73.70793267769663 0.02174751271760078 0.0005030093050888348 -5.6257053942624815e-05 -0.9925385847341348 0.1219299045794081
1701507832.0 -91.15893547172001 72.77814660423243 0.12190371461230631 0.001501870960113028 -0.00015364053792869795 -0.9938191926448943 0.11100059958781658
1701507833.0 -91.36509466613447 71.68538510261321 0.00627202718489972 0.0015827515136726449 -0.0001320312475370955 -0.9958665081044789 0.09081506208326692
1701507834.0 -91.34349390656315 70.54025941098023 -0.020571175828119515 0.0015853017131780443 -9.67113362228473e-05 -0.9977897840159642 0.06643059821175076
1701507835.0 -91.32189314699184 69.39513371934723 -0.047414378841131644 0.00018306040211038668 -8.541668130356701e-06 -0.998745252347221 0.05007881118611644
1701507836.0 -91.30029238742053 68.46534764588304 0.05274182305357389 0.00017446151522861617 -4.9919821363202735e-06 -0.9994244478322143 0.03392259738777727
1701507837.0 -91.27869162784921 67.32022195425003 0.025898620040554654 0.00010471196524158918 -1.2775331509339718e-06 -0.9997886457344853 0.020558523638045004
1701507838.0 -91.2570908682779 66.17509626261705 -0.0009445829724645805 0.0001047194675254937 2.467324149494907e-07 -0.999953753114817 0.009616686818438564
1701507839.0 -91.2354901087066 65.24531018915286 0.09921161892224806 -0.0005235316659612895 -8.379669484770787e-06 0.999997558634996 0.002146757653698064
1701507840.0 -91.21388934913527 64.10018449751985 0.07236841590922882 -0.001465577687164318 -3.822388755186239e-05 0.9999359544234885 0.011222195514449503
1701507841.0 -91.19228858956396 62.95505880588686 0.04552521289620959 -0.0003052227713153937 -1.1320065798392793e-05 0.9997853607608015 0.020715673276772185
1701507842.0 -91.17068782999266 61.80993311425387 0.018682009883189465 -0.00015689807643062294 -7.550077096348598e-06 0.9995546550909169 0.029840690542748922
1701507843.0 -91.14908707042133 60.880147040789666 0.11883821177789589 -0.0005402252132396107 -2.9900609536442585e-05 0.9992641106923897 0.0383528922614721
1701507844.0 -91.35524626483578 59.78738553917045 0.0032065243504888485 -0.0008884811550275934 -5.3952715268603096e-05 0.9989550765731285 0.045694230260684345
1701507845.0 -91.33364550526447 58.64225984753746 -0.02363667866252328 -0.0015500528341947399 -0.00010103875378320128 0.9985622456761093 0.053581980531396116
1701507846.0 -91.31204474569316 57.49713415590446 -0.050479881675542515 -0.0013841070646843136 -9.749015969634575e-05 0.998165667649934 0.060525818195741
1701507847.0 -91.29044398612184 56.56734808244027 0.04967632021916302 -0.001044131953979379 -8.0066588121937e-05 0.9978868199088788 0.06496766911278976
1701507848.0 -91.26884322655053 55.42222239080728 0.022833117206143783 -9.566928809722352e-05 -7.878048327580275e-06 0.9977835030844147 0.06654375821906686
1701507849.0 -91.24724246697922 54.27709669917429 -0.0040100858068683465 0.0014430362313125162 0.00012709956385014646 0.9976755081540699 0.06812842227480659
1701507850.0 -91.22564170740792 53.13197100754129 -0.03085328881988758 0.0023030139448890394 0.00020989464086606485 0.9974982801416624 0.0706529064188782
1701507851.0 -91.20404094783659 52.20218493407709 0.06930291307481795 0.002354473796977826 0.000222024237085897 0.9972473990597136 0.07410824668695021
1701507852.0 -91.18244018826528 51.0570592424441 0.04245971006179872 0.0017894104326151852 0.00017231660488279684 0.9969532563119997 0.07798059403589834
1701507853.0 -91.16083942869398 49.9119335508111 0.015616507048784811 0.00015626185924486147 1.600754188279727e-05 0.9963913458254053 0.08487791992165845
1701507854.0 -91.13923866912265 48.9821474773469 0.11577270894349034 -0.0011630706270856384 -0.00012121758137261203 0.995935751420261 0.09005893412635146
1701507855.0 -91.11763790955135 47.837021785713915 0.08892950593047289 -0.001960953091955622 -0.00021051734858358156 0.995319525125252 0.09661859681169117
1701507856.0 -90.86827719599425 46.639531904067134 0.1508747873318459 -0.001760833768538484 -0.00019418016786460483 0.9948844345385579 0.1010040774988601
1701507857.0 -90.84667643642295 45.49440621243414 0.12403158431882666 -0.0004596253251227761 -5.159582629180598e-05 0.9946865583381553 0.10294870928684174
1701507858.0 -90.82507567685164 44.56462013896994 0.22418778621353397 0.0016037506781378182 0.00018537578173899588 0.9944758198860495 0.10495350056835491
1701507859.0 -90.36955576888012 43.598533286267184 -0.10623286458858772 0.003483766541432132 0.0004125160550566987 0.9941862373263121 0.10761700010750624
1701507860.0 -90.34795500930879 42.66874721280299 -0.006076662693882184 0.003734194287017367 0.0004497048181369877 0.9939194096320999 0.11004572102168013
1701507861.0 -90.32635424973749 41.52362152116999 -0.03291986570690142 0.0028414609395352457 0.00034506237528506023 0.9937092519144459 0.11195414101907313
1701507862.0 -90.30475349016618 40.59383544770579 0.06723633618780411 0.0010830064884899723 0.00013041568744668778 0.9937371416759555 0.11173765409384738
1701507863.0 -90.28315273059485 39.4487097560728 0.040393133174791984 -0.0006412297962684843 -7.645639116201443e-05 0.9940228259914904 0.1091705289291009
1701507864.0 -90.26155197102355 38.30358406443981 0.01354993016177275 -0.0018977752734419078 -0.00022557369119263074 0.9943592923841299 0.10604690101485144
1701507865.0 -90.23995121145222 37.15845837280682 -0.013293272851246485 -0.00230516960913738 -0.000273059198065394 0.9945710865494497 0.10403348226217599
1701507866.0 -90.21835045188092 36.01333268117382 -0.04013647586426217 -0.0022018032242035884 -0.00025540002871194225 0.9947299288457353 0.10250588027984335
1701507867.0 -90.19674969230961 35.08354660770962 0.060019726030443366 -0.002211623107336683 -0.0002462754555909857 0.9949870179570929 0.09997940872241012
1701507868.0 -90.1751489327383 33.93842091607662 0.033176523017427684 -0.0011027992536528212 -0.00011012251378222789 0.9956909803967872 0.09272671278182301
1701507869.0 -90.15354817316698 32.79329522444363 0.006333320004408449 -0.0002779977005743015 -2.644494953222216e-05 0.9959881068869562 0.08948526670732056
1701507870.0 -90.13194741359567 31.648169532810638 -0.020509883008610785 0.0007039725777626046 6.380638504477641e-05 0.9963360958347078 0.08552125167586638
1701507871.0 -90.11034665402435 30.71838345934644 0.0796463188860983 0.0012433102221347857 0.00010704827449185685 0.9967514571905084 0.08052934439666455
1701507872.0 -90.31650584843881 29.625621957727226 -0.03598536854130785 0.0019483638261501611 0.0001580965977176777 0.9971385558051675 0.07557036066244104
1701507873.0 -90.2949050888675 28.480496266094235 -0.06282857155432708 0.0020620780348306477 0.00015919338726709886 0.9973991851427446 0.07204573525360704
1701507874.0 -90.27330432929617 27.550710192630035 0.037327630340382 0.0017407587338021373 0.0001262144536389195 0.9977918464641902 0.06639566972720808
1701507875.0 -90.25170356972487 26.405584500997037 0.010484427327366319 0.0020284551587935063 0.00014038479660710836 0.9980584936019324 0.062250373579755616
1701507876.0 -90.45786276413932 25.31282299937783 -0.10514726010004338 0.001271367915817486 8.324080856655924e-05 0.9983127518469531 0.05805192670664783
1701507877.0 -90.436262004568 24.167697307744834 -0.13199046311305906 0.0006096801343712605 3.803202621666584e-05 0.9985275014432611 0.054244407132690124
1701507878.0 -90.4146612449967 23.237911234280638 -0.03183426121834998 -0.00017420168378861486 -1.074772286233011e-05 0.9986815363506057 0.05133379482030857
1701507879.0 -90.39306048542537 22.092785542647647 -0.05867746423137277 -0.0007316201254665059 -4.5574515087308067e-05 0.9986902330037246 0.05115937018691507
1701507880.0 -90.37145972585405 21.162999469183447 0.04147873766333987 -0.0019679483600981954 -0.00012974526924631216 0.9985394378766455 0.0539916785292894
1701507881.0 -90.5776189202685 20.500917203901828 0.17984586005138326 -0.0034035238701041744 -0.00024193748278660045 0.9982194986509979 0.059549895083621705
1701507882.0 -90.12209901229699 19.750169969367875 -0.023575385843013663 -0.004539354431793758 -0.00038074122660847366 0.9972197568640767 0.0743774550345239
1701507883.0 -90.10049825272567 18.820383895903674 0.07658081605168832 -0.0043370141098804695 -0.0003907688993189689 0.9965538863082976 0.0828335034397723
1701507884.0 -89.85113753916859 17.6228940142569 0.13852609745305955 -0.0033920406499810727 -0.0002776546062928821 0.997119503626745 0.07577012904372259
1701507885.0 -89.82953677959729 16.6931079407927 0.23868229934776863 -0.0026631451053921694 -0.00019603652034306762 0.9978198318242306 0.06594279677185845
1701507886.0 -90.03569597401173 15.60034643917349 0.12305061192035893 -0.0010794176999731663 -7.619971184855502e-05 0.9982701570427447 0.05878369339269697
1701507887.0 -90.01409521444042 14.455220747540496 0.09620740890734325 0.00010448655108195732 6.984869269001203e-06 0.9986940609300954 0.05108974159973049
1701507888.0 -90.22025440885487 13.57779886409008 0.10757512638766542 0.0003657126987659739 2.4300228616438756e-05 0.998871232001709 0.04749871096260124
1701507889.0 -90.19865364928356 12.432673172457086 0.08073192337464263 -0.00017414251319335447 -1.1667273898232464e-05 0.9989281663813784 0.04628701705874927
1701507890.0 -90.40481284369801 11.555251289006671 0.0920996408549648 0.00018288426917541847 1.1722414573742612e-05 0.9989074675891844 0.04673154834254359
1701507891.0 -90.38321208412668 10.625465215542473 0.1922558427496739 0.0005492243971804516 2.4680776091501964e-05 0.9993263236357072 0.03669600294531503
1701507892.0 -90.36161132455537 9.480339523909482 0.1654126397366511 0.0011076603760852585 3.717059522794588e-05 0.999412544071979 0.03425402835306806
1701507893.0 -90.56777051896982 8.602917640459067 0.17678035721697327 0.0007414569585652489 2.1371370100885647e-05 0.9996625075015262 0.025967689165659807
1701507894.0 -90.77392971338426 7.510156138839852 0.06114866978956712 3.4890655691831065e-05 1.0544265397688205e-06 0.9997334199155584 0.023088696053956106
1701507895.0 -90.75232895381296 6.365030447206859 0.03430546677654789 -0.00043615225467979687 -1.2533278603913023e-05 0.9998016237326385 0.019912880145954378
1701507896.0 -90.73072819424165 5.219904755573861 0.007462263763528654 0.00047105252358421566 1.3252294495812024e-05 0.9997391222837724 0.022835614928636942
1701507897.0 -90.70912743467034 4.290118682109668 0.10761846565824129 0.002154764754623821 5.5521218501819515e-05 0.9997294856797101 0.023158354190849082
1701507898.0 -90.68752667509902 3.1449929904766734 0.0807752626452185 0.0017185226497545346 4.63820008057812e-05 0.9997176507241572 0.023699437950810524
1701507899.0 -90.66592591552771 1.9998672988436752 0.05393205963220282 0.0007588639994114067 2.3185409347751973e-05 0.9996679135452321 0.025758226180959624
1701507900.0 -90.6443251559564 0.8547416072106842 0.02708885661918714 -0.0007675708706993341 -2.3960999254721307e-05 0.9996786083522244 0.025339500069829393
1701507901.0 -90.62272439638508 -0.07504446625351235 0.12724505851389267 -0.0018491953961996383 -5.615893852670443e-05 0.9996711936392622 0.025575025521257722
1701507902.0 -90.60112363681378 -1.2201701578865105 0.10040185550087344 -0.0017882282021792993 -5.121474309614149e-05 0.9997239062452131 0.023428847576422766
1701507903.0 -90.57952287724245 -2.3652958495195016 0.07355865248785776 -0.00034021841426977564 -9.066409636228381e-06 0.9997548725657036 0.022137726856311157
1701507904.0 -90.55792211767114 -3.295081922983698 0.1737148543825633 0.0011517394600274835 2.0224366021614176e-05 0.9999003926270337 0.014066908384407995
1701507905.0 -90.76408131208558 -4.387843424602911 0.05808316695515714 0.0027923970058856443 2.653783189796425e-05 0.9999841172877836 0.004895608938349749
1701507906.0 -90.74248055251428 -5.532969116235908 0.031239963942141458 -0.003159037488485697 -4.327906532292232e-06 -0.9999809804202362 0.005297099319341585
1701507907.0 -90.94863974692873 -6.410390999686324 0.042607681422460075 -0.0015446050297144279 5.7691767499519846e-06 -0.9999160785876728 0.012862734696391378
1701507908.0 -91.15479894134317 -7.503152501305534 -0.07302400600494252 -0.0001745308950661914 8.407430690157254e-07 -0.9998682556480518 0.01623086213304297
1701507909.0 -91.13319818177186 -8.64827819293853 -0.09986720901796531 0.0012565301988487897 -1.6361065352441162e-05 -0.9997302102795956 0.023193264506973527
1701507910.0 -91.11159742220056 -9.793403884571523 -0.126710412030981 0.0003926685032171347 -4.900426014891193e-06 -0.99981697182567 0.019127692928838584
1701507911.0 -91.08999666262923 -10.723189958035718 -0.026554210136275458 -0.001509600333875788 1.81280911283414e-05 -0.9998856891624412 0.015044247616748883
1701507912.0 -91.06839590305792 -11.868315649668716 -0.05339741314929114 -0.003682217063869415 5.556285655105812e-05 -0.9998644487842929 0.0160474997287928
1701507913.0 -90.81903518950085 -13.065805531315492 0.008547868252080093 -0.0033945850342998792 2.2395461483826852e-05 -0.9999550880973151 0.008848620185037894
1701507914.0 -90.79743442992954 -13.99559160477969 0.10870407014678563 -0.002556892145068983 8.01035121506713e-06 -0.9999744477504541 0.006675783442210461
1701507915.0 -90.77583367035822 -15.140717296412681 0.08186086713376994 0.00032288548297502675 5.325374779195622e-07 -0.999997151376589 0.002364948918847939
1701507916.0 -90.7542329107869 -16.285842988045676 0.055017664120747156 -0.002591754608164833 -1.7099027792327945e-05 0.9999946963665165 0.0019722460578856667
1701507917.0 -90.50487219722983 -17.483332869692454 0.11696294552211839 -0.003830774089776052 -4.051850262080924e-05 0.9999809752724703 0.004834523890015672
1701507918.0 -90.48327143765853 -18.41311894315665 0.21711914741683103 -0.0038479530988317838 -6.13220277541829e-05 0.9999600852164945 0.00806334114242827
1701507919.0 -90.46167067808722 -19.558244634789645 0.19027594440381534 -0.0018932489485550697 -4.045123956540448e-05 0.9999396605869273 0.010820774344593106
1701507920.0 -90.21230996453014 -20.755734516436423 0.2522212258051866 0.000366339288141801 1.1480640803617341e-05 0.9998275114590429 0.018569140888529987
1701507921.0 -89.98455001054437 -21.669457179125395 -0.16698790941132557 0.001927336416755198 6.945965202217879e-05 0.9997486083280894 0.022338323476525018
1701507922.0 -89.7351892969873 -22.651607442603375 0.021956776897766872 0.0022496895744147307 8.958997692439163e-05 0.999657299575971 0.02608091783147292
1701507923.0 -89.71358853741597 -23.58139351606757 0.1221129787924724 0.0026051715193431972 0.00014608515306156197 0.9992149752232674 0.039530052239376744
1701507924.0 -89.25806862944445 -24.33214075060153 -0.08130826710192451 0.0026979453223970064 0.00019876389285386378 0.9983546983500344 0.057276329023113894
1701507925.0 -89.00870791588738 -25.314291014079508 0.10763641920716793 0.002224154394302406 0.00020971575410321392 0.9966498995336082 0.08175565372609651
1701507926.0 -88.55318800791586 -26.065038248613465 -0.09578482668722899 0.0023606577008477778 0.00024796950952540663 0.9949927746323783 0.0999186881204056
1701507927.0 -88.30382729435877 -27.047188512091445 0.09315985962187057 0.0005202814055830872 5.884626691103096e-05 0.9935697483336514 0.11322049744008642
1701507928.0 -88.0544665808017 -28.24467839373822 0.1551051410232418 -0.00036356088003477115 -4.647327896593786e-05 0.9920894521357513 0.12553240467985013
1701507929.0 -87.59894667283018 -28.78008601010338 0.0786833000365661 -0.002564464312732387 -0.000375509140257726 0.9905648194646945 0.13702051289698006
1701507930.0 -87.57734591325887 -29.70987208356758 0.17883950193127163 -0.003537847212764267 -0.0005896208666264403 0.9888489740640681 0.1488786165867101
1701507931.0 -87.12182600528735 -30.460619318101532 -0.02458174396312529 -0.004450148860770443 -0.0007937739015287128 0.9876659669363983 0.15651039535347114
1701507932.0 -86.87246529173026 -31.442769581579512 0.16436294234596716 -0.003916472981094013 -0.000797242541538922 0.9834594813504288 0.18108416326576993
1701507933.0 -86.41694538375876 -32.19351681611347 -0.03905830354842976 -0.0008457867957502493 -0.0001761626961004024 0.9820259253004766 0.1887441009651518
1701507934.0 -85.96142547578722 -32.728924432478635 -0.11548014453510547 0.0025392326278839816 0.0005194054169764686 0.9820559440689334 0.1885720160430767
1701507935.0 -85.71206476223014 -33.71107469595661 0.07346454177399409 0.004180442250823364 0.00085667719033676 0.9815482349176989 0.19116708015955228
1701507936.0 -85.25654485425862 -34.246482312321774 -0.002957299212681619 0.003977201498941602 0.0008480287466968085 0.9804162877682235 0.19689430005527703
1701507937.0 -85.00718414070155 -35.22863257579975 0.18598738709641793 0.0034102267301595423 0.0007449837332023253 0.9798490880183751 0.19970873807233566
1701507938.0 -84.55166423273003 -35.979379810333704 -0.01743385879798609 0.0026745986548987704 0.0005958346048841794 0.9795434737373008 0.20121400190300054
1701507939.0 -84.30230351917295 -36.74619045564289 0.2985102324188418 0.0022430682840384143 0.0005256318725230232 0.978197597546926 0.2076635560449402
1701507940.0 -83.84678361120143 -37.49693769017684 0.09508898652443776 0.0019886433059267817 0.0005009151597980424 0.9751163477998218 0.2216842408366944
1701507941.0 -83.16350374924414 -38.08470949655579 0.10745562995215607 0.0018894304182474643 0.0005011674648873498 0.9718955033223705 0.23540456560063322
1701507942.0 -82.70798384127262 -38.620117112920944 0.031033788965487474 0.0028022366783376383 0.0007694974075881378 0.9689641881670519 0.24718405570162527
1701507943.0 -82.02470397931533 -39.20788891929989 0.043400432393198685 0.0026852838802824443 0.0007664435904202049 0.9653004365767486 0.2611269211694639
1701507944.0 -81.56918407134381 -39.743296535665046 -0.03302140859347702 0.002629014592474443 0.0007725147983826838 0.9621811035627459 0.27239679779677173
1701507945.0 -81.09206340380098 -40.56247137098801 0.37171116703773777 0.002330139921996039 0.0007059520217901154 0.959019891900254 0.2833282884205385
1701507946.0 -80.63654349582944 -41.31321860552197 0.16828992114334085 0.0013093469594405098 0.0004034083213115103 0.9569191376550421 0.29035131627357363
1701507947.0 -79.95326363387215 -42.116330030069705 0.05365715966332374 -0.0008331405470062697 -0.0002596539491059341 0.9556076983738472 0.29464073931704343
1701507948.0 -79.26998377191487 -42.70410183644865 0.06602380309104205 -0.0027445990678357283 -0.0009003884085513467 0.9511360864864382 0.3087584840290763
1701507949.0 -78.58670390995759 -43.291873642827596 0.07839044651876037 -0.005344839625598585 -0.0019252621505491793 0.9426058679125408 0.3338591077563619
1701507950.0 -78.13118400198607 -43.82728125919275 0.0019686055320846663 -0.007098685920302639 -0.002692355914188512 0.9370997710954868 0.34897905222322795
1701507951.0 -77.44790414002878 -44.1997134474029 0.1413346538675242 -0.006671377195464008 -0.0026595853927402348 0.9312163540701972 0.36439610486949997
1701507952.0 -76.7646242780715 -44.78748525378184 0.1537012972952425 -0.004803506639650082 -0.0019483533476336555 0.9289263809091565 0.3702281851699199
1701507953.0 -76.0813444161142 -45.15991744199198 0.29306734563067494 -0.002245237698490434 -0.00091891711548351 0.9277488523054035 0.3731972421455157
1701507954.0 -75.41966531372825 -45.46392202941312 -0.17572042755949013 0.0008628947097449755 0.00035679646760878 0.926235749411599 0.37694358280906454
1701507955.0 -74.73638545177096 -45.83635421762327 -0.036354379224050604 0.0016630967054644243 0.0007051550202137904 0.9224017987685673 0.38622746988563267
1701507956.0 -74.05310558981367 -46.424126024002206 -0.023987735796332288 0.000921321028432698 0.00039788013239548567 0.919158924417653 0.39388559826724573
1701507957.0 -73.36982572785638 -47.011897830381145 -0.011621092368621078 -0.0007104725187276838 -0.00031376315692831767 0.9158971656065985 0.40141223052528
1701507958.0 -72.45878591191334 -47.86737344494267 -0.03746536943423706 -0.0016012552231507728 -0.0007160243565634229 0.9136257110965765 0.4065525591041165
1701507959.0 -71.77550604995605 -48.45514525132161 -0.02509872600652585 -0.0005724776582996167 -0.000258946795446273 0.9108240358610867 0.41279435668818143
1701507960.0 -71.09222618799876 -49.04291705770055 -0.012732082578807535 0.0007044038300187325 0.00032716014850195894 0.9059790204754804 0.42332187663735327
1701507961.0 -70.40894632604147 -49.630688864079495 -0.0003654391510963251 0.00261520486621494 0.0012670280854942895 0.8990693144069807 0.43779666882595175
1701507962.0 -69.49790651009843 -50.27082486047222 0.1007896886910089 0.00368774212918399 0.0018347845952696976 0.8941075739922539 0.4478333174889557
1701507963.0 -68.58686669415539 -50.910960856864946 0.20194481653311414 0.0034391297308630823 0.001765652097555489 0.88932991695296 0.45724977164762576
1701507964.0 -67.9035868321981 -51.498732663243885 0.21431145996082535 0.0032393281548763046 0.0017333108294726026 0.8831423197434389 0.4690907646339361
1701507965.0 -66.78638782184059 -51.907465630692585 -0.0768993444005659 0.0015706631946243068 0.0008744711760389618 0.8781903650843671 0.4783079039596536
1701507966.0 -66.10310795988332 -52.49523743707152 -0.06453270097284758 0.0008996861747567583 0.0005186387795337502 0.8737547699931482 0.4863656273759731
1701507967.0 -65.19206814394026 -53.13537343346425 0.036622426869250546 -0.00013476902489511106 -8.069275048361746e-05 0.8676352842478968 0.4972011553225327
1701507968.0 -64.28102832799722 -53.560169811688176 0.2647769596190841 -0.0007406017554819251 -0.00046157597871781007 0.8588076298022241 0.5122974657853984
1701507969.0 -63.163829317639724 -53.96890277913688 -0.026433844742307144 -0.0005739378441165329 -0.0003659485950123709 0.8519735850246649 0.523584326634399
1701507970.0 -62.480549455682436 -54.341334967347024 0.11293220359312528 -0.0010299314594999838 -0.0006732496546616888 0.8434939418615557 0.5371372785600956
1701507971.0 -61.5911103993107 -54.26702450844435 -0.013068275367203341 -0.0006537382603631564 -0.00043528894103450356 0.8345736979496815 0.5508957486134909
1701507972.0 -60.68007058336765 -54.691820886668275 0.2150862573826302 -0.0011386253699327456 -0.000777591467857562 0.8253394451144632 0.5646351912712544
1701507973.0 -59.790631526995924 -54.8328500459344 -0.03791362648541963 -0.0008874571709146773 -0.0006191677776606922 0.8194717837232708 0.5731185084539093
1701507974.0 -58.87959171105287 -55.257646424158324 0.19024090626440682 -2.1362735201686816e-05 -1.5133498663003299e-05 0.8157743335458193 0.5783703277680183
1701507975.0 -57.99015265468114 -55.39867558342445 -0.06275897760365012 0.0010732088233301252 0.0007795458815153893 0.8098720188575107 0.5866051087424146
1701507976.0 -57.079112838738084 -55.823471961648366 0.16539555514618343 0.0013601747192848138 0.0010080017935330337 0.80487710676681 0.5934391096479962
1701507977.0 -56.189673782366356 -55.7491615027457 0.039395076185854805 0.0012887973373711295 0.0009723074828818004 0.7992852212746226 0.6009496889686851
1701507978.0 -55.50639392040907 -56.12159369095584 0.17876112452129433 0.0011210881191143632 0.0008612520018219872 0.7930070931659996 0.6092107612270404
1701507979.0 -54.61695486403733 -56.262622850221966 -0.0742387593467626 0.0007280685416335547 0.0005706016918836565 0.786670766172764 0.6173720515046535
1701507980.0 -53.47815509410852 -56.73978341845967 0.24270425781745075 0.000399867698279566 0.0003243441386791264 0.7767118387844961 0.6298558997093783
1701507981.0 -52.360956083751034 -56.71783714957078 0.20549226327150905 0.00020642849627268978 0.00017484739960935003 0.7638072955751036 0.6454442981713517
1701507982.0 -51.24375707339354 -56.69589088068189 0.16828026872556734 0.0001253186078311016 0.00010856778942572727 0.7554018798600539 0.6552617586981392
1701507983.0 -50.3543180170218 -56.621580421779214 0.04227978976524582 0.00041869599406655603 0.0003696239545122271 0.7488284043820449 0.6627636900603696
1701507984.0 -49.2371190066643 -56.59963415289032 0.0050677952193041165 0.0008008572435454653 0.0007146793764129374 0.745818670764975 0.666148150338519
1701507985.0 -48.119919996306805 -56.79302750217022 -0.1591436042343659 0.000855462469578097 0.0007714251563883037 0.7439379553117604 0.6682477023782039
1701507986.0 -47.20888018036376 -57.00248426222535 0.19601033342318885 0.001180101488240606 0.0010888710243183988 0.7401056661389761 0.6724886799562891
1701507987.0 -46.09168117000626 -57.19587761150526 0.03179893396952593 0.0011704056710741737 0.0011119941471070198 0.7333493504579687 0.6798500745035316
1701507988.0 -44.974482159648765 -57.17393134261636 -0.0054130605764157735 0.0005898853299013585 0.0005825188427493427 0.7212040350226029 0.6927222044760882
1701507989.0 -43.85728314929126 -57.15198507372747 -0.04262505512235748 0.001219435764747891 0.00123643118567189 0.7103993047075523 0.7037967121870954
1701507990.0 -42.94624333334822 -57.3614418337826 0.3125288825351973 0.0017024453715315945 0.0017649054100780778 0.6989251311832463 0.7151906373751914
1701507991.0 -42.056804276976486 -57.28713137487992 0.18652840357486866 0.0017753704687090825 0.0018882648184327278 0.6880356695688652 0.7256722400068765
1701507992.0 -40.93960526661899 -57.04984548782224 0.2763158139366553 0.00130587357279488 0.0014310418125964021 0.6775231997169797 0.7354988515686536
1701507993.0 -40.050166210247255 -56.97553502891955 0.15031533497632665 0.0011077988765160873 0.0012453778581679117 0.6681173593462459 0.7440540410184188
1701507994.0 -38.93296719988976 -56.73824914186187 0.24010274533810616 0.0007745757890404997 0.0008876626734123851 0.6597520436601595 0.7514824369029314
1701507995.0 -37.815768189532264 -56.716302872972975 0.20289075079216445 0.0006561530743981534 0.0007708409362089642 0.6504690490654713 0.7595320871926712
1701507996.0 -36.69856917917477 -56.47901698591529 0.29267816115395107 -0.00013379728397736073 -0.00016113099435576922 0.6413558861816977 0.767243496808659
1701507997.0 -35.809130122803026 -56.18936690884381 0.29367708710135076 -0.00013227274065445984 -0.000162384828791225 0.634244853398656 0.7731322151303791
1701507998.0 -34.69193111244554 -56.167420639954926 0.2564650925554055 -0.00014673447468780022 -0.0001843516282577828 0.626304463116806 0.779578516868853
1701507999.0 -33.368572907673595 -55.6987317239532 -0.0461134292863008 -0.00024108047886858768 -0.00030998833897810554 0.6187854649304723 0.785559923989387
1701508000.0 -32.47913385130185 -55.40908164688173 -0.04511450333890821 0.0004125493408591782 0.0005414111787332429 0.6121619426927878 0.7907321244236691
1701508001.0 -31.361934840944357 -55.38713537799284 -0.08232649788484636 0.001123747408194241 0.0015024722034481838 0.6050844990961516 0.7961590473784743
1701508002.0 -30.472495784572626 -55.09748530092136 -0.08132757193745022 0.0012439946076616614 0.0017065680868983807 0.596279570408086 0.8027740740810763
1701508003.0 -29.35529677421513 -54.860199413863675 0.008459838424332844 0.000921725198027512 0.001293428491908383 0.5880315340416505 0.8088364435644692
1701508004.0 -28.465857717843395 -54.57054933679221 0.00945876437172899 0.0008801920003457832 0.0012586569570315037 0.5798849206933187 0.8146969496673045
1701508005.0 -27.576418661471664 -54.06555964155193 0.1374570952268499 0.0003772077385470653 0.0005560875790773875 0.568619147637564 0.8226006402993232
1701508006.0 -26.68697960509993 -53.77590956448046 0.13845602117424605 0.00030406302378842336 0.000458041763086457 0.5596919247096347 0.8287005775056787
1701508007.0 -25.569780594742433 -53.53862367742276 0.22824343153603266 0.0004379162165711475 0.0006729039383685356 0.5517985387321848 0.8339770548898229
1701508008.0 -24.680341538370698 -53.0336339821825 0.35624176239115357 -7.983116535520041e-05 -0.00012504237356854078 0.5435627224624526 0.8393685392845007
1701508009.0 -23.584743287584512 -52.512580876167 -0.0351252438649432 -0.00039746105871453496 -0.0006366020719608004 0.5357161298542039 0.844397812039173
1701508010.0 -22.695304231212777 -52.22293079909553 -0.03412631791755061 -0.000577517347379966 -0.0009459211782036302 0.5288898332405899 0.8486897642846761
1701508011.0 -21.805865174841045 -51.71794110385527 0.0938720129375703 -0.0006578273981074869 -0.0011114618050839479 0.5179146287154315 0.8554313352212011
1701508012.0 -20.91642611846931 -51.212951408614984 0.22187034379269477 -8.359887197157258e-05 -0.00014318850154462512 0.5117880012851697 0.8591117588817027
1701508013.0 -19.82082786768313 -50.4765586844307 -0.04249725755568079 0.00037157579939834225 0.0006520497807075362 0.5011934678294485 0.8653349320162687
1701508014.0 -18.931388811311393 -49.97156898919042 0.08550107329944368 0.0002527139621803103 0.0004585752691151213 0.48836990868055735 0.8726365555829758
1701508015.0 -18.041949754939658 -49.466579293950154 0.21349940415456103 6.593972282892717e-05 0.00012307504845991145 0.47677524703530233 0.879025223937807
1701508016.0 -17.380270652553683 -48.9092254086961 0.25270925059529503 -0.00017344927480051936 -0.000332753274519237 0.4658307056507049 0.8848737835779595
1701508017.0 -16.2846724017675 -48.17283268451182 -0.011658350753076974 -0.00013832853489484465 -0.0002723128723600388 0.4580367826045458 0.8889331878674528
1701508018.0 -15.622993299381529 -47.61547879925776 0.02755149568765347 0.0002322618170431758 0.0004692654605537036 0.45036329379847034 0.8928452438375692
1701508019.0 -14.733554243009795 -47.11048910401749 0.15554982654277794 0.00014668597924980984 0.0003071058330339184 0.4412395752831748 0.8973892808436895
1701508020.0 -13.865715946209374 -46.321732189819414 -0.1976062592199881 0.0007250645398376835 0.0015875932951123722 0.42824851228386335 0.9036593194094775
1701508021.0 -12.976276889837639 -45.60140287641034 0.05739147654286114 0.0010753252525003791 0.002472842625225773 0.4106537177611408 0.9117873945245709
1701508022.0 -12.54235774143743 -44.776345182973714 0.13481224347692944 0.0014263377900709216 0.0034141211766048536 0.39536645871519477 0.9185160165506676
1701508023.0 -11.880678639051457 -44.21899129771966 0.17402208991766344 0.0014685012707796625 0.003632660003612905 0.38135789170534956 0.9244191720855679
1701508024.0 -11.012840342251033 -43.21489476535279 -0.05213459093737427 0.0011900102608396403 0.0030578153335973127 0.3646066677204102 0.9311558470496671
1701508025.0 -10.351161239865062 -42.44220126192994 0.1140746604110845 0.0004657198604663907 0.0012606270227886731 0.34880072843462934 0.9371959484376748
1701508026.0 -9.68948213747909 -41.66950775850709 0.28028391175954326 -0.00010694180390380529 -0.0003046617292834493 0.33630640451952837 0.9417525673040815
1701508027.0 -9.255562989078879 -41.05978968323925 0.2307052737858868 -0.0005222223951511719 -0.0015644778010206627 0.32553470524904843 0.9455286539134578
1701508028.0 -8.387724692278457 -40.05569315087238 0.004548592930852635 -0.0005136863482635399 -0.001658888783751321 0.30904141835766685 0.9510469946084791
1701508029.0 -7.953805543878247 -39.01529583926695 0.2089687647726457 -0.00039248405572730175 -0.0013672234175874723 0.28792855754109015 0.9576508353302363
1701508030.0 -7.5198863954780375 -38.19023814583032 0.286389531706714 -0.0001250888282588431 -0.00045433345499675833 0.27401792960887633 0.9617244679151932
1701508031.0 -6.8798080526633765 -37.133777423449665 -0.028555633562710625 -0.00015651135487516416 -0.0006085131945317596 0.25313320058087196 0.9674312316539981
1701508032.0 -6.673648858248928 -36.04101592183045 0.08707605386469375 -0.00012050904554467168 -0.0005005705408479555 0.2349724303677037 0.9720018991101809
1701508033.0 -6.239729709848717 -35.215958228393816 0.16449682079876382 4.2540788419078195e-05 0.0001872137449627221 0.22025479592185332 0.9754423550444781
1701508034.0 -6.033570515434269 -34.33853634494341 0.15312910331844698 -5.390364985495337e-06 -2.5619000808065437e-05 0.20560641160246215 0.9786347647731352
1701508035.0 -5.599651367034059 -33.51347865150677 0.23054987025251528 0.00012496114794520834 0.0006335660524967044 0.19403741954241427 0.9809939157793436
1701508036.0 -4.959573024219399 -32.24167831095732 0.04260410989081542 0.00019116000452206106 0.0010296018883653086 0.1855807494554118 0.9826284591896225
1701508037.0 -4.75341382980495 -31.364256427506902 0.03123639241049503 0.00018469615709478714 0.001066225256057828 0.1753924086149912 0.9844980101814654
1701508038.0 -4.3194946814047395 -30.539198734070272 0.1086571593445651 0.0002131141196261071 0.0013092178320956473 0.1641608830623188 0.9864326865038688
1701508039.0 -4.113335486990291 -29.66177685061986 0.09728944186424826 0.00011082305681378174 0.0007246125133417987 0.15346009795045723 0.9881545734306914
1701508040.0 -3.679416338590081 -28.621379539014427 0.3017096137060413 -2.572491361607486e-05 -0.0001814450322679326 0.1389397587648645 0.9903008178580336
1701508041.0 -3.4732571441756317 -27.74395765556401 0.2903418962257227 -8.3099914048692e-05 -0.0006404027136553537 0.12556696426338962 0.9920849361140633
1701508042.0 -3.267097949761183 -27.081875390282395 0.15197477383767932 -9.158532206006175e-05 -0.0007800399374600895 0.114494990046365 0.9934235151254008
1701508043.0 -3.0609387553467347 -26.204453506831978 0.14060705635735893 -8.417165886283708e-05 -0.0007984268625567105 0.10537891929632703 0.9944318170682268
1701508044.0 -2.854779560932286 -25.327031623381565 0.1292393388770403 -6.452535362740196e-05 -0.0006863787297217874 0.09580229548089805 0.9954001431089453
1701508045.0 -2.6486203665178367 -24.44960973993115 0.11787162139672169 -4.525054465975959e-05 -0.000539156485334665 0.08942449024180985 0.9959934577132848
1701508046.0 -2.442461172103388 -23.572187856480735 0.1065039039164013 4.479277046310173e-05 0.0005917189631555756 0.08277340221777892 0.996568217307561
1701508047.0 -2.2363019776889397 -22.69476597303032 0.09513618643608446 9.328186252390771e-05 0.001130622112896576 0.08653843621442442 0.9962478667729703
1701508048.0 -1.802382829288729 -22.08504789776249 0.04555754846242799 0.0001542638577446873 0.002193695653490119 0.07566599750442801 0.9971307941908634
1701508049.0 -1.5962236348742804 -21.207626014312073 0.034189830982107594 0.000116809796008772 0.001977500493007954 0.06708354170271423 0.9977453955192637
1701508050.0 -1.390064440459831 -20.330204130861656 0.022822113501789865 7.483311484221678e-05 0.0014729028815398172 0.058409024712497405 0.9982916461581963
1701508051.0 -1.1839052460453825 -19.452782247411243 0.011454396021470359 4.968242416585827e-05 0.001133375279762026 0.04977363744020859 0.9987598800553127
1701508052.0 -0.977746051630934 -18.57536036396083 8.667854115174123e-05 -2.0157444856569943e-06 -6.105325745879765e-05 0.04065496506761798 0.9991732432785554
1701508053.0 -0.771586857216485 -17.697938480510413 -0.011281038939166876 -2.4288724474449472e-05 -0.0015444248246783928 0.026037337496654878 0.9996597777334567
1701508054.0 -0.7931876167877987 -16.768152407046216 -0.11143724083387507 -1.2125183102100043e-05 -0.0016580177046135742 0.018377257062295264 0.9998297491338901
1701508055.0 -0.5870284223733502 -15.675390905427003 0.004194446593531076 4.590585535458545e-07 -0.0011955500576249511 0.009145390793471824 0.9999574653389431
1701508056.0 -0.608629181944663 -14.745604831962806 -0.09596175530117623 -5.407715839121766e-07 -0.0002356188372547799 0.00992203377445392 0.999950747651728
1701508057.0 -0.40246998753021446 -13.868182948512391 -0.10732947278149485 5.0385760353154045e-06 0.0009511909024036264 0.010131458483598563 0.9999482230393107
1701508058.0 -0.1963107931157655 -12.77542144689318 0.00830221464591041 -5.224712794598956e-06 0.0020158472601249353 0.0016318788747956706 0.999996636646276
1701508059.0 0.00984840129868303 -11.897999563442765 -0.0030655028344073187 -9.65275414708492e-06 0.0022078185964222595 0.0007068565692195575 0.9999973128952198
1701508060.0 -0.01175235827262977 -10.75287387180977 0.02377770017861014 -3.456091185789096e-05 0.0027050363382250266 -0.008866124259885614 0.9999570357893186
1701508061.0 -0.033353117843943236 -9.823087798345574 -0.07637850171609806 -4.382309479893826e-05 0.0023819690238718505 -0.01687648329408481 0.999854743757677
1701508062.0 -0.05495387741525648 -8.67796210671258 -0.049535298703080155 -5.438246770106049e-05 0.002311919448818322 -0.026656674558090267 0.9996419727945168
1701508063.0 -0.0765546369865695 -7.532836415079585 -0.022692095690062253 -6.372000997548624e-05 0.0020585011248821514 -0.037393604229942534 0.9992984923813172
1701508064.0 -0.09815539655788275 -6.603050341615387 -0.12284829758477 -6.266127861393057e-05 0.0017092735529457915 -0.04418600725978249 0.9990218572283209
1701508065.0 0.108003797856566 -5.510288839996175 -0.007216610157363412 -6.656373507851092e-05 0.001403411844103596 -0.053128926538071816 0.998586672837855
1701508066.0 -0.11975615612919588 -4.811905795476 0.2849931201514242 -7.91106387224832e-05 0.001533850318576567 -0.054801983946886644 0.9984960608836632
1701508067.0 -0.14135691570050912 -3.6667801038430055 0.3118363231644421 -8.024270244155656e-05 0.001498836150029763 -0.05387833048263879 0.9985463797719701
1701508068.0 -0.1629576752718223 -2.7369940303788085 0.21168012126973423 -6.27096526843227e-05 0.0010365755621974298 -0.05857458014258387 0.9982824951584212
1701508069.0 0.04320151914262638 -2.0749117650971916 0.07331299888168985 -5.387932322997305e-05 0.0009147122566667907 -0.05834807987136509 0.9982958789726775
1701508070.0 0.02160075957131319 -1.1451256916329946 -0.02684320301301779 -4.876640736465481e-05 0.0007314143025165788 -0.06793691732388367 0.9976893494066594
1701508071.0 0.02160075957131319 -0.7144464552953991 0.22715560680243307 -5.733657813816516e-05 0.0007833024269444029 -0.07573575921097116 0.9971276136616429
1701508072.0 0.0 -0.21533961816879774 -0.12699940490772543 -4.942847395088762e-05 0.000696379633988319 -0.07591849884864936 0.9971137819450692
1701508073.0 0.0 -0.21533961816879774 -0.12699940490772543 -2.3341268285124486e-05 0.00032204115250542676 -0.079389935465911 0.9968435854693553
1701508074.0 0.0 -0.21533961816879774 -0.12699940490772543 -4.738772602271056e-05 0.0006702786562664348 -0.07574446271730362 0.9971270354616776
1701508075.0 0.0 -0.21533961816879774 -0.12699940490772543 -7.973554955860854e-05 0.0012890796996299029 -0.06382685172545519 0.9979601519672952
1701508076.0 0.0 -0.21533961816879774 -0.12699940490772543 -0.00011779909616969763 0.001881270071102513 -0.06247686540743301 0.9980446323863247
1701508077.0 0.0 -0.21533961816879774 -0.12699940490772543 -0.0001367774712089449 0.0020024614889647056 -0.06750146592114098 0.9977171560810236
1701508078.0 0.0 -0.21533961816879774 -0.12699940490772543 -0.00013878123251163813 0.0019410860715847315 -0.07096633600005553 0.9974768128028638
1701508079.0 0.0 -0.21533961816879774 -0.12699940490772543 -0.000130613595249948 0.0017754369070776888 -0.07373415370220446 0.9972763435185342
1701508080.0 0.0 -0.21533961816879774 -0.12699940490772543 -0.0001253601498680544 0.0016183073636908206 -0.07805009632021707 0.9969481169200904
1701508081.0 0.0 -0.21533961816879774 -0.12699940490772543 -0.00012533265095283726 0.0015220108401784536 -0.0831472775664635 0.9965360997013678
1701508082.0 0.0 -0.21533961816879774 -0.12699940490772543 -0.00012758576600525922 0.0014605139146911064 -0.08824227401972219 0.9960979629016443
1701508083.0 0.0 -0.21533961816879774 -0.12699940490772543 -0.00013986296727150382 0.0015119806720389703 -0.0931351102251672 0.9956523216445305
1701508084.0 0.0 -0.21533961816879774 -0.12699940490772543 -0.0001484015465898871 0.0015199349499190147 -0.09807781478931624 0.9951775771292687
1701508085.0 0.0 -0.21533961816879774 -0.12699940490772543 -0.0001641063763550109 0.0015972941893676066 -0.1030528104564927 0.9946745899928218
1701508086.0 0.0 -0.21533961816879774 -0.12699940490772543 -0.00017031725459928565 0.0015790904461572214 -0.10806862370728965 0.9941421679193614
1701508087.0 0.0 -0.21533961816879774 -0.12699940490772543 -0.0001742809436055571 0.0015435345060144153 -0.11299498695526906 0.9935943438095649
1701508088.0 0.0 -0.21533961816879774 -0.12699940490772543 -0.00018401464965535642 0.0015599800600308979 -0.11803120686671713 0.9930086438729561
1701508089.0 0.0 -0.21533961816879774 -0.12699940490772543 -0.00018849550510036142 0.001533071239628622 -0.12295182122640136 0.9924114387788615
1701508090.0 0.0 -0.21533961816879774 -0.12699940490772543 -0.00019951096807151137 0.0015580739881664656 -0.12796461665988534 0.9917774899058304
1701508091.0 0.0 -0.21533961816879774 -0.12699940490772543 -0.00020950652210085423 0.001574370230141708 -0.1328789958467739 0.9911309953422648
1701508092.0 0.0 -0.21533961816879774 -0.12699940490772543 -0.00021976505006913145 0.0015905920133447182 -0.13772960594417513 0.9904685645525718
1701508093.0 0.0 -0.21533961816879774 -0.12699940490772543 -0.0002189993410114953 0.0015290118606001758 -0.1426460279832507 0.9897725621892236
1701508094.0 0.0 -0.21533961816879774 -0.12699940490772543 -0.0002315867855341107 0.0015624525373118322 -0.14749850961049474 0.9890610167084295
1701508095.0 0.0 -0.21533961816879774 -0.12699940490772543 -0.00023385304510602765 0.001526810641341656 -0.15229570798325262 0.9883337652290843
1701508096.0 0.0 -0.21533961816879774 -0.12699940490772543 -0.00024812831993622673 0.0015687469334487562 -0.15710653076791029 0.9875803843006741
1701508097.0 0.0 -0.21533961816879774 -0.12699940490772543 -0.00025152150843258764 0.001541686367932206 -0.16186196414004414 0.986812172860064
1701508098.0 0.0 -0.21533961816879774 -0.12699940490772543 -0.0002589047204280316 0.0015404636548819594 -0.16651900842601036 0.9860370073039307
1701508099.0 0.0 -0.21533961816879774 -0.12699940490772543 -0.0002677695766734852 0.0015478044556047415 -0.1713786740286947 0.9852039802441865
1701508100.0 0.0 -0.21533961816879774 -0.12699940490772543 -0.0002735725931017716 0.0015379265140362767 -0.1760967353945726 0.9843716268378766
1701508101.0 0.0 -0.21533961816879774 -0.12699940490772543 -0.00027778528496994484 0.0015194319059022182 -0.18075067206975035 0.9835277366238089
1701508102.0 0.0 -0.21533961816879774 -0.12699940490772543 -0.0002817750353742535 0.0015009424041099733 -0.185366271751122 0.9826683128461089
1701508103.0 0.0 -0.21533961816879774 -0.12699940490772543 -0.0002953132198248904 0.0015339002667933979 -0.1899263544404928 0.9817970970770988
1701508104.0 0.0 -0.21533961816879774 -0.12699940490772543 -0.00031101651136973383 0.0015752931028235008 -0.19458506468183517 0.9808843327952261
1701508105.0 0.0 -0.21533961816879774 -0.12699940490772543 -0.0003130418412923055 0.0015481909366052132 -0.19912823109041167 0.9799721693458611
1701508106.0 0.0 -0.21533961816879774 -0.12699940490772543 -0.000311366906512369 0.0015039966564076642 -0.2036329577848436 0.9790460967434083
1701508107.0 0.0 -0.21533961816879774 -0.12699940490772543 -0.00033091197905306613 0.0015623149615648937 -0.20804798926259252 0.9781173159866945
1701508108.0 0.0 -0.21533961816879774 -0.12699940490772543 -0.00035068662786805465 0.0016205519485384776 -0.21247585874554195 0.9771649094603303
1701508109.0 0.0 -0.21533961816879774 -0.12699940490772543 -0.00034483236521406455 0.0015593015798463124 -0.21681419454201298 0.9762115829646364
1701508110.0 0.0 -0.21533961816879774 -0.12699940490772543 -0.0003519318576625941 0.0015577145902162203 -0.2212758920915028 0.9752099411143903
1701508111.0 0.0 -0.21533961816879774 -0.12699940490772543 -0.00036084943253444386 0.0015646300895698836 -0.2257329766854571 0.9741878899663519
1701508112.0 0.0 -0.21533961816879774 -0.12699940490772543 -0.00036786389358899697 0.0015629957728482298 -0.23011737489649764 0.9731615567268954
1701508113.0 0.0 -0.21533961816879774 -0.12699940490772543 -0.00038521161027038744 0.0016037203731314163 -0.23440378759601996 0.9721379243983952
1701508114.0 0.0 -0.21533961816879774 -0.12699940490772543 -0.00042735557890894094 0.0018358706154464849 -0.2262599047897146 0.9740651428065998
1701508115.0 0.0 0.21533961816879774 0.12699940490772543 -0.00020205368539472798 0.0019793879270262227 -0.09932823559117786 0.9950527336840426
1701508116.0 -0.02160075957131319 0.9297860734641968 -0.10015620189470764 -0.00010476140710622138 0.001707210462192224 -0.05752037999979788 0.9983428671264017
1701508117.0 -0.02160075957131319 1.3604653098017923 0.15384260792074317 -4.089384650437742e-05 0.0012647023400249435 -0.031515401910296476 0.9995024653787088
1701508118.0 -0.04320151914262638 2.0749117650971916 -0.07331299888168985 -5.7151145937455165e-06 0.0005148403965192347 -0.01267074979825354 0.9999195902702646
1701508119.0 -0.04320151914262638 2.505591001434787 0.18068581093376102 2.437841860989123e-06 0.00046250581154404176 0.0022863790844552334 0.9999972792728554
1701508120.0 -0.06480227871393962 3.220037456730186 -0.04646979586867195 8.744444245616394e-06 0.0007329860702004537 0.008770165031491528 0.9999612726802353
1701508121.0 -0.06480227871393962 3.866056311236579 0.33452841885450413 3.911918563881864e-05 0.0014655540631476017 0.02767735710044417 0.9996158334704948
1701508122.0 0.14135691570050912 4.528138576518196 0.19616129646645963 5.282484321410664e-05 0.0015349804001666995 0.039957355001595855 0.9992002055774326
1701508123.0 0.11975615612919588 5.457924649982393 0.0960050945717521 5.163542341896671e-05 0.0016747195203057324 0.03763780932452795 0.9992900419585706
1701508124.0 0.09815539655788275 6.38771072344659 -0.004151107322955205 9.041610561649139e-05 0.0022409229802229052 0.04460442883079301 0.9990022097161764
1701508125.0 0.3043145909723315 7.265132606897005 -0.015518824803274711 0.00011808807368730566 0.0023182802805941133 0.05205694593030799 0.9986414201364555
1701508126.0 0.28271383140101825 8.41025829853 0.011324378209743191 8.343035104913685e-05 0.001647223845264417 0.05070617337790366 0.9987122526906086
1701508127.0 0.2611130718297052 9.340044371994196 -0.08883182368496412 6.988770310831153e-05 0.00158671053230055 0.04644389322583378 0.9989196375321805
1701508128.0 0.46727226624415374 10.432805873613407 0.02679986374244203 4.565683031998898e-05 0.0012383421250900515 0.04085547774133187 0.9991642979824502
1701508129.0 0.21791155268707874 11.414956137091387 -0.1621448225666544 4.954144743530454e-05 0.0014652387749713369 0.03654774121291756 0.9993308327241839
1701508130.0 0.1963107931157655 12.560081828724382 -0.13530161955363607 5.4334669660835836e-05 0.0017794054810386965 0.03202126659652383 0.9994856023222306
1701508131.0 0.1747100335444527 13.705207520357376 -0.10845841654061861 3.8627025061437214e-05 0.0012822349507199463 0.029535377255770965 0.9995629124131424
1701508132.0 0.153109273973139 14.850333211990371 -0.08161521352760115 1.9830489947609964e-05 0.000715310130162312 0.026142045641702884 0.9996579822058325
1701508133.0 -0.07465068001262276 15.548716256510547 0.21059451678118624 2.24044722030377e-05 0.00097712741518196 0.023481234664351834 0.999723800026133
1701508134.0 0.10990775483051296 16.925244977087562 -0.154928212409291 9.76688204757065e-06 0.00047986612643012046 0.023577209141411006 0.999721903752344
1701508135.0 0.08830699525919927 18.070370668720557 -0.12808500939627354 5.108435123067635e-06 0.00027047780151825593 0.023001409887779958 0.9997353959717727
1701508136.0 0.06670623568788647 19.21549636035355 -0.1012418063832552 1.5446720592844615e-05 0.0010296282355378144 0.019816906447137798 0.9998030955372966
1701508137.0 0.272865430102335 20.092918243803965 -0.1126095238635747 1.7074044266964442e-05 0.0015096126234031755 0.017679243910319192 0.9998425701644053
1701508138.0 0.02350471654525954 21.290408125450742 -0.17455480526494505 1.2685772386632954e-05 0.0019459995989148222 0.013709106487760544 0.9999041320666394
1701508139.0 0.0019039569739476292 22.435533817083737 -0.1477116022519276 9.319882260641033e-06 0.0020420124192124267 0.01142290763183738 0.999932671373255
1701508140.0 -0.22585599701181458 23.349256479772713 0.27149753296458634 6.831942851254832e-06 0.0023300023577211212 0.008464722460670369 0.9999614590152969
1701508141.0 -0.24745675658312827 24.27904255323691 0.17134133106987726 -1.2260814027133564e-07 0.0020071273194255273 0.0041102303040011995 0.9999895386686586
1701508142.0 -0.26905751615444107 25.4241682448699 0.1981845340828965 -4.7147044540346625e-06 0.0013177147220088485 0.00012217300085485145 0.9999991243393369
1701508143.0 -0.29065827572575476 26.569293936502895 0.22502773709591395 -2.7552417745097563e-06 0.0003926894144698535 -0.0027052564388052726 0.9999962636805363
1701508144.0 -0.31225903529706844 27.714419628135893 0.25187094010892963 1.7348405979052774e-06 -0.0001657971914647964 -0.004476754812277809 0.9999899655369711
1701508145.0 -0.33385979486838036 28.644205701600086 0.1517147382142241 1.0143342811970794e-05 -0.0006456921433381699 -0.00837748092903429 0.9999646997729732
1701508146.0 -0.35546055443969404 29.78933139323308 0.17855794122724156 5.623945749933435e-06 -0.0002879243931498107 -0.012042479738609934 0.9999274452427337
1701508147.0 -0.604821267996769 30.98682127487986 0.11661265982587032 -4.09531632065199e-06 0.0001832138076114882 -0.015157603140830199 0.9998851001404881
1701508148.0 -0.6264220275680827 32.13194696651286 0.14345586283888778 -1.6167266059339005e-05 0.0006804863280102169 -0.01856923135502692 0.9998273452571
1701508149.0 -0.6480227871393955 33.06173303997705 0.04329966094418225 -1.7818255887230775e-05 0.0006717154035609709 -0.023097372128745738 0.9997329942948131
1701508150.0 -0.6696235467107083 34.20685873161004 0.07014286395719793 -1.9065440776386657e-05 0.0006367597867786503 -0.027363341314323147 0.9996253506817434
1701508151.0 -0.9189842602677842 35.40434861325682 0.008197582555828475 -2.842926833509138e-05 0.0008547385215883377 -0.0305385007583599 0.9995332253533488
1701508152.0 -0.940585019839097 36.33413468672102 -0.09195861933887883 -1.316548714727348e-05 0.00034881746940564854 -0.03372209134910794 0.9994311875802582
1701508153.0 -0.9621857794104107 37.47926037835401 -0.06511541632586315 -1.9600866228869293e-05 0.0004795651127042682 -0.03410584171614423 0.9994181112997413
1701508154.0 -1.189945733396173 38.17764342287419 0.22709431398292423 -3.798572260464546e-05 0.0008631023602337324 -0.035771604560054446 0.9993596179146923
1701508155.0 -1.2115464929674857 39.10742949633838 0.12693811208821693 -3.8127357861011504e-05 0.000836889908722096 -0.035588457853007134 0.9993661790501167
1701508156.0 -1.2331472525387976 40.25255518797138 0.15378131510123616 -4.092183984188858e-05 0.0010201969833747572 -0.03078272803053014 0.9995255780511655
1701508157.0 -1.2547480121101113 41.39768087960438 0.18062451811425362 -4.631242807760067e-05 0.0012645155098107924 -0.025923939366523215 0.9996631173667483
1701508158.0 -1.276348771681425 42.327466953068566 0.08046831621954631 -3.5620535065164336e-05 0.0008632032071560601 -0.028811385275253332 0.9995844925217285
1701508159.0 -1.2979495312527387 43.472592644701564 0.10731151923256377 3.4001923887086913e-06 -8.720019377898837e-05 -0.02664802257611396 0.9996448745816425
1701508160.0 -1.3195502908240524 44.61771833633456 0.13415472224558123 5.4413786268092835e-06 -0.0001482531670766718 -0.027293558605686167 0.9996274504284223
1701508161.0 -1.341151050395366 45.76284402796755 0.16099792525859868 -1.1772663703032607e-05 0.00033140349250455247 -0.029936649139749555 0.9995517430685683
1701508162.0 -1.5905117639524384 46.960333909614334 0.09905264385722745 -3.821426231402119e-05 0.001063964582796872 -0.03235273977513447 0.9994759460577725
1701508163.0 -1.6121125235237521 47.89011998307853 -0.0011035580374816334 -6.738997653239149e-05 0.0018226226379538025 -0.032902186449461905 0.9994569123439767
1701508164.0 -1.6337132830950658 49.035245674711526 0.0257396449755376 -9.249121723347293e-05 0.0025814281249262033 -0.029125328660996545 0.9995724300442662
1701508165.0 -1.6553140426663795 50.18037136634452 0.052582847988556836 -8.366086589108025e-05 0.002293580727851033 -0.02868920216876114 0.9995857452801257
1701508166.0 -1.6769148022376932 51.11015743980871 -0.04757335390615225 -6.161298836300324e-05 0.0017267761895313944 -0.027267349398813583 0.9996266833696437
1701508167.0 -1.698515561809005 52.25528313144171 -0.020730150893136567 -3.438308834656915e-05 0.0010553640846570661 -0.02469388324258799 0.9996945019128861
1701508168.0 -1.7201163213803188 53.400408823074706 0.00611305211988622 -6.342763589038707e-06 0.00021807393172771933 -0.02239070190561106 0.9997492730038385
1701508169.0 -1.7417170809516325 54.5455345147077 0.0329562551329019 -2.5974581324484703e-05 0.0010643337279328063 -0.017923561162291383 0.99983879324334
1701508170.0 -1.535557886537184 55.422956398158114 0.02158853765257973 -2.368369667887726e-05 0.0011254879274426941 -0.014616601551011073 0.9998925380635194
1701508171.0 -1.5571586461084959 56.56808208979111 0.04843174066560252 -1.6150687486540162e-05 0.00117798634543489 -0.007548472287599435 0.9999708159008684
1701508172.0 -1.3509994516940473 57.66084359141033 0.16406342809300511 -5.114325725893782e-06 0.0006806591414012092 -0.0022601989298163642 0.9999972140850066
1701508173.0 -1.372600211265361 58.80596928304331 0.19090663110602435 -3.883872410564857e-07 0.0005934118070943824 0.002696529944757339 0.9999961882870021
1701508174.0 -1.1664410168509125 59.68339116649373 0.17953891362570573 2.91975471475187e-06 0.0012391800676091504 0.005881721258124827 0.9999819347264614
1701508175.0 -1.1880417764222262 60.828516858126726 0.20638211663872497 -3.984759257700098e-06 0.0007941147086427592 0.0006370451190046608 0.9999994817695994
1701508176.0 -1.209642535993538 61.97364254975972 0.23322531965174065 -8.242764070374123e-06 0.0007155374815373867 -0.006230782715053825 0.9999803324490573
1701508177.0 -1.2312432955648518 63.118768241392715 0.2600685226647599 -1.4100607821410947e-05 0.0010383749657728526 -0.011379294055828878 0.9999347144915983
1701508178.0 -1.4806040091219277 64.10091850487069 0.07112383635566388 -2.8587441390420625e-05 0.001937103305381004 -0.014110492186681728 0.9998985652673936
1701508179.0 -1.5022047686932414 65.24604419650369 0.09796703936867956 -4.197635901571593e-05 0.0023034500597049804 -0.016527472824703106 0.9998607578047238
1701508180.0 -1.5238055282645533 66.39116988813669 0.1248102423816988 -4.076701278576688e-05 0.0019543423916829226 -0.01727786626604297 0.9998488156822307
1701508181.0 -1.5454062878358652 67.32095596160089 0.024654040486989715 -2.410233306259164e-05 0.001352415038714302 -0.013229197951967728 0.9999115754476433
1701508182.0 -1.5670070474071789 68.46608165323387 0.05149724350000895 -2.301396175295079e-05 0.0012040569441392848 -0.011484005259893272 0.9999333314478638
1701508183.0 -1.5886078069784926 69.61120734486687 0.07834044651302818 -1.5065014664998729e-05 0.0007939817970975528 -0.009913304627874172 0.9999505466558365
1701508184.0 -1.6102085665498063 70.75633303649985 0.10518364952604387 -2.1988687002268194e-05 0.000994594410557767 -0.014180316721059504 0.9998989593534672
1701508185.0 -1.63180932612112 71.68611910996405 0.0050274476313347805 -2.7691271032005585e-05 0.0011428549822610867 -0.018918226327258238 0.9998203807826253
1701508186.0 -1.6534100856924319 72.83124480159705 0.031870650644354015 -3.007546115802585e-05 0.0012475476376366018 -0.023699333609565772 0.9997183524907507
1701508187.0 -1.6750108452637456 73.97637049323005 0.05871385365737325 -3.460481466746658e-05 0.0013434574745110836 -0.028994555444787445 0.9995786660784034
1701508188.0 -1.9243715588208214 74.95852075670803 -0.1302308326517263 -4.264931909416912e-05 0.0014567251473355178 -0.03449827682359668 0.9994036947245508
1701508189.0 -2.152131512806582 75.65690380122821 0.16197889765706108 -3.0937313504008e-05 0.0007847885434196528 -0.04368040241021928 0.9990452470209275
1701508190.0 -2.401492226363656 76.63905406470619 -0.026965788652031364 -4.9923104309276924e-05 0.000949893259119157 -0.05400036382561545 0.9985404628342215
1701508191.0 -2.650852939920732 77.62120432818416 -0.21591047496112736 -7.20186168350938e-05 0.001044717911535666 -0.06791948061094329 0.9976902563077099
1701508192.0 -3.1063728478922563 78.37195156271812 -0.012489229066730445 -0.00013465043631465432 0.0014861686185819014 -0.08552116592913721 0.9963352364290937
1701508193.0 -3.5618927558637807 79.12269879725207 0.19093201682767003 -0.00017530300447740277 0.0016838680884702726 -0.09783461407798891 0.9952012470577638
1701508194.0 -4.039013423406617 80.15721325074384 -0.08680115389581644 -0.00021164375444439334 0.0017324485501221884 -0.11563044424025322 0.9932907702147162
1701508195.0 -4.722293285363902 80.96032467529157 0.027831607584193563 -0.00014167091704877109 0.0010023282682036963 -0.13313856922208914 0.9910969158729579
1701508196.0 -5.199413952906738 82.21017874695214 -0.12290215823156458 -0.00012173946037528083 0.000775905715301235 -0.1455822440461758 0.9893458411335767
1701508197.0 -5.654933860878263 82.9609259814861 0.08051908766283589 -7.090452901027178e-05 0.0004128343278320007 -0.15849409635622194 0.9873598361086956
1701508198.0 -6.338213722835551 83.76403740603384 0.1951518491428459 -9.084322273442647e-05 0.0004979264262995883 -0.1682054893104485 0.9857518233219837
1701508199.0 -6.815334390378387 85.01389147769439 0.04441808332708419 4.925377908209073e-05 -0.00025712443675180737 -0.1784415727869941 0.9839504746492037
1701508200.0 -7.270854298349912 85.76463871222835 0.24783932922148466 4.606790487008436e-05 -0.00023107201700786118 -0.18906116247307672 0.9819652851948485
1701508201.0 -7.747974965892748 86.79915316572011 -0.029893841502001806 -5.859047750052567e-05 0.00028195609743849367 -0.1995218374477247 0.9798933377921286
1701508202.0 -8.203494873864273 87.76524001842287 0.3005268093001199 -0.0002802890789107701 0.0012964979722716846 -0.20815049449810463 0.9780959115399853
1701508203.0 -8.680615541407109 88.79975447191462 0.022793638576636965 -0.00042506257555002743 0.0018990516513945773 -0.21349890055255244 0.9769413658902378
1701508204.0 -9.363895403364394 89.60286589646236 0.13742640005665052 -0.0007303966629240381 0.0031451574228081682 -0.2190447413670772 0.9757094730425296
1701508205.0 -9.61325611692147 90.80035577810915 0.07548111865527929 -0.0007679988138614688 0.0031272022855924776 -0.22874048673369043 0.9734821110387808
1701508206.0 -10.296535978878754 91.60346720265687 0.1901138801352893 -0.0007113538118392137 0.0027905487313507837 -0.23736278286575097 0.9714168086479452
1701508207.0 -10.77365664642159 92.63798165614864 -0.08761929058819717 -0.0006381247754187759 0.002439932657276057 -0.24594103927586644 0.9692815095344106
1701508208.0 -11.45693650837888 93.44109308069638 0.02701347089181283 -0.0006360172595174066 0.002359231172690429 -0.2549809172652043 0.9669429979791541
1701508209.0 -12.140216370336164 94.24420450524413 0.14164623237182283 -0.0006614564952485911 0.00237940918022677 -0.2636449739568303 0.964616622599134
1701508210.0 -12.617337037879 95.49405857690468 -0.009087533443935314 -0.000665519031876032 0.0022875273359095763 -0.2741850249440736 0.961674007343197
1701508211.0 -13.300616899836285 96.29717000145241 0.10554522803607469 -0.0008296075750910353 0.0027577051581003393 -0.28244072706398016 0.9592804295455539
1701508212.0 -13.983896761793574 97.10028142600015 0.2201779895160847 -0.0007570072248498009 0.002387401185660749 -0.2954736860629966 0.9553475954331941
1701508213.0 -14.667176623750859 97.68805323237909 0.20781134608836993 -0.00040358894453858686 0.0011992748973411896 -0.3115138372326407 0.9502407737348889
1701508214.0 -15.578216439693907 98.54352884694062 0.23365562315399302 -0.0002757937260485339 0.0007910601970840185 -0.3250811987483971 0.9456857365858334
1701508215.0 -16.489256255636956 99.18366484333335 0.1325004953118878 -0.00012199661044672636 0.00033635145471451103 -0.33904988744329473 0.9407683273841733
1701508216.0 -17.172536117594237 99.98677626788108 0.2471332567918978 3.702862131430972e-05 -9.795462704369285e-05 -0.35170276203047207 0.936111722079106
1701508217.0 -18.083575933537286 100.6269122642738 0.14597812894979612 8.621705906264089e-05 -0.00021927869853177604 -0.36165709799539325 0.9323111540430168
1701508218.0 -18.766855795494575 101.43002368882155 0.2606108904298061 2.3399945990268112e-05 -5.6426997083082696e-05 -0.37595741775779773 0.9266369387744724
1701508219.0 -19.677895611437624 102.07015968521426 0.15945576258770444 -0.00027958328710884345 0.0006492163203306141 -0.3885932230445327 0.9214091422138251
1701508220.0 -20.588935427380665 102.92563529977579 0.18530003965332398 -0.00034708786619897793 0.0007720532671056116 -0.40397626020667193 0.9147690772283447
1701508221.0 -21.499975243323714 103.56577129616852 0.08414491181121875 -1.8610505269184968e-05 3.946527426857257e-05 -0.42014907237166776 0.9074550981075418
1701508222.0 -22.411015059266763 104.20590729256124 -0.01701021603088293 5.346225046850761e-05 -0.00010985463853561693 -0.4337927426851698 0.9010126755309408
1701508223.0 -23.09429492122405 104.57833948077138 -0.15637626436632246 -0.0001606513848341992 0.00031969768000395644 -0.4471659412200255 0.8944509449921413
1701508224.0 -24.211493931581543 104.98707244822009 0.13483453999506523 -4.831528854977469e-05 9.290780725030338e-05 -0.45860300723227987 0.8886412497691528
1701508225.0 -25.122533747524592 105.62720844461282 0.03367941215296 -0.00041888617731987844 0.0007754900186326955 -0.4706729487640752 0.8823073151976762
1701508226.0 -26.03357356346764 106.26734444100553 -0.06747571568914168 -0.00040776985925325567 0.000731821123378466 -0.4817152671975098 0.8763273928791778
1701508227.0 -27.150772573825137 106.67607740845423 0.22373508867224956 -0.00029959364725562097 0.0005223164460105351 -0.49164854326102525 0.8707935159028739
1701508228.0 -28.061812389768185 107.10087378667816 -0.004419444077580437 -0.0003531857474975461 0.0005920634337972878 -0.504052712703333 0.8636726159472288
1701508229.0 -28.972852205711234 107.7410097830709 -0.10557457191968211 -0.0008631831572195674 0.00138490220984297 -0.5188844840358434 0.8548428096366973
1701508230.0 -30.090051216068723 107.9344031323508 0.05863682753398436 -0.0014141839214157823 0.002182402394297821 -0.5344833127146856 0.8451750266265333
1701508231.0 -31.00109103201177 108.35919951057473 -0.16951770521584564 -0.0016500156118588291 0.002476434265040619 -0.5477652329991456 0.8366267950760382
1701508232.0 -32.11829004236927 108.76793247802343 0.12169309914554205 -0.0015725750540917024 0.00228648631392835 -0.5622255364095124 0.8269792894607891
1701508233.0 -33.23548905272677 108.96132582730333 0.2859044985992085 -0.000712806674883821 0.001002960893061599 -0.5767669574012466 0.8169078055853058
1701508234.0 -34.37428882265558 109.43848639554103 -0.031038518565004836 -8.237952609574443e-05 0.0001127347696161475 -0.589055336850793 0.8080926869066964
1701508235.0 -35.491487833013075 109.63187974482095 0.13317288088866164 -0.0 0.0 -0.6063146283803301 0.7952248558816696
1701508236.0 -36.60868684337057 109.60993347593204 0.1703848754345998 -0.0007148492544282019 0.0008921181874694633 -0.6236336277573007 0.7817159275887574
1701508237.0 -37.51972665931361 110.03472985415597 -0.057769657315230205 -0.0015073454096860988 0.0018336039578176182 -0.6347219476473973 0.772736963643539
1701508238.0 -38.636925669671115 110.01278358526709 -0.0205576627692885 -0.0022526490400392517 0.002666499468636916 -0.6452004632549367 0.7640053517931017
1701508239.0 -39.52636472604285 109.93847312636441 0.10544281619104368 -0.0022202853590739804 0.0025331767563324323 -0.6571479199472209 0.7537541141894262
1701508240.0 -40.643563736400345 110.13186647564432 0.2696542156447066 -0.0019737160228229353 0.0021801822686974377 -0.6675763131630781 0.7445355715840101
1701508241.0 -41.554603552343394 110.34132323569943 -0.08549972201284817 -0.00163801123247986 0.001765797796366217 -0.675897000804805 0.7369921595108146
1701508242.0 -42.44404260871512 110.48235239496557 0.16750016185520522 -0.001483993738293566 0.0015632838316116718 -0.6848317459051161 0.7286980401420035
1701508243.0 -43.333481665086865 110.40804193606289 0.2935006408155374 -0.0013976281002338305 0.0014405539854006977 -0.6929790194098863 0.7209549570518403
1701508244.0 -44.24452148102991 110.617498696118 -0.06165329684201737 -0.0009108011337049523 0.0009157103934667922 -0.7017049745054442 0.7124664628388371
1701508245.0 -45.13396053740164 110.54318823721535 0.06434718211831125 -0.0009519313052509148 0.000936228076116993 -0.7101048705432731 0.7040946599247155
1701508246.0 -46.25115954775914 110.73658158649523 0.22855858157198128 -0.001632321250738284 0.001575928989839892 -0.7174682417766002 0.6965875207159163
1701508247.0 -46.934439409716425 110.89367415653659 -0.03780687167118657 -0.0021615782230218093 0.0020324856399686524 -0.7264275288252197 0.6872366709850355
1701508248.0 -48.051638420073914 110.6563882694789 -0.12759428203297318 -0.002451196481936852 0.002246383327743126 -0.7351649414007142 0.6778801179655857
1701508249.0 -48.941077476445656 110.58207781057624 -0.0015938030726445618 -0.00246381123909941 0.0022064635971462488 -0.7434559727948888 0.6687767023963815
1701508250.0 -50.05827648680315 110.56013154168733 0.035618191473297145 -0.0018859451287477449 0.0016347231683129905 -0.7542547441545701 0.6565771484079069
1701508251.0 -50.94771554317489 110.27048146461587 0.034619265525901 -0.001220509837239606 0.0010298963609080684 -0.7623229466074996 0.64719485067859
1701508252.0 -52.06491455353238 110.24853519572696 0.07183126007183915 -0.0010646196182014678 0.000876185649551464 -0.7701396949817393 0.6378737720718808
1701508253.0 -53.182113563889885 110.01124930866928 -0.017956150289943906 -8.179557590346549e-05 6.538892504337358e-05 -0.7783472638325162 0.6278339955101251
1701508254.0 -54.071552620261606 109.72159923159779 -0.0189550762373365 0.0007305513311740134 -0.0005674194609076953 -0.7868431474752655 0.6171523358143641
1701508255.0 -54.96099167663334 109.43194915452634 -0.019954002184736197 0.001130904801416402 -0.0008483206419715893 -0.796333832476149 0.6048557089589774
1701508256.0 -55.85043073300508 109.14229907745485 -0.020952928132132342 0.001001540724433695 -0.0007297204548511996 -0.8055761953653936 0.5924908926598385
1701508257.0 -56.73986978937682 108.85264900038338 -0.021951854079528488 0.0003131088273579562 -0.0002222558811941875 -0.8140597145770007 0.5807810548459702
1701508258.0 -57.629308845748554 108.56299892331192 -0.022950780026924633 -0.00029433105478855 0.0002034323087322111 -0.8220644845632047 0.5693942879976568
1701508259.0 -58.51874790212028 108.27334884624044 -0.023949705974317226 -0.00015927518045070544 0.00010719198605623066 -0.8284466143018572 0.560068005150343
1701508260.0 -59.180427004506264 107.93133457915519 0.0638398524926771 0.00029243728348280417 -0.00019059746127266135 -0.835466988544343 0.5495405255353689
1701508261.0 -60.069866060877985 107.42634488391491 -0.06415847836245092 0.0012233970970941656 -0.0007757624680487553 -0.8406319281647179 0.5416048955116677
1701508262.0 -60.731545163263974 107.08433061682966 0.0236310801045434 0.0008431082522994187 -0.0005280814508894018 -0.8431001927924828 0.537755590590869
1701508263.0 -61.84874417362146 106.84704472977197 -0.06615633025723966 0.0005641392464972873 -0.00034873248201184416 -0.8450003697380173 0.5347653085935742
1701508264.0 -62.7381832299932 106.5573946527005 -0.0671552562046358 -0.00018660364521944358 0.00011302897831949317 -0.8492574815275875 0.5279788655551934
1701508265.0 -63.83378148077938 105.8210019285162 0.1972123451437362 -0.000531955218520429 0.00031767551699085503 -0.853441470446263 0.5211883274099987
1701508266.0 -64.72322053715112 105.53135185144474 0.19621341919634006 -0.0007561090778619504 0.00045293427881244535 -0.8540411302262902 0.5202047395318522
1701508267.0 -65.17874044512264 105.4207406133035 -0.10836295454016209 -0.0012449556718104255 0.000740670803554845 -0.8568156242684349 0.5156208757426605
1701508268.0 -65.84041954750862 105.07872634621823 -0.02057339607316777 -0.0013578473229417902 0.0007897150287044066 -0.861654673420981 0.5074926170621632
1701508269.0 -66.72985860388034 104.57373665097798 -0.14857172692828868 -0.0017531791093212585 0.001012565669101272 -0.8615565160951153 0.5076576313302339
1701508270.0 -67.39153770626632 104.2317223838927 -0.06078216846130147 -0.0022318366029626517 0.001283052038926402 -0.8606680827598387 0.5091599198693338
1701508271.0 -68.05321680865228 103.88970811680745 0.027007390005692855 -0.00306291698851045 0.001728190095114289 -0.863513452482552 0.5043135426301577
1701508272.0 -68.94265586502402 103.38471842156719 -0.1009909408494245 -0.0028412137083089406 0.0015522337639082204 -0.8707805010562863 0.491661303190691
1701508273.0 -69.60433496741 103.04270415448192 -0.013201382382433735 -0.0031918414944731317 0.0017658092674937213 -0.8697347036536562 0.49350606817544995
1701508274.0 -70.26601406979596 102.48535026922788 -0.05241122882316773 -0.0022444181968759615 0.0012430004782550878 -0.871275210068945 0.49078806613046766
1701508275.0 -70.69993321819618 102.09097181212884 0.12416681405821706 -0.0013484715859183763 0.0007352412358724821 -0.8751342966416003 0.48387767450701674
1701508276.0 -71.36161232058215 101.7489575450436 0.2119563725252096 -0.0009529559672159248 0.0005126635267392489 -0.8773132045636997 0.47991704507050476
1701508277.0 -71.58937227456792 101.58598211688857 -0.003831516796907408 -0.001550238018397583 0.0008206529444134285 -0.8798173264766294 0.4753087368462181
1701508278.0 -72.25105137695388 101.02862823163453 -0.043041363237641406 -0.0017111130964110879 0.0008896866178044198 -0.8827410085250496 0.46985592729886017
1701508279.0 -72.6849705253541 100.63424977453548 0.13353667964374338 -0.0011594851365954331 0.0005884693450336263 -0.8866148876394223 0.4625065948872322
1701508280.0 -72.91273047933986 100.68661396454927 0.044748195229352916 -0.0007108594499079262 0.00035399560910513646 -0.8899380301411596 0.45608077341017556
1701508281.0 -73.57440958172583 100.34459969746402 0.13253775369634546 -0.0005175711712053735 0.0002526823994110293 -0.8932849478529697 0.44949045619568495
1701508282.0 -73.8021695357116 100.181624269309 -0.083250135625768 -0.0012910366201491152 0.0006176331590695395 -0.8967212643613558 0.44259340911936035
1701508283.0 -74.2360886841118 99.78724581220996 0.09332790725561146 -0.0018169300827798477 0.0008528336096253916 -0.8999786692304279 0.4359293135017839
1701508284.0 -74.46384863809756 99.62427038405494 -0.12245998206650022 -0.0021555146540714757 0.0009939568573682225 -0.9031192617340635 0.4293832377856193
1701508285.0 -74.89776778649778 99.22989192695591 0.05411806081487924 -0.0021146845682368082 0.0009573282767158826 -0.9061835991595297 0.42287811038883094
1701508286.0 -75.12552774048353 99.0669164988009 -0.16166982850723244 -0.0022737012963693027 0.0010079220851633344 -0.9094402092887477 0.4158272719583506
1701508287.0 -75.55944688888374 98.88787765987064 0.1419076192818718 -0.002605182237585508 0.00114297137483422 -0.9117404424199798 0.4107569503949568
1701508288.0 -75.99336603728396 98.49349920277162 0.3184856621632548 -0.0028588015607329503 0.0012381508669582356 -0.9142530372323535 0.40513168000970246
1701508289.0 -76.22112599126972 98.3305237746166 0.10269777284113779 -0.002722459335178602 0.0011575504771763453 -0.9172404022752836 0.3983231009192627
1701508290.0 -76.44888594525548 98.16754834646159 -0.11309011648097389 -0.00202921692050536 0.0008475710279867154 -0.9193769998675259 0.39337144789197587
1701508291.0 -76.88280509365569 97.77316988936255 0.06348792640040912 -0.0013893094430807286 0.0005681267176413041 -0.922166191968742 0.38679097900697407
1701508292.0 -77.54448419604167 97.43115562227729 0.15127748486739812 -0.0005432652222638194 0.00021614754578888783 -0.9261669033238515 0.3771134117618256
1701508293.0 -77.97840334444187 96.82143754700947 0.20085612284105459 0.0007004091984233381 -0.000269563435916743 -0.9303341196854903 0.3667122339267294
1701508294.0 -78.20616329842764 96.65846211885444 -0.014931766481057096 0.0011422636536468477 -0.000433426341649037 -0.9324177215943162 0.36138027039701
1701508295.0 -78.64008244682785 96.2640836617554 0.1616462764003188 0.0017178196034730346 -0.0006383564569061414 -0.9352418282208008 0.3540047518650816
1701508296.0 -78.64008244682785 95.8334044254178 -0.09235253341513072 0.0013541565829521163 -0.0004894495523948771 -0.9385221646584114 0.345215980429606
1701508297.0 -79.07400159522805 95.43902596831877 0.08422550946625051 0.0007241155701283356 -0.0002557260489843266 -0.9411344486442694 0.3380315959135715
1701508298.0 -79.50792074362828 94.82930789305092 0.13380414743990876 -0.0007659166052800659 0.0002683852831761337 -0.9413525039382354 0.33742377608921986
1701508299.0 -79.73568069761403 94.66633246489592 -0.0819837418822047 -0.0015986602836079436 0.0005300530472998522 -0.9461377323894846 0.32376002637439444
1701508300.0 -79.94183989202848 94.2195898177831 0.183382785413567 -0.0019213230035419566 0.0006100699876551124 -0.9498392297114564 0.31273211225212133
1701508301.0 -80.37575904042869 93.60987174251527 0.23296142338721637 -0.0014790060179662543 0.00044539777731718056 -0.9546531946119209 0.29771612683775245
1701508302.0 -80.37575904042869 93.39453212434647 0.1059620184794916 -0.0014073197805645546 0.0004108893499778535 -0.9570709218992876 0.2898501355456387
1701508303.0 -80.37575904042869 93.17919250617767 -0.02103738642823405 -0.002073235614741769 0.0005569959771010165 -0.9625571533194419 0.2710703193696051
1701508304.0 -80.37575904042869 93.17919250617767 -0.02103738642823405 -0.002383169774721791 0.0006136678994849767 -0.9648715595711337 0.26271052023910746
1701508305.0 -80.37575904042869 93.17919250617767 -0.02103738642823405 -0.00288961103582871 0.0007109333654162431 -0.9675947887261395 0.25249053358854673
1701508306.0 -80.37575904042869 93.17919250617767 -0.02103738642823405 -0.0032806510651721653 0.0007641859349176181 -0.9707130711079318 0.24021820690499904
1701508307.0 -80.37575904042869 93.17919250617767 -0.02103738642823405 -0.0033733331171688754 0.0007501977757865124 -0.9731850898098409 0.22999747563568998
1701508308.0 -80.37575904042869 93.17919250617767 -0.02103738642823405 -0.003242124233460389 0.0006966197948532558 -0.9749483449444925 0.22240667265464711
1701508309.0 -80.37575904042869 93.17919250617767 -0.02103738642823405 -0.0030077286879222867 0.0006239928308843333 -0.9765645075113533 0.2152029899192737
1701508310.0 -80.37575904042869 93.17919250617767 -0.02103738642823405 -0.0028583177553289274 0.0005704998190365786 -0.9781924043189004 0.20768034255166043
1701508311.0 -80.37575904042869 93.17919250617767 -0.02103738642823405 -0.0027341322303305097 0.0005234928066183463 -0.9797884561383002 0.20001707850669823
1701508312.0 -80.37575904042869 93.17919250617767 -0.02103738642823405 -0.002746764759334638 0.0005034567030820843 -0.98129723744123 0.19247839776171052
1701508313.0 -80.37575904042869 93.17919250617767 -0.02103738642823405 -0.0027591582068109527 0.00048378343674935223 -0.9827383283999443 0.18497981212353767
1701508314.0 -80.37575904042869 93.17919250617767 -0.02103738642823405 -0.002848855735904599 0.0004770160641129836 -0.9841218867346013 0.1774704722667945
1701508315.0 -80.37575904042869 93.17919250617767 -0.02103738642823405 -0.002895450499566541 0.0004624543393818405 -0.9854526426150213 0.16992495892440204
1701508316.0 -80.37575904042869 93.17919250617767 -0.02103738642823405 -0.002873029566341661 0.0004363000946966136 -0.9867299962928284 0.16234367791599713
1701508317.0 -80.37575904042869 93.17919250617767 -0.02103738642823405 -0.0028762664143883007 0.0004144251140646453 -0.9879259721022534 0.15489941571599186
1701508318.0 -80.37575904042869 93.17919250617767 -0.02103738642823405 -0.002844743308978944 0.0003878608974936348 -0.9890735978552901 0.1473946234603622
1701508319.0 -80.37575904042869 93.17919250617767 -0.02103738642823405 -0.002873536474852984 0.0003698675016740128 -0.9901628392696185 0.13988980561744443
1701508320.0 -80.37575904042869 93.17919250617767 -0.02103738642823405 -0.00285027152278162 0.0003448953699387488 -0.9911872078151927 0.13243744207342653
1701508321.0 -80.37575904042869 93.17919250617767 -0.02103738642823405 -0.0028614337496074443 0.00032462803986890666 -0.9921553675009899 0.12497773222661718
1701508322.0 -80.37575904042869 93.17919250617767 -0.02103738642823405 -0.002915850144284072 0.0003087321614794632 -0.9930457199836222 0.11769282274037632
1701508323.0 -80.37575904042869 93.17919250617767 -0.02103738642823405 -0.0028920381626904874 0.0002842040239818143 -0.9939001212064157 0.11024565483142824
1701508324.0 -80.37575904042869 93.17919250617767 -0.02103738642823405 -0.002850596653609893 0.0002589730336733301 -0.9947005402023683 0.1027747165055827
1701508325.0 -80.37575904042869 93.17919250617767 -0.02103738642823405 -0.0028524308556362138 0.00023792126335480586 -0.9954321740686601 0.09542847510374995
1701508326.0 -80.37575904042869 93.17919250617767 -0.02103738642823405 -0.002845404235680772 0.00021624468850463233 -0.9961034381165536 0.08814645475203012
1701508327.0 -80.37575904042869 93.17919250617767 -0.02103738642823405 -0.0028991167061371203 0.00019944669940182401 -0.9967149053957819 0.0809379558996632
1701508328.0 -80.37575904042869 93.17919250617767 -0.02103738642823405 -0.0028743733532054193 0.00017653411580846912 -0.9972827956153122 0.07361203966227042
1701508329.0 -80.37575904042869 93.17919250617767 -0.02103738642823405 -0.0028668626611520797 0.00015523869323418572 -0.9977909882801073 0.06636942599147069
1701508330.0 -80.37575904042869 93.17919250617767 -0.02103738642823405 -0.0029986783984433975 0.0001403650359680007 -0.99823636492534 0.05928868328916339
1701508331.0 -80.37575904042869 92.96385288800887 -0.1480367913359597 -0.003143622738507398 0.0003117252995382629 -0.9934617508635158 0.11412173340171962
1701508332.0 -80.80967818882891 92.56947443090984 0.028541251545423307 -0.00401038686325121 0.0004917741589974235 -0.9902332482391853 0.13936207890619123
1701508333.0 -81.24359733722912 91.959756355642 0.07811988951908155 -0.004175730700913623 0.0006346514217740033 -0.9853782988402269 0.17032841414581082
1701508334.0 -81.67751648562933 91.35003828037416 0.12769852749273802 -0.003419094912949633 0.0005588873582907519 -0.9830240268512436 0.18344416062677685
1701508335.0 -82.3391955880153 90.79268439512012 0.08848868105200225 -0.003206944956915288 0.0007724652241816261 -0.9682384482832944 0.25000685204105705
1701508336.0 -82.77311473641551 90.18296631985227 0.1380673190256596 -0.0028055814217486383 0.0007900400748621902 -0.9593936334362556 0.2820555985467151
1701508337.0 -83.66255379278724 89.677976624612 0.01006898817053603 -0.00251388462872307 0.0007615964985135699 -0.9527085873491193 0.3038740659320769
1701508338.0 -84.32423289517322 89.33596235752675 0.09785854663753213 -0.0021722243703407263 0.0006553366551074441 -0.9512642097342205 0.3083687001851553
1701508339.0 -84.98591199755919 88.5632688541039 -0.0683507047109293 -5.0204205920825424e-05 1.4869251975212818e-05 -0.9528470536649575 0.3034509673414351
1701508340.0 -85.85375029435961 87.55917232173702 0.15780597614411018 -5.011865839167952e-05 1.515509905811061e-05 -0.9526906807882412 0.3039415470081056
1701508341.0 -86.28766944275982 86.7341146283004 0.08038520921004277 -0.0005097047217766086 0.00015352985937579244 -0.9559364512496423 0.2935731898554756
1701508342.0 -86.72158859116003 85.69371731669496 -0.12403496263175784 -0.0013354450831856157 0.00040759852096308046 -0.9568532271286081 0.290568326187566
1701508343.0 -87.58942688796044 84.6896207843281 0.10212171822328298 -0.0016408440844882235 0.0004828801145599867 -0.9589842093145904 0.28345433625675087
1701508344.0 -88.02334603636066 83.64922347272267 -0.10229845361851053 -0.0011930628608292331 0.0003349280147096963 -0.9610152226878916 0.2764926874012711
1701508345.0 -88.89118433316108 82.429787322187 -0.0031411776712024775 -0.0010022315756634684 0.0002719434967559023 -0.9624215329548516 0.27155793945940304
1701508346.0 -89.09734352757553 81.55236543873659 0.008226539809116473 -0.0014555213580080037 0.00036661461006580573 -0.9665744055104409 0.25638187467807044
1701508347.0 -89.50966191640443 80.01286129000455 0.15796137967747992 -0.0018718723722202493 0.0004265675058972573 -0.9724678653985583 0.23302910741183439
1701508348.0 -89.71582111081888 78.92009978838534 0.04232969225007349 -0.002381186664751852 0.000507809394120678 -0.976464687516746 0.2156635947778635
1701508349.0 -89.69422035124757 77.77497409675235 0.01548648923705398 -0.002584970543129502 0.0005133152043721805 -0.9802211557284589 0.1978876961742603
1701508350.0 -89.90037954566202 76.68221259513314 -0.1001451981903525 -0.002483898751060234 0.0004845761054931411 -0.9812188744225718 0.1928810926708313
1701508351.0 -90.31269793449091 75.3580480645699 0.1765890465857365 -0.0017324508992009463 0.00032559647121254505 -0.9820330284683103 0.18870088393586995
1701508352.0 -90.51885712890537 74.26528656295068 0.060957359158329893 0.0003354419511067594 -5.7527963892554315e-05 -0.9840980468562738 0.17762578175168695
1701508353.0 -90.93117551773426 72.72578241421866 0.21069219902669323 0.001423444292527618 -0.00021704207325457968 -0.9857714817998956 0.16808483682094158
1701508354.0 -91.13733471214871 71.63302091259943 0.09506051159928663 0.00010379404089788573 -1.3893337604605298e-05 -0.9888449348095645 0.14894859494214982
1701508355.0 -90.88797399859162 70.43553103095266 0.15700579300066142 -0.0002426049555118532 2.9117863962067316e-05 -0.9911924121422021 0.13242938649223016
1701508356.0 -90.86637323902032 69.29040533931966 0.13016258998764219 -0.002203873837532916 0.00023686857330029273 -0.9932119133802764 0.11629781577002066
1701508357.0 -90.844772479449 68.14527964768668 0.10331938697462206 -0.002746052789716476 0.00025227864530358415 -0.9947419989278785 0.10237553964951619
1701508358.0 -90.82317171987769 66.78481433788487 -0.05052322094611572 -0.0018012420995319664 0.0001366058312555011 -0.9960099104389145 0.08922440906619257
1701508359.0 -90.80157096030638 65.63968864625188 -0.07736642395913407 -0.001567865020099758 9.590859048788704e-05 -0.9970842304179713 0.07629266054230173
1701508360.0 -90.55221024674931 64.44219876460511 -0.015421142557768164 -0.0011941738296645452 5.734993954742385e-05 -0.9980045819214932 0.06313022353480507
1701508361.0 -90.53060948717798 63.29707307297211 -0.04226434557078651 -0.0017092537834392366 6.319824709687074e-05 -0.9986872517576629 0.05119421485101408
1701508362.0 -90.71516792202112 61.70520473422631 0.1962589787119704 -0.00180551495238778 5.700886741099959e-05 -0.99906439441903 0.04320963630815088
1701508363.0 -90.69356716244981 60.5600790425933 0.16941577569895117 -0.0011428169897619506 2.9217201813143923e-05 -0.999383760311407 0.035082655850369196
1701508364.0 -90.89972635686426 59.4673175409741 0.053784088271545016 -0.0001221534800750436 2.1865814653052943e-06 -0.9995985709107195 0.028331644975072696
1701508365.0 -90.87812559729294 58.322191849341095 0.026940885258524006 -0.0003752379942898329 2.416665770047685e-06 -0.999819971743339 0.018970590232142755
1701508366.0 -90.85652483772164 56.961726539539306 -0.12690172266221822 -0.0015271529992777646 -5.384033108740744e-06 -0.9999475972948096 0.010122768349915545
1701508367.0 -91.04108327256476 55.585197818962286 0.23862100652826257 0.0022076772730057555 2.6780377600957864e-05 0.9999914701627187 -0.0034907084773965233
1701508368.0 -91.01948251299346 54.440072127329294 0.21177780351524333 0.0034113161923223314 7.369067746656777e-05 0.9999930652862391 0.0014922704016761836
1701508369.0 -90.99788175342215 53.2949464356963 0.1849346005022241 0.0038469468499181944 0.00010725379154833354 0.9999708317627117 0.00659735707299596
1701508370.0 -91.20404094783659 52.20218493407709 0.06930291307481795 0.00422226960090747 0.00010931025096032856 0.9999762542227265 0.005445317380216732
1701508371.0 -91.41020014225104 51.32476305062667 0.08067063055513657 0.004588895491813295 0.00010942559619684694 0.9999813376388004 0.004031679342361788
1701508372.0 -91.38859938267973 49.96429774082488 -0.07317197736560921 0.0030971172524072313 7.201404384887466e-05 0.9999915892334751 0.002687776220476737
1701508373.0 -91.80091777150862 48.64013321026165 0.2035622674104811 0.001875913708140977 3.4332479760197514e-05 0.9999975251154279 -0.0011956304025227658
1701508374.0 -92.00707696592306 47.54737170864244 0.08793057998307496 0.0006981039154082587 6.220286366193515e-06 0.9999684332524946 -0.007914866441229292
1701508375.0 -92.21323616033752 46.66994982519202 0.0992982974633918 -0.0014573146265788658 1.0059744439242237e-05 -0.9997952325630155 0.020183386166508076
1701508376.0 -92.85331450315218 45.398149484642566 0.2872440578250952 -0.0030345485430361254 0.00011867048855915358 -0.9987284066389053 0.0503224324230141
1701508377.0 -93.2872336515524 44.57309179120593 0.20982329089102691 -0.005733334718434251 0.000317180543701893 -0.9976314847894793 0.06854523197311507
1701508378.0 -93.94891275393837 43.80039828778308 0.043614039542566374 -0.007194794238732229 0.0005640950604791677 -0.995552442576596 0.09393216069269605
1701508379.0 -94.61059185632433 43.24304440252904 0.004404193101835929 -0.008336531554993542 0.0009114519249115225 -0.9928404234504088 0.11915353565813372
1701508380.0 -95.27227095871031 42.901030135443776 0.09219375156882492 -0.009069381380218976 0.0011766997110499143 -0.9905768725610039 0.13665219078533175
1701508381.0 -95.93395006109628 42.55901586835853 0.17998331003582102 -0.012834257188529739 0.0020287287480990047 -0.987796678481722 0.15520595376003665
1701508382.0 -96.59562916348226 42.21700160127327 0.2677728685028189 -0.01732364909717236 0.0032556481513273516 -0.9845561021430592 0.17417971658588308
1701508383.0 -97.05114907145378 42.321729981300834 0.09019589967403796 -0.021945610302613577 0.005021783497831717 -0.9764883815567656 0.21439126046458876
1701508384.0 -97.94058812782552 42.24741952239816 0.21619637863436125 -0.026793035086469855 0.007379781783471002 -0.9634003105937591 0.2666224177362663
1701508385.0 -98.6238679897828 42.404512092439504 -0.05016907460879949 -0.026045052163943812 0.008419352205651492 -0.9475134028724995 0.31854218110509486
1701508386.0 -99.51330704615452 42.54554125170563 0.20283080925925745 -0.02182310574401526 0.007956335116146972 -0.9323055199234755 0.3609250147986737
1701508387.0 -100.19658690811181 42.91797343991577 0.06346476092381437 -0.01660721091721696 0.006601594636182411 -0.9184273432141984 0.3951858230381243
1701508388.0 -100.85826601049779 42.791298790999306 0.278253724298537 -0.00907663866533765 0.003964260304414939 -0.9061563315815228 0.42282691731427796
1701508389.0 -101.3137859184693 42.680687552858075 -0.026322649437968693 -0.0030216520993804653 0.0014284893345703246 -0.8973805100039677 0.4412448858647885
1701508390.0 -101.3137859184693 42.680687552858075 -0.026322649437968693 -0.0003423088485862506 0.0001739524839559199 -0.8889331750780157 0.4580367483192842
1701508391.0 -101.9754650208553 42.33867328577283 0.06146690902902208 0.0011340181508083353 -0.0005996843749424558 -0.8854699503305619 0.46469486918092434
1701508392.0 -102.20322497484105 42.391037475786604 -0.027321575385371943 0.0011652313527691731 -0.0006338019046870719 -0.8802613100361348 0.47448737241838995
1701508393.0 -102.43098492882682 42.443401665800394 -0.11611005979975886 -0.00032650372576052065 0.0001849451532119713 -0.8707764273581787 0.49167903427737664
1701508394.0 -102.65874488281257 42.49576585581417 -0.20489854421414577 -0.0023822261744842663 0.0013716396396286988 -0.8636167201271606 0.5041414526895781
1701508395.0 -103.32042398519854 42.369091206897714 0.009890419160569763 -0.0030183725589787275 0.0017877991794622088 -0.8534955323361048 0.5210883509382052
1701508396.0 -103.5481839391843 42.4214553969115 -0.07889806525381715 -0.0024600902175508266 0.0014801880594356132 -0.8449644668401666 0.5348147406129933
1701508397.0 -104.00370384715582 42.526183776939064 -0.256475034082591 0.0002985468766072876 -0.00018087763676701048 -0.8398662162710802 0.5427933464215844
1701508398.0 -104.23146380114159 42.57854796695285 -0.345263518496985 0.003432771050973321 -0.002147491699920335 -0.8306814186052482 0.5567333160017305
1701508399.0 -104.23146380114159 42.57854796695285 -0.345263518496985 0.0068659615635512285 -0.004536213430568225 -0.8162208794864051 0.5776813630626831
1701508400.0 -104.45922375512735 42.63091215696663 -0.4340520029113719 0.007573670392007386 -0.005234388243814337 -0.8049891154486821 0.5932181425965111
1701508401.0 -104.66538294954181 42.39950912802261 -0.041686070707875444 0.006270007270970263 -0.004449031174501833 -0.7981968053715361 0.6023477011038595
1701508402.0 -104.66538294954181 42.39950912802261 -0.041686070707875444 0.00355912465392629 -0.0025690941755109244 -0.7937174172769753 0.6082708228231755
1701508403.0 -104.23146380114159 42.57854796695285 -0.345263518496985 0.001448045833705115 -0.0010652914963331195 -0.7902607198999836 0.6127681151140706
1701508404.0 -104.23146380114159 42.57854796695285 -0.345263518496985 0.0008857837982538915 -0.0006660932552202023 -0.7849219189024005 0.6195936998819562
1701508405.0 -104.23146380114159 42.57854796695285 -0.345263518496985 0.002198121890042572 -0.001679558039386831 -0.7812124773790413 0.6242590908687271
1701508406.0 -104.23146380114159 42.57854796695285 -0.345263518496985 0.0038273537279782323 -0.003024560415400265 -0.7711211518901415 0.6366697515237831
1701508407.0 -104.43762299555604 42.347144938008825 0.04710241370651147 0.004959084866581522 -0.004109003827679418 -0.7560719746946682 0.6544567920391194
1701508408.0 -104.89314290352756 42.451873318036384 -0.13047455512226236 0.004424328787037634 -0.0038357187597645582 -0.7414246448411339 0.6710105875458141
1701508409.0 -105.34866281149908 42.55660169806395 -0.3080515239510433 0.003124931963526267 -0.0027499131829236663 -0.7379250276353024 0.6748698588373523
1701508410.0 -106.01034191388507 42.214587430978696 -0.22026196548404897 0.0005060055347612507 -0.0004552816950983672 -0.7312523603695699 0.6821066794357827
1701508411.0 -106.67202101627103 42.08791278206224 -0.005473002109333436 -0.002366575371929509 0.002183698084004322 -0.7253646201313013 0.6883573190178628
1701508412.0 -106.89978097025678 41.92493735390722 -0.22126089143144512 -0.0059093447257351425 0.005613544294322883 -0.7197219121222294 0.6942146188150248
1701508413.0 -107.333700118657 41.53055889680818 -0.04468284855006033 -0.00887199353749384 0.008348127152672314 -0.7275332216978666 0.6859642904915944
1701508414.0 -107.99537922104298 40.97320501155413 -0.08389269499079433 -0.010292349026218253 0.009330895482579413 -0.7442979957292752 0.6677031492320517
1701508415.0 -108.20153841545742 40.31112274627252 0.05447442739725261 -0.00922709242088826 0.0076975508669239155 -0.7697117509649337 0.6382784885162615
1701508416.0 -108.20153841545742 39.88044350993492 -0.19952438241819692 -0.0072361515760926195 0.005592531734166548 -0.7907206127365337 0.6121088745417199
1701508417.0 -108.63545756385764 39.05538581649829 -0.2769451493522723 -0.00612697646135026 0.0044537149464329035 -0.8097164011866559 0.586772506370185
1701508418.0 -109.06937671225785 38.44566774123045 -0.22736651137861585 -0.0041615359956209685 0.0027721998777001477 -0.8373029531134921 0.546716344399379
1701508419.0 -109.93721500905828 37.22623159069478 -0.12820923543129936 -0.000599603403678585 0.0003743319426809104 -0.8505402212381306 0.5259095287286081
1701508420.0 -110.37113415745847 36.40117389725815 -0.20563000236537832 -0.00013851958866167288 7.406978877242297e-05 -0.8786546706631453 0.4774577939963173
1701508421.0 -110.80505330585869 35.57611620382151 -0.28305076929944306 -0.0017715129118694997 0.000826352307638847 -0.898635438417434 0.4386918368332981
1701508422.0 -111.01121250027315 34.698694320371104 -0.27168305181912444 -0.004359237449801477 0.0018576638584083282 -0.9118664768368905 0.4104595894298511
1701508423.0 -111.21737169468759 33.82127243692069 -0.2603153343388058 -0.0069021549001794785 0.0027404934208355826 -0.9223610326802391 0.38625765409450086
1701508424.0 -111.19577093511627 32.891486363456494 -0.1601591324441003 -0.007770775239119003 0.002863246025484519 -0.9322855555247186 0.3616283448989414
1701508425.0 -111.40193012953073 32.229404098174875 -0.021792010056053357 -0.008324429614184673 0.0027879812363310872 -0.9427652624731548 0.333341552924546
1701508426.0 -111.17417017554497 31.531021053654698 -0.3140017403648372 -0.009082113362412887 0.0027071506766733404 -0.9540773529632454 0.2994104058223979
1701508427.0 -110.92480946198789 30.54887079017672 -0.12505705405574474 -0.01023065146764017 0.002612895508528968 -0.9662773102262695 0.2572871281068973
1701508428.0 -110.46928955401636 29.79812355564276 -0.32847829995014166 -0.011420479704156095 0.0024708643606694666 -0.9764704955726511 0.21533424889863534
1701508429.0 -109.99216888647352 28.763609102150994 -0.05074512922665875 -0.011455516794053879 0.0019697554841733677 -0.986714207547282 0.16204926356714225
1701508430.0 -109.30888902451625 27.960497677603257 -0.16537789070666875 -0.006774689874406085 0.0007443422359711963 -0.9952331976388309 0.09728531158057267
1701508431.0 -108.83176835697341 26.495303987773905 -0.14164352979863182 -0.0037822148923744294 0.00019725771332488158 -0.9989407170127044 0.04585956643980147
1701508432.0 -108.58240764341633 25.51315372429593 0.047301156510457076 0.0024434186310760076 1.3966886157604017e-05 0.9999952870296465 0.001858878375326789
1701508433.0 -107.89912778145904 24.494702681579387 -0.19433100987727414 0.0030136683028888704 0.0001861981838212398 0.9988450884865928 0.04795177097675281
1701508434.0 -107.64976706790198 23.512552418101407 -0.0053863235681816946 0.0037375467802869783 0.0003340933032750994 0.997284395828997 0.07355102284620064
1701508435.0 -106.96648720594469 22.70944099355367 -0.12001908504818815 0.0036762170565621533 0.0004196320447339663 0.995131613043588 0.09848544084465853
1701508436.0 -106.48936653840184 21.459586921893113 0.030714680767573554 0.0026093524624644393 0.00036992557970172153 0.9918154214099244 0.1276527488471996
1701508437.0 -106.03384663043032 20.708839687359152 -0.17270656512683047 0.0018795485715081357 0.00029402716374678635 0.9897843811426563 0.14255967063389016
1701508438.0 -106.012245870859 19.77905361389496 -0.07255036323211783 0.00217341051159341 0.00033523828248424283 0.9896752743286619 0.14331090427643564
1701508439.0 -105.78448591687325 19.29601018754358 -0.237760688633184 0.0005935043457579538 0.00010160420668173631 0.9875361522632795 0.15739118591018258
1701508440.0 -105.76288515730194 18.581563732248178 -0.010605081830750152 -0.0014593856804290708 -0.0002665574089590743 0.9860560166504307 0.16640712475152292
1701508441.0 -105.53512520331617 18.313859924065596 -0.048816002324088004 -0.005101714456813447 -0.0009658237661041126 0.9847094914668671 0.17412712915889275
1701508442.0 -105.53512520331617 17.883180687728 -0.3028148121395411 0.0018561509194337912 0.00037514217074643296 0.9826854987278449 0.18527175867390722
1701508443.0 -105.51352444374486 16.95339461426381 -0.2026586102448249 -0.002303651358502031 -0.0004948064391403153 0.9795532171580807 0.20117142717657582
1701508444.0 -105.05800453577334 16.20264737972985 -0.4060798561392289 0.004669318638248467 0.0009916431594629161 0.9799656768469934 0.1991092321041716
1701508445.0 -105.26416373018779 15.325225496279437 -0.3947121386589103 0.013635324609303546 0.002660071762798479 0.9831632011192127 0.1822007736153663
1701508446.0 -105.47032292460224 14.44780361282902 -0.3833444211785917 0.016086690251499867 0.0026859292016479237 0.9880514989725474 0.15325873403880821
1701508447.0 -105.90424207300244 13.838085537561184 -0.33376578320493167 0.01553783518067794 0.0019816246191739716 0.9926606704870157 0.11991431153134038
1701508448.0 -106.33816122140266 13.013027844124554 -0.4111865501390035 0.011292651666635893 0.0010822866665118663 0.995485571799081 0.09423258997695197
1701508449.0 -107.20599951820307 12.22427092992648 -0.05803046437624104 0.010896438527113542 0.0006667416590264906 0.9981066140818687 0.060531066478401174
1701508450.0 -107.86767862058905 11.666917044672427 -0.09724031081697149 0.011479255096421044 0.0003305689865543059 0.9995651087637528 0.027160831516793847
1701508451.0 -108.98487763094656 11.429631157614736 -0.1870277211787581 -0.013037239545461321 -1.0248615305680876e-06 -0.999893880123698 0.006500682668744801
1701508452.0 -110.10207664130404 11.407684888725843 -0.1498157266328164 -0.014071738351737717 0.0005956848799359509 -0.9981335630925853 0.059422399542461646
1701508453.0 -111.21927565166153 11.385738619836946 -0.11260373208687824 -0.014450118411369296 0.001239446995797071 -0.9943889858880638 0.10478646188105642
1701508454.0 -112.33647466201903 11.363792350948057 -0.07539173754093298 -0.011713855246098793 0.0014791819076932936 -0.9890318756228361 0.14722957114021698
1701508455.0 -113.45367367237652 11.341846082059163 -0.03817974299499838 -0.007057540376298844 0.0012334515723984546 -0.9804335800231259 0.19671976231200644
1701508456.0 -114.77703187714847 10.657817547888655 0.13739937393899027 5.95829779403601e-05 -1.3469677498746931e-05 -0.9698954068803857 0.24352185934894555
1701508457.0 -115.89423088750597 10.205192042662162 -0.07938744133051756 0.0033892781310025212 -0.0009385601920309179 -0.9596694687606286 0.28110877365747494
1701508458.0 -116.7836699438777 9.700202347421893 -0.20738577218563847 0.0012461628839946482 -0.00040068696964716186 -0.949438372527768 0.31395073387371175
1701508459.0 -118.10702814864965 9.016173813251385 -0.03180665525166404 -0.0009192461264384179 0.00033206400723782066 -0.9381576532257314 0.3462069647104785
1701508460.0 -118.99646720502139 8.72652373617991 -0.03280558119905663 -0.003656615983769828 0.0014556620151462603 -0.9257710387938949 0.378064139979075
1701508461.0 -120.11366621537888 8.27389823095342 -0.24959239646856446 -0.004601429740227556 0.001979309070241112 -0.9140585433957873 0.4055513388279244
1701508462.0 -121.20926446616505 7.752845124937927 0.14177460978753942 -0.005765333107259736 0.0026476742858541403 -0.9021421418615115 0.4313922885640895
1701508463.0 -122.32646347652256 7.300219619711438 -0.07501220548196841 -0.005079196213438122 0.002465832014687634 -0.8910200673380407 0.4539288061350744
1701508464.0 -123.2159025328943 6.795229924471169 -0.20301053633709643 -0.004285455010860574 0.002199825302000514 -0.8808268088009673 0.4734141194995084
1701508465.0 -124.53926073766624 6.326541008469459 0.09956798550461343 -0.0030976098560505415 0.0016652070931435533 -0.8701224745690056 0.49282300184592315
1701508466.0 -125.42869979403798 5.821551313229186 -0.02843034535050748 -0.001852591971475597 0.00103185963534302 -0.8633671720892795 0.5045717286246233
1701508467.0 -126.52429804482416 5.0851585890448945 0.23593725599786808 -0.0011355929962601327 0.0006333486392777439 -0.8631789868584234 0.5048963714903422
1701508468.0 -127.41373710119589 4.364829275635824 -0.019060479764981153 -0.0010837723595285673 0.0006008437714159103 -0.8656754517692974 0.500604111677339
1701508469.0 -128.50933535198206 3.4130969332827377 0.11830771667566609 -0.0014149111738471977 0.0007774360347997774 -0.8689328672373461 0.49492733391303667
1701508470.0 -128.9432545003823 2.5880392398461005 0.04088694974159779 -0.0026994385640097002 0.0014658889290403326 -0.8716848275112251 0.4900572677634855
1701508471.0 -129.8110927971827 1.368603089310433 0.14004422568891073 -0.00431602768963744 0.0023106465077304445 -0.8741264905751147 0.4856736674893262
1701508472.0 -130.24501194558292 0.543545395873803 0.06262345875483533 -0.004424782442482467 0.0023103204522698356 -0.8775497728335094 0.47945957068307704
1701508473.0 -130.67893109398312 -0.28151229756283414 -0.01479730817923297 -0.004309958924469455 0.002170888723808809 -0.8817464192068576 0.4716990181377344
1701508474.0 -131.11285024238333 -0.675890754661868 0.16178073470215537 -0.003327521095101753 0.0016576268950289621 -0.879862399555021 0.4752139915087932
1701508475.0 -131.77452934476932 -1.2332446399159238 0.12257088826142137 -0.0023607311537178943 0.0011715432675546672 -0.8794337603616055 0.4760139867388754
1701508476.0 -132.20844849316953 -1.8429627151837558 0.1721495262350743 -0.0024956682678127563 0.0012333546402173692 -0.8800972031032571 0.4747853868497352
1701508477.0 -132.64236764156973 -2.6680204086203894 0.0947287593010131 -0.0017510730422810798 0.0008490103464588508 -0.884973809374397 0.4656367357135824
1701508478.0 -133.07628678996994 -3.493078102057023 0.01730799236693059 -0.0003319571132764797 0.00015537295161851568 -0.8915604193743559 0.45290162758456
1701508479.0 -133.2824459843844 -4.370499985507436 0.02867570984724921 -0.0008850570464661221 0.00039366422149297327 -0.9007432797767303 0.434350786392248
1701508480.0 -133.48860517879885 -5.463261487126651 -0.08695597758015339 -0.0009693899286065074 0.0004186391217559169 -0.9073482026081651 0.42037854874884406
1701508481.0 -134.12868352161348 -6.304382591338506 0.3549885925970031 -0.002720358630857032 0.0011845113804613955 -0.9048342201923042 0.42575372053652555
1701508482.0 -134.56260267001372 -7.344779902943934 0.1505684207552065 -0.004526578360753004 0.0019324304653085896 -0.9080444582258115 0.41884488499471145
1701508483.0 -134.76876186442814 -8.22220178639435 0.161936138235518 -0.008120589164095353 0.0033123803456346812 -0.9156940138310294 0.4017804838491937
1701508484.0 -134.9749210588426 -9.099623669844764 0.17330385571584372 -0.009707070658782424 0.0038814710399358568 -0.9198020188443967 0.39224348699699746
1701508485.0 -135.40884020724283 -9.709341745112603 0.22288249368949664 -0.01215760079716554 0.004707691458968131 -0.9232490558533586 0.3839807433320919
1701508486.0 -135.842759355643 -10.534399438549233 0.14546172675542834 -0.009059577446626386 0.003573229674466917 -0.9247082201019768 0.38055205131757736
1701508487.0 -136.27667850404325 -11.359457131985863 0.06804095982136005 -0.006036771157087834 0.0023419339210027637 -0.9278135235865348 0.372988120708214
1701508488.0 -136.71059765244345 -12.184514825422497 -0.00937980711270825 -0.00845232006779024 0.0031084244442298836 -0.9363680698365312 0.35090416608178826
1701508489.0 -137.12291604127236 -13.508679355985732 0.2673544376633785 -0.01053419223167644 0.0036880936146477753 -0.9433289820803341 0.33167131369293334
1701508490.0 -137.55683518967254 -14.549076667591162 0.0629342658215819 -0.010904358755904823 0.003546407176801002 -0.9499368640829325 0.31223144014103255
1701508491.0 -137.3074744761155 -15.53122693106914 0.25187895213068145 -0.012271715109674388 0.0032922136934785866 -0.9633822458697785 0.26783057084687883
1701508492.0 -137.51363367052994 -16.40864881451956 0.2632466696110001 -0.013736042668879978 0.0032292215964312143 -0.967803911633711 0.2513095340136697
1701508493.0 -137.7197928649444 -17.07073107980117 0.401613791999047 -0.017284334525422402 0.0034583005856190425 -0.9729734424822973 0.23024328906880334
1701508494.0 -137.69819210537307 -18.00051715326537 0.5017699938937525 -0.024057844824268277 0.00426044862052727 -0.9767929373194637 0.2127877493719447
1701508495.0 -137.69819210537307 -18.21585677143417 0.3747705889860242 -0.03299126288050483 0.0054246996926919635 -0.9791484248151087 0.20037592517287364
1701508496.0 -137.67659134580177 -18.93030322672957 0.6019261957884581 -0.04223221401093331 0.00650393276245656 -0.9819733729535441 0.18412613548487855
1701508497.0 -137.448831391816 -19.198007034912145 0.5637152752951167 -0.04836344318464992 0.006493871117137215 -0.9869589207340157 0.15339783500684134
1701508498.0 -136.99331148384448 -19.51807503310851 0.6142928392161693 -0.05098858856357979 0.005306934474044988 -0.992676967070851 0.10938207956424521
1701508499.0 -136.7439507702874 -20.28488567841769 0.9302369304329972 -0.050871447283456835 0.004112680428709554 -0.9959634117986687 0.07383809361930473
1701508500.0 -136.51619081630162 -20.76792910476907 0.7650266050319274 -0.04837187112152325 0.003159861427238589 -0.9976306609607398 0.04881845625376477
1701508501.0 -136.0606709083301 -21.30333672113423 0.6886047640452588 -0.04511857465153036 0.0023535070142371157 -0.9984621017278368 0.03212797284888941
1701508502.0 -135.81131019477303 -22.285486984612206 0.8775494503543513 -0.042122933718727266 0.0016351365778654696 -0.9988857224255573 0.021220233685610587
1701508503.0 -135.58355024078728 -22.76853041096358 0.7123391249532887 -0.04160914696171451 0.0006409387738789052 -0.9991267569981652 0.003740526291282671
1701508504.0 -135.3341895272302 -23.750680674441565 0.9012838112623953 0.0391900579798797 -7.180437460101629e-06 0.999230788272465 0.0014039488463980026
1701508505.0 -135.31258876765887 -24.465127129736963 1.128439418064822 0.037517118325445686 0.000743949162253403 0.9992441537924721 0.010150541057737545
1701508506.0 -135.0848288136731 -25.163510174257137 0.8362296877560382 0.03591772868130091 0.0016313301961424723 0.9990152878753232 0.025994424778260507
1701508507.0 -135.0632280541018 -26.093296247721334 0.9363858896507438 0.03461886182055318 0.002082814418764134 0.9988226304494384 0.03391974634944891
1701508508.0 -135.04162729453049 -26.807742703016732 1.1635414964531776 0.032735803382162 0.002278777931977217 0.9986527647683211 0.04019738509716027
1701508509.0 -135.0200265349592 -27.952868394649727 1.1366982934401548 0.02990752053075524 0.0023243663814851534 0.9984866849806742 0.046092054119240604
1701508510.0 -134.99842577538786 -28.882654468113927 1.2368544953348604 0.028790559255664445 0.0023938290894099457 0.9983060189783367 0.050502136109887
1701508511.0 -135.2045849698023 -29.544736733395546 1.3752216177229073 0.02895284732064208 0.0022247494686111783 0.9986541249971825 0.0429735005316215
1701508512.0 -135.2045849698023 -29.760076351564344 1.248222212815186 0.028898901669098694 0.0018753946432795384 0.9990488093822736 0.032600810559142816
1701508513.0 -135.182984210231 -30.68986242502853 1.3483784147098916 0.02800431194996791 0.0014870034134273301 0.9994453369649355 0.017960115592716163
1701508514.0 -135.16138345065968 -31.40430888032393 1.5755340215123326 0.029628858445498955 0.0018033562462254457 0.999213153839595 0.02630497761633116
1701508515.0 -135.5953025990599 -32.01402695559177 1.6251126594859713 0.029301892565557697 0.0018612319040795962 0.9992538583531863 0.02509305629344777
1701508516.0 -135.80146179347435 -32.891448839042184 1.636480376966297 0.02842662617130231 0.0020067293433222123 0.9990558148652994 0.032792967930524025
1701508517.0 -135.5737018394886 -33.37449226539356 1.4712700515652344 0.02905750850453365 0.002548337752287335 0.9978786287368341 0.05820145603423442
1701508518.0 -135.3243411259315 -34.57198214704034 1.5332153329666056 0.03084551379202537 0.003010569785427531 0.9967054613641566 0.07495141116307777
1701508519.0 -135.30274036636018 -35.50176822050454 1.6333715348613111 0.031933271580131484 0.0030894513547269527 0.9961940174657448 0.08104443856289975
1701508520.0 -135.28113960678888 -36.00087505763114 1.9875265465714804 0.034813176393024 0.0034803377955440785 0.9953502337496681 0.08974320126192387
1701508521.0 -134.82561969881735 -36.5362826739963 1.9111047055848047 0.03726955137208263 0.004291145621453866 0.9933698303096239 0.1086689782799504
1701508522.0 -134.37009979084584 -37.28702990853026 1.7076834596904078 0.0374566808380098 0.004844501273859654 0.9919428155780385 0.12092550802506738
1701508523.0 -134.34849903127454 -38.21681598199444 1.8078396615851133 0.03857084369462535 0.005391949325716244 0.9916156774884144 0.12321349381600441
1701508524.0 -134.09913831771743 -39.19896624547243 1.9967843478941987 0.03997247974908673 0.005994974667223302 0.9906698772404409 0.13015166333880596
1701508525.0 -134.07753755814613 -40.12875231893663 2.0969405497889113 0.040947787372864405 0.006075859629948384 0.9912861058742913 0.12505286457977333
1701508526.0 -134.0559367985748 -41.05853839240082 2.197096751683624 0.04509229939461331 0.006656241145344845 0.9915781509331354 0.1212235520892932
1701508527.0 -133.6004168906033 -41.59394600876598 2.120674910696941 0.04941569341430724 0.007450043020479206 0.9910499638306597 0.12378430956556767
1701508528.0 -133.35105617704622 -42.576096272243966 2.309619597006048 0.05415073549998419 0.008973341916373067 0.989735043703812 0.1319534775755296
1701508529.0 -133.32945541747492 -43.50588234570816 2.4097757989007533 0.059535930324692406 0.010756192460491854 0.9875946557122318 0.1449019438543333
1701508530.0 -133.08009470391784 -44.70337222735494 2.4717210803021317 0.06476267137094764 0.012830405191739652 0.9844878377734304 0.1625572956705119
1701508531.0 -132.83073399036076 -45.68552249083291 2.660665766611217 0.07415030497457632 0.01583757407566614 0.9799598122467665 0.18420008116408962
1701508532.0 -132.602974036375 -46.16856591718429 2.4954554412101544 0.08087543215492106 0.01695838313217717 0.9774054628320291 0.1945511216657564
1701508533.0 -132.12585336883217 -46.98774075250725 2.900188016841362 0.08480686315666708 0.017784290227360222 0.9726068968718827 0.2157019683263976
1701508534.0 -130.98705359890334 -47.46490132074496 3.2171310340055825 0.08231553975338725 0.02033826505974132 0.9608010380595656 0.26395429936473747
1701508535.0 -130.30377373694608 -48.2680127452927 3.1024982725255725 0.07622150454854022 0.021574262843889882 0.9518535130543683 0.29614139040863113
1701508536.0 -129.82665306940322 -49.08718758061566 3.5072308481567873 0.07038720661637554 0.022021595255037506 0.9445636807139391 0.31993771825669853
1701508537.0 -129.14337320744596 -49.67495938699461 3.5195974915844985 0.0642706724914874 0.021362567603547353 0.9393615754339811 0.3361736931424957
1701508538.0 -128.46009334548864 -50.262731193373554 3.5319641350122097 0.05889483785872816 0.020535870251581562 0.9345491472877117 0.3503249454583777
1701508539.0 -127.54905352954562 -50.90286718976627 3.633119262854315 0.0523141618552547 0.019248900442297198 0.9270098058955897 0.37087130931708107
1701508540.0 -126.63801371360256 -51.543003186159 3.73427439069642 0.04675542084200106 0.0188904145927424 0.9117297515634804 0.40768363098411975
1701508541.0 -125.72697389765952 -51.96779956438292 3.9624289234462466 0.03876373786996568 0.0172408940298734 0.8986259872855334 0.43665943156480624
1701508542.0 -124.38201493331627 -52.428896721845405 3.7600066034992423 0.031656239794925566 0.015222874574092778 0.887484108056562 0.459497665411693
1701508543.0 -123.4709751173732 -52.853693100069336 3.988161136249076 0.030922979458144886 0.01629108048853619 0.8756745912504852 0.4816351111331511
1701508544.0 -122.55993530143016 -53.27848947829326 4.216315668998902 0.03098752852115957 0.018338019380599254 0.8594771923840497 0.5099043497490272
1701508545.0 -121.21497633708691 -53.524247017586944 4.140892753959633 0.03247512154385799 0.020923574422802224 0.8447473133850874 0.5337691889222926
1701508546.0 -120.30393652114387 -54.16438301397967 4.2420478818017315 0.03452456531407007 0.023667796969131974 0.8324131134287373 0.5525724372137817
1701508547.0 -119.18673751078636 -54.35777636325958 4.077836482348069 0.0374247900574351 0.02707411051693505 0.816553996716465 0.57541806373735
1701508548.0 -118.27569769484332 -54.35189350514591 4.559989824913345 0.038665407634735346 0.029996828697736445 0.7950535649830972 0.6045618292020978
1701508549.0 -117.38625863847157 -54.06224342807444 4.560988750860744 0.036926996631959086 0.03071349634032046 0.7739674414314573 0.6314012018252262
1701508550.0 -116.04129967412833 -54.092661349199325 4.6125652407291895 0.03013357396296988 0.02642596912437899 0.7611806696678345 0.6473002579947599
1701508551.0 -114.92410066377082 -54.286054698479234 4.4483538412755195 0.02479203910294846 0.02275595517645234 0.7552311917316867 0.6545940485038506
1701508552.0 -113.80690165341332 -54.26410842959034 4.411141846729578 0.016035790512870136 0.01541353844235127 0.7470857267924985 0.6643554719261653
1701508553.0 -112.46194268907007 -54.50986596888402 4.335718931690302 0.008572158969683484 0.008520102753831376 0.7423953181163863 0.6698530567061198
1701508554.0 -111.0953829651555 -55.03939072713551 4.741450433268909 0.0035771997609999944 0.003654383303590699 0.7371438607585379 0.6757164920812113
1701508555.0 -109.75042400081223 -55.285148266429196 4.66602751822964 0.0014390426098458836 0.0014610867744835846 0.7400111448765252 0.672591480648052
1701508556.0 -108.63322499045475 -55.478541615709105 4.50181611877597 0.0007558863216241838 0.0007743286355822212 0.73458857149056 0.6785119451317649
1701508557.0 -107.28826602611149 -55.508959536834 4.553392608644415 0.0018143884093920688 0.0018993788071214165 0.7243860035809034 0.6893895982468361
1701508558.0 -106.37722621016844 -55.718416296889124 4.90854654630197 0.0025896812615892905 0.0027993931980319483 0.7088580872084126 0.7053408177242521
1701508559.0 -105.26002719981093 -55.696470028000235 4.8713345517560285 0.004365438431693474 0.0049231384475469445 0.6904762111385496 0.7233251741138825
1701508560.0 -103.91506823546769 -55.72688794912512 4.922911041624474 0.005973688114297072 0.006936356038856038 0.6769053802985915 0.736013116824717
1701508561.0 -102.79786922511019 -55.704941680236224 4.885699047078532 0.0077316825362621485 0.009164287002899504 0.6700481515175201 0.7422207970522259
1701508562.0 -101.47451102033824 -55.451592382403305 4.456121120329101 0.007506923892824749 0.009079151282054812 0.665275374271095 0.7465051181968676
1701508563.0 -100.12955205599498 -55.482010303528206 4.507697610197553 0.008059986468014781 0.00986703894004662 0.6606165155983347 0.7506154124979091
1701508564.0 -99.0123530456375 -55.46006403463931 4.4704856156516115 0.007406434388092871 0.009206151124900279 0.6526877649561088 0.7575348658561663
1701508565.0 -97.89515403527999 -55.43811776575042 4.43327362110567 0.006952199569691168 0.008753745109099327 0.6450907579644105 0.7640241834239347
1701508566.0 -96.77795502492249 -55.41617149686152 4.396061626559728 0.006642138486291023 0.008409349258470733 0.6373269034111254 0.7705190348263721
1701508567.0 -95.66075601456501 -55.394225227972626 4.358849632013786 0.004854490839111838 0.006229360861934305 0.629341451559754 0.7770887763509435
1701508568.0 -94.97747615260772 -55.55131779801397 4.625215085256954 0.0033632065801229728 0.004393088600462466 0.6221977425106423 0.7828405705050732
1701508569.0 -93.86027714225021 -55.31403191095629 4.715002495618741 0.0031185989724870173 0.0041732711280696244 0.612719437493542 0.7902833346756959
1701508570.0 -92.74307813189272 -55.29208564206739 4.677790501072799 0.0033096076577855305 0.004466235430887838 0.6101979492670181 0.7922294881841705
1701508571.0 -91.62587912153523 -55.270139373178495 4.640578506526857 0.0038768068265848344 0.005273194876907882 0.6080281428763293 0.7938884942200519
1701508572.0 -90.50868011117772 -55.03285348612081 4.730365916888644 0.004345169162121671 0.0059253041707958 0.6086688221726696 0.7933903674675987
1701508573.0 -89.39148110082023 -55.01090721723192 4.693153922342702 0.004534384232929097 0.0061544491281124 0.6127580957324555 0.7902335592911076
1701508574.0 -88.27428209046273 -54.98896094834302 4.655941927796768 0.005399690178178391 0.007359533662776333 0.6120192465911143 0.7907901886166083
1701508575.0 -87.384843034091 -55.129990107609146 4.402942043928711 0.00578398259646937 0.007856824375822736 0.6150475156341546 0.7884296857477562
1701508576.0 -86.47380321814795 -55.33944686766427 4.758095981586266 0.005353797066426386 0.007209025269356872 0.618911361730149 0.785409506647946
1701508577.0 -86.03988406974774 -55.37574764690283 4.327519128889428 0.004568373620407838 0.005998150702891894 0.6266131908930176 0.7792939504124747
1701508578.0 -85.35660420779045 -55.53284021694418 4.5938845821325955 0.0034316211502669483 0.004505543517045685 0.6275522378126347 0.7785538599674728
1701508579.0 -84.23940519743296 -55.51089394805528 4.556672587586654 0.0030597462418913593 0.0039549243911864386 0.6370595888570173 0.7707983372914884
1701508580.0 -83.55612533547567 -55.883326136265424 4.696038635922093 0.002429656435660511 0.0031073022734555873 0.6433907603136838 0.7655277728372538
1701508581.0 -82.66668627910394 -55.80901567736275 4.570038156961765 0.0025054732246989494 0.003192019855935802 0.6437845033835825 0.7651960839002729
1701508582.0 -82.2111663711324 -55.91374405739032 4.747615125790539 0.0015054040443964046 0.0018689358387775916 0.6489417396552221 0.7608343179502011
1701508583.0 -81.54948726874645 -55.787069408473855 4.532826162415823 0.0019309084981395208 0.0023439624392703304 0.6533647606187731 0.7570371635620199
1701508584.0 -81.32172731476068 -55.839433598487645 4.62161464683021 0.0036660747773099222 0.004351214305947183 0.6589741994671396 0.7521440229546688
1701508585.0 -81.09396736077491 -56.10713740667022 4.583403726336876 0.005375645212662949 0.006311114966822724 0.661531323654074 0.749871709088236
1701508586.0 -81.32172731476068 -56.05477321665644 4.494615241922482 0.005405871842837093 0.006365596465241498 0.6609614510174676 0.7503733843894945
1701508587.0 -81.32172731476068 -55.839433598487645 4.62161464683021 0.0055310205842154505 0.0064767944401625975 0.66552540488307 0.7463266003569098
1701508588.0 -81.32172731476068 -55.839433598487645 4.62161464683021 0.005586858478510125 0.006486386064718544 0.6726392584731516 0.7399210375228219
1701508589.0 -81.32172731476068 -56.05477321665644 4.494615241922482 0.005542365187987437 0.006432571960182489 0.676086817608625 0.7367730446086785
1701508590.0 -81.32172731476068 -56.05477321665644 4.494615241922482 0.005404580278317065 0.006332313972462126 0.6737439455648466 0.7389179847090489
1701508591.0 -81.32172731476068 -56.05477321665644 4.494615241922482 0.00527757415272876 0.0061883160236822325 0.6730483427279077 0.7395537710721719
1701508592.0 -81.09396736077491 -56.10713740667022 4.583403726336876 0.005207866939394501 0.006087186843202786 0.6731006607714091 0.7395074879589592
1701508593.0 -81.32172731476068 -56.05477321665644 4.494615241922482 0.0051615428953609935 0.006023458384463745 0.6725458625105712 0.7400129318085881
1701508594.0 -81.32172731476068 -56.05477321665644 4.494615241922482 0.005191696132667686 0.006078050318360682 0.6706253347964795 0.7417531691369463
1701508595.0 -81.32172731476068 -56.05477321665644 4.494615241922482 0.005186320272939317 0.0061055551548567615 0.6683695128835769 0.7437862720742079
1701508596.0 -81.32172731476068 -56.05477321665644 4.494615241922482 0.005184696030133918 0.0061412361841798975 0.6663482656140215 0.7455973397608059
1701508597.0 -81.32172731476068 -56.05477321665644 4.494615241922482 0.005165968522961461 0.006156997970970775 0.6643614357459895 0.7473682404536152
1701508598.0 -81.32172731476068 -56.05477321665644 4.494615241922482 0.00512499906124012 0.006145760452934948 0.6621935081771942 0.7492901452315103
1701508599.0 -81.32172731476068 -56.05477321665644 4.494615241922482 0.005112202663556171 0.00616774721022421 0.6599280088654549 0.7512861288438337
1701508600.0 -81.32172731476068 -56.05477321665644 4.494615241922482 0.005109606574593805 0.006203851662284861 0.6577944696661985 0.7531545922463527
1701508601.0 -81.32172731476068 -56.05477321665644 4.494615241922482 0.005085432414123491 0.006212410183552836 0.6555174330030895 0.7551373645674757
1701508602.0 -81.32172731476068 -56.05477321665644 4.494615241922482 0.005062392710335508 0.006219952072961871 0.6533070705061308 0.7570505637029495
1701508603.0 -81.32172731476068 -56.05477321665644 4.494615241922482 0.005050003115124247 0.0062412444003230845 0.6509983522896231 0.7590366853143979
1701508604.0 -81.32172731476068 -56.05477321665644 4.494615241922482 0.0050102392055344945 0.006228475536582452 0.6488099455334733 0.7609085084111261
1701508605.0 -81.32172731476068 -56.05477321665644 4.494615241922482 0.00499735003023817 0.006249998367827775 0.646609322712883 0.7627793572153512
1701508606.0 -81.32172731476068 -56.05477321665644 4.494615241922482 0.004962387458919571 0.006244390036948481 0.644343422016504 0.7646946690070721
1701508607.0 -81.32172731476068 -56.05477321665644 4.494615241922482 0.0049771161538895705 0.006299522038855037 0.6421717619424585 0.7665187359096911
1701508608.0 -81.32172731476068 -56.05477321665644 4.494615241922482 0.004958182719371239 0.006314434832085708 0.6399616762744417 0.7683648854788195
1701508609.0 -81.32172731476068 -56.05477321665644 4.494615241922482 0.004929403816304509 0.006314800055290893 0.6377396390908772 0.7702103459513612
1701508610.0 -81.32172731476068 -56.05477321665644 4.494615241922482 0.004906235000154284 0.00632177546626202 0.6354988335759763 0.7720603580916787
1701508611.0 -81.32172731476068 -56.05477321665644 4.494615241922482 0.004878286311544133 0.006321336633724873 0.633252610369875 0.7739039827301349
1701508612.0 -81.09396736077491 -56.10713740667022 4.583403726336876 0.005418171995702879 0.006918501870345713 0.6401788501715031 0.7681756423743121
1701508613.0 -80.43228825838895 -55.98046275775376 4.368614762962153 0.006848737222416621 0.00723942464150757 0.711163066931051 0.7029564550969993
1701508614.0 -79.74900839643166 -56.35289494596391 4.5079808112975925 0.007250059705948429 0.006786503908166837 0.7551244373404503 0.6555062655156189
1701508615.0 -78.63180938607417 -56.54628829524381 4.343769411843937 0.00692295995969307 0.006055685861484835 0.7756612535642521 0.6310824201427866
1701508616.0 -77.94852952411688 -56.91872048345395 4.483135460179376 0.006496117164121971 0.005234409330674066 0.79948912102246 0.6006226325967772
1701508617.0 -77.26524966215959 -57.2911526716641 4.622501508514816 0.005611799376181786 0.004482005790594225 0.8024167993473411 0.5967207885242674
1701508618.0 -76.1480506518021 -57.6998856391128 4.3312907041534245 0.005962371269956065 0.004770186007330941 0.8045543193250132 0.5938299779480312
1701508619.0 -75.00925088187329 -58.177046207350514 4.648233721317645 0.0059882997545220975 0.004737595566880312 0.8087265838489869 0.5881351953677335
1701508620.0 -74.09821106593023 -58.81718220374323 4.749388849159743 0.007321273060371102 0.005724740214012522 0.8102624002468494 0.5859935742450356
1701508621.0 -72.98101205557273 -59.22591517119194 4.458178044798352 0.007912762030915569 0.006101240647332371 0.8110386536346929 0.5849072280028947
1701508622.0 -71.84221228564394 -59.70307573942965 4.775121061962572 0.0077479949871365975 0.0058713567640787615 0.8111326520330757 0.5847814263032107
1701508623.0 -70.72501327528644 -60.11180870687835 4.483910257601174 0.008845709840936522 0.006442247928447968 0.8196881476786095 0.572705501470213
1701508624.0 -69.81397345934339 -60.75194470327108 4.585065385443279 0.009733255784472906 0.006866564758846546 0.8288518950984289 0.5593412643565551
1701508625.0 -68.90293364340035 -61.39208069966379 4.6862205132853845 0.010021283196373975 0.006803044983063741 0.8400129840385531 0.5424310823585813
1701508626.0 -67.99189382745729 -62.24755631422532 4.660376236219761 0.00957779566351516 0.00622488498658569 0.8521465507249688 0.5231785285394172
1701508627.0 -67.08085401151425 -63.103031928786834 4.634531959154138 0.008487698881360214 0.005255626074710708 0.8635989588992562 0.5040805248671913
1701508628.0 -66.16981419557119 -63.95850754334836 4.608687682088522 0.007852667333852065 0.004653493902188645 0.8727494493048596 0.48808306603313983
1701508629.0 -65.25877437962815 -64.59864353974109 4.70984280993062 0.005151378892027643 0.0029279965216605567 0.8790472165089716 0.4766978930934237
1701508630.0 -64.80325447165663 -65.34939077427504 4.5064215640362235 0.005471677061098151 0.0028881842969431036 0.8910686781114716 0.4538263214383676
1701508631.0 -64.11997460969934 -65.72182296248519 4.645787612371663 0.004952735166752403 0.002485444932997453 0.8977448907856586 0.44048087818439874
1701508632.0 -63.66445470172782 -66.25723057885034 4.569365771384987 0.006553534877321891 0.0030637653275311567 0.9087831746936693 0.4172059514392443
1701508633.0 -63.43669474774205 -66.74027400520173 4.404155445983932 0.010781141335885877 0.004661620489334675 0.9201956422966108 0.391282527317841
1701508634.0 -63.187334034184985 -67.5070846505109 4.720099537200753 0.016714547207640967 0.006275429036895862 0.9383584810160969 0.34520226535642823
1701508635.0 -62.73181412621346 -68.25783188504487 4.516678291306356 0.018667669474424862 0.005646059307601438 0.961117310942431 0.275450820905437
1701508636.0 -62.710213366642144 -69.40295757667786 4.489835088293333 0.023648563746841426 0.0054410085718725205 0.9795874278148694 0.19954852072987217
1701508637.0 -63.14413251504236 -70.0126756519457 4.539413726266993 0.024632605041438216 0.005148935531684069 0.9841806900097138 0.17537129937297852
1701508638.0 -63.122531755471044 -70.94246172540988 4.639569928161691 0.02257422318424401 0.0034454713901575533 0.9918143835703823 0.12562946198018202
1701508639.0 -62.87317104191397 -71.92461198888788 4.828514614470791 0.017079861714213093 0.0018699462990814913 0.9955873722431726 0.09225272816885421
1701508640.0 -62.41765113394244 -72.89069884159062 4.498093963668666 0.011820364594374265 0.0008447026252135685 0.9976913167150633 0.06687003820616728
1701508641.0 -62.16829042038537 -73.6575094868998 4.8140380548854935 0.007270394225612339 0.00033173596150212005 0.998718823272234 0.05007737374084537
1701508642.0 -62.16829042038537 -73.6575094868998 4.8140380548854935 0.0053533131294979976 0.00022727172058388745 0.99887142279151 0.047192913838488754
1701508643.0 -62.16829042038537 -73.6575094868998 4.8140380548854935 0.004982184495163086 8.409409890752412e-05 0.9998392159680876 0.017225358578525314
1701508644.0 -62.16829042038537 -73.6575094868998 4.8140380548854935 -0.005811555691419205 6.451235115081949e-05 -0.999868890675134 0.01511367323581714
1701508645.0 -62.16829042038537 -73.6575094868998 4.8140380548854935 -0.007771632531795481 0.00024083964903638013 -0.9992827462538746 0.0370612569048692
1701508646.0 -62.16829042038537 -73.6575094868998 4.8140380548854935 -0.009666704015850985 0.0004611967337677315 -0.9984780872195499 0.05429412006314759
1701508647.0 -62.16829042038537 -73.6575094868998 4.8140380548854935 -0.01091971491502384 0.0007134193270715512 -0.9973610548922348 0.0717717008526822
1701508648.0 -62.16829042038537 -73.6575094868998 4.8140380548854935 -0.011217695810827457 0.0009414827137815868 -0.995910184622003 0.08964474930057745
1701508649.0 -62.16829042038537 -73.6575094868998 4.8140380548854935 -0.010930372355722522 0.0011103636306608817 -0.994236122080993 0.10664814861084984
1701508650.0 -62.16829042038537 -73.6575094868998 4.8140380548854935 -0.0103638701574954 0.0012323309139307959 -0.9922951403488421 0.12345617034376483
1701508651.0 -62.16829042038537 -73.6575094868998 4.8140380548854935 -0.009952018313792155 0.0013576834146768722 -0.9900485760402151 0.14036712972761684
1701508652.0 -62.16829042038537 -73.6575094868998 4.8140380548854935 -0.009651376808659165 0.0014850572161547487 -0.9874892721930862 0.15738355325233527
1701508653.0 -62.16829042038537 -73.6575094868998 4.8140380548854935 -0.009581733381808151 0.0016415364667684389 -0.9846382329431416 0.17433601455246095
1701508654.0 -62.16829042038537 -73.8728491050686 4.687038649977765 -0.010935851965344924 0.0017430268640327162 -0.9872924678061313 0.15852744876652253
1701508655.0 -61.918929706828294 -74.85499936854659 4.875983336286865 -0.012670990898255133 0.0015606300300265205 -0.9932787511210627 0.11504057108232611
1701508656.0 -61.66956899327122 -76.26782886836216 4.810929212780508 -0.013191027708889955 0.0012127825341305934 -0.9967527042655111 0.07942652255952491
1701508657.0 -61.19244832572838 -77.30234332185393 5.088662383503994 -0.015149940882265464 0.001136471093046875 -0.9978652510843043 0.0635147888540685
1701508658.0 -60.96468837174262 -78.2160659845429 4.669453248287482 -0.014279202987718339 0.0006449192771128069 -0.999114570207712 0.03956973641333025
1701508659.0 -60.715327658185544 -79.41355586618967 4.731398529688853 -0.012876317247685369 0.0003151406632451756 -0.9996440037974754 0.023365932728059886
1701508660.0 -60.69372689861423 -80.55868155782267 4.70455532667583 -0.009886238571505869 0.0001326974719128609 -0.9997873445624744 0.01809724650338288
1701508661.0 -60.87828533345736 -82.15054989656848 4.943078650958583 -0.006256490351866078 7.70416470559378e-05 -0.9997620264993216 0.020898343547548492
1701508662.0 -60.62892461990029 -83.34803977821525 5.005023932359954 -0.004607149912716332 6.807177458230461e-05 -0.9996850942897052 0.02466742367776804
1701508663.0 -60.607323860328975 -84.49316546984825 4.9781807293469384 -0.003909059136000377 6.052107549915189e-05 -0.9996822266529048 0.02490303813113286
1701508664.0 -60.58572310075766 -85.63829116148125 4.951337526333923 -0.004048649279134288 6.384907354547469e-05 -0.9996956324949834 0.024336119920099875
1701508665.0 -60.336362387200595 -87.0511206612968 4.886283402827566 -0.0049211726669391425 7.911220804153151e-05 -0.999723724458522 0.02298370195642652
1701508666.0 -60.31476162762928 -88.19624635292982 4.859440199814543 -0.006221221116901063 0.00010207449415351791 -0.9997084003756718 0.023332385367291576
1701508667.0 -60.29316086805797 -89.3413720445628 4.832596996801527 -0.006727162825557121 0.00011777520711134242 -0.9996518399051589 0.025513337365962185
1701508668.0 -60.27156010848665 -90.4864977361958 4.8057537937885115 -0.0067181671096258775 0.0001321622057252855 -0.9995294946188974 0.029927214215994674
1701508669.0 -60.24995934891534 -91.6316234278288 4.778910590775496 -0.007215036191550307 0.0001628500217092717 -0.9994656192199609 0.03188091482196285
1701508670.0 -60.228358589344026 -92.77674911946178 4.75206738776248 -0.008069633590576044 0.00019792182674865415 -0.9994360167238128 0.03259586347840607
1701508671.0 -59.978997875786945 -93.97423900110857 4.814012669163844 -0.008994664988783454 0.00020718015748341905 -0.9995791016453975 0.027580294267863507
1701508672.0 -59.72963716222987 -95.17172888275533 4.8759579505652155 -0.008855942308007755 0.000162312489475065 -0.9997212815470753 0.021883901899945192
1701508673.0 -59.708036402658564 -96.53219419255714 4.7221153426444715 -0.00781848843340586 8.904314530726356e-05 -0.9998364280496775 0.016308907222647745
1701508674.0 -59.45867568910148 -97.7296840742039 4.78406062404585 -0.007382403897157231 6.332983850492817e-05 -0.9998462111142544 0.015907552373030636
1701508675.0 -59.43707492953017 -98.87480976583691 4.757217421032827 -0.006125944858603125 3.875829794227693e-05 -0.9998919869709196 0.013359853619326007
1701508676.0 -59.1877142159731 -100.28763926565247 4.692163297526477 -0.005741996567878474 3.472614833814526e-05 -0.9999037886662112 0.012627021836756038
1701508677.0 -59.16611345640178 -101.43276495728547 4.665320094513454 -0.004494005484332535 4.2631060521948326e-05 -0.9998794715325426 0.014860837967720242
1701508678.0 -59.144512696830475 -102.57789064891847 4.638476891500439 -0.005104437423153622 8.009785312781992e-05 -0.9997774129399599 0.020471025328690398
1701508679.0 -59.12291193725916 -103.72301634055147 4.611633688487423 -0.005444365578158598 0.00010615279921346813 -0.9996420483683963 0.0261939448894461
1701508680.0 -59.10131117768785 -105.08348165035326 4.457791080566679 -0.005689118637568428 8.425756214713368e-05 -0.9996786594158802 0.02470232252763888
1701508681.0 -59.30747037210229 -106.17624315197247 4.342159393139276 -0.006126025134130366 2.2774378333370037e-05 -0.9997808657162102 0.020017288655787665
1701508682.0 -59.05810965854522 -107.37373303361926 4.404104674540648 -0.006919972667926752 -5.290155146172922e-05 -0.9999068684257311 0.011762893128335852
1701508683.0 -58.80874894498814 -108.57122291526602 4.466049955942012 0.0070329280768534775 9.857342185934464e-05 0.9999568195682595 -0.006073483751318179
1701508684.0 -58.78714818541683 -109.71634860689902 4.439206752928996 0.00809685449335316 0.0001497424596918748 0.9999663634454364 -0.001300193146700168
1701508685.0 -58.53778747185976 -110.91383848854579 4.501152034330367 0.00828950511468547 0.00010880501129678782 0.9999648015356462 -0.0012914937858603578
1701508686.0 -58.516186712288444 -112.27430379834759 4.347309426409623 0.007286183653544374 8.546105751579534e-05 0.9999733640141952 0.00041891085945450007
1701508687.0 -58.494585952717124 -113.41942948998059 4.320466223396608 0.004973518157543016 8.038748828752859e-05 0.9999626471007955 0.007068384409329331
1701508688.0 -58.47298519314582 -114.56455518161357 4.293623020383592 0.0021464284627153987 3.735354314662443e-05 0.9999611270481712 0.008551949609216888
1701508689.0 -58.65754362798895 -116.1564235203594 4.532146344666337 0.002076568236651855 3.931021872996863e-05 0.9999498232189648 0.009799865480016818
1701508690.0 -58.408182914431876 -117.35391340200616 4.594091626067716 0.0025825799724853707 5.105364965216533e-05 0.9999115613591685 0.013045962382297173
1701508691.0 -58.38658215486056 -118.49903909363917 4.567248423054693 0.005304212162323898 0.00012879843574577725 0.9997941942398848 0.01958105994371467
1701508692.0 -58.13722144130348 -119.69652897528593 4.629193704456057 0.007117163340076373 0.00023013132464493624 0.9995494062941489 0.02915951650110845
1701508693.0 -58.11562068173217 -120.84165466691894 4.602350501443048 0.008440576554340315 0.0003367962185056548 0.9992695143017425 0.03727037728407293
1701508694.0 -57.8662599681751 -122.03914454856572 4.6642957828444125 0.00858137893808017 0.0003082910288699445 0.9994055289051565 0.03338942476244575
1701508695.0 -57.84465920860379 -123.18427024019871 4.637452579831404 0.007848905609894756 0.00028005647063332137 0.9993897797518314 0.03403504630063247
1701508696.0 -57.595298495046706 -124.38176012184547 4.699397861232768 0.006828365182159759 0.00024919154306275666 0.9994187525581442 0.033398628229870074
1701508697.0 -57.57369773547539 -125.74222543164727 4.545555253312017 0.00567730722039418 0.0002052503275665669 0.9995486357486327 0.02950001403517366
1701508698.0 -57.552096975904085 -126.88735112328027 4.518712050299008 0.0063402555622277725 0.0002245091696973916 0.9996097207487473 0.02720582547267537
1701508699.0 -57.73665541074722 -128.2638798438573 4.884234779489489 0.007116949489113383 0.00023665249907547602 0.99963993053237 0.025870877658143412
1701508700.0 -57.715054651175905 -129.40900553549028 4.857391576476466 0.008147597559445163 0.00022110775929838592 0.9997297695418702 0.02177052266545566
1701508701.0 -57.69345389160459 -130.55413122712326 4.830548373463458 0.008601877054624042 0.00020699536460563555 0.9997511027490013 0.020583911586769713
1701508702.0 -57.67185313203328 -131.91459653692505 4.676705765542707 0.008051798893478162 0.00021267242319027193 0.9996821314677746 0.023890569877386553
1701508703.0 -57.65025237246196 -133.05972222855806 4.649862562529677 0.007545859706366489 0.0001987819183918335 0.9996508634921492 0.025321366599003695
1701508704.0 -57.4008916589049 -134.25721211020482 4.711807843931069 0.0075018494415244 0.00021203526387488967 0.9995969247305276 0.02738001762737514
1701508705.0 -57.151530945347815 -135.4547019918516 4.7737531253324335 0.007108732539444899 0.00022066886795424486 0.9995484474064593 0.029194494588364518
1701508706.0 -57.1299301857765 -136.59982768348462 4.746909922319418 0.006294323442573806 0.0002810902253644561 0.9992557562368501 0.038055697447376344
1701508707.0 -56.65280951823367 -137.84968175514518 4.897643688135176 0.005519595817593841 0.00038006310330826373 0.9984342376655932 0.05566383629587126
1701508708.0 -55.96952965627638 -138.8681327978617 4.6560115217474305 0.006738361408602803 0.0008299342086676599 0.9944541767874876 0.10495139810720351
1701508709.0 -54.83072988634757 -139.775972602437 4.7189557290962085 0.007144765307950204 0.0011348154320275088 0.9901154438381918 0.1400680991365624
1701508710.0 -53.91969007040452 -140.41610859882974 4.8201108569382995 0.008898612225158413 0.0017835296064299725 0.9827065426062478 0.18494724880755622
1701508711.0 -52.574731106061265 -140.66186613812343 4.744687941899031 0.014847377250129329 0.003380736300413264 0.9761960289336662 0.2163548915670732
1701508712.0 -51.435931336132455 -141.13902670636114 5.061630959063251 0.013282260795756465 0.00366615259493221 0.9641126984565909 0.26513552298410514
1701508713.0 -50.31873232577496 -141.33242005564102 4.897419559609574 0.015482172179752653 0.004959157859647123 0.9514472195130975 0.30738233127282244
1701508714.0 -48.973773361431704 -141.36283797676592 4.948996049478026 0.01461879569585585 0.005377367210964037 0.9374447333729773 0.3477854893544995
1701508715.0 -47.8565743510742 -141.340891707877 4.911784054932085 0.012153545614559955 0.005023107758268333 0.9219828263126336 0.38700740006104767
1701508716.0 -46.511615386730945 -141.5866492471707 4.836361139892816 0.008010212902729255 0.003697761066601061 0.905055445057796 0.4252020748110033
1701508717.0 -45.39441637637345 -141.56470297828182 4.799149145346874 0.004915815407585512 0.0025004658212066013 0.8882953247969962 0.45923958711478097
1701508718.0 -44.04945741203019 -141.5951208994067 4.850725635215319 0.0030544904556799118 0.0017075518250206435 0.8711013551036653 0.4910908098217469
1701508719.0 -42.70449844768693 -141.6255388205316 4.9023021250837715 0.002537014174281158 0.001538498414174484 0.8535152297889602 0.5210594487196327
1701508720.0 -41.587299437329435 -141.6035925516427 4.865090130537823 0.001998135240699607 0.001329141853312383 0.8316078017119791 0.5553581771877166
1701508721.0 -40.24234047298618 -141.63401047276759 4.916666620406275 0.0018811653913949446 0.0013450448917547598 0.8117247140133148 0.5840356502226653
1701508722.0 -39.125141462628676 -141.6120642038787 4.879454625860326 0.0012691514396531377 0.000969322134399447 0.7913932422422345 0.6113053130822168
1701508723.0 -37.57402330387097 -141.19573947789078 4.6656645884330175 0.0014761157201564784 0.0012000988235916965 0.7716509173887247 0.6360434281857913
1701508724.0 -36.456824293513485 -141.17379320900187 4.628452593887069 0.0016065084106702283 0.001384182808111662 0.7523845031990112 0.6587207773515704
1701508725.0 -35.11186532917022 -141.20421113012677 4.680029083755521 0.003103347337349827 0.002826354599695585 0.7342627227723477 0.6788524397112521
1701508726.0 -33.994666318812726 -140.96692524306906 4.7698164941173005 0.003946225777673601 0.0037901825347529568 0.7171492469827069 0.6968981413166498
1701508727.0 -32.87746730845523 -140.94497897418017 4.732604499571366 0.005654519617055914 0.005699304433670716 0.7012600203555941 0.7128603847793369
1701508728.0 -31.532508344111967 -140.97539689530507 4.784180989439818 0.005888801079400608 0.006141214002107711 0.6904914063591996 0.7232905538277975
1701508729.0 -30.41530933375447 -140.95345062641618 4.746968994893869 0.005173165568577072 0.005604437282544925 0.6778384745994217 0.7351712936407918
1701508730.0 -29.070350369411216 -140.98386854754108 4.798545484762315 0.0038114698492015277 0.004294697670329574 0.6663067798446647 0.7456556198423926
1701508731.0 -27.95315135905372 -140.9619222786522 4.76133349021638 0.003373160166107679 0.003924430568551046 0.6569454789245625 0.7539203262651721
1701508732.0 -26.608192394710457 -140.99234019977706 4.812909980084825 0.003579376349709253 0.004298617551605782 0.6467996223139804 0.7626394682460281
1701508733.0 -25.490993384352965 -140.97039393088818 4.7756979855388835 0.004075141617609486 0.005043170168487538 0.6355933702982651 0.7719967793251087
1701508734.0 -24.146034420009705 -141.00081185201307 4.827274475407329 0.00390813880783579 0.004953181659994792 0.6254617295897692 0.7802293363243118
1701508735.0 -23.028835409652213 -140.76352596495536 4.917061885769115 0.0034291551615932806 0.004441453010211998 0.615459182957018 0.7881487857656799
1701508736.0 -21.68387644530895 -140.79394388608026 4.9686383756375605 0.003217428568498576 0.0042518120049605075 0.606625154709494 0.7949701201439986
1701508737.0 -20.56667743495146 -140.77199761719137 4.931426381091626 0.003349749272873203 0.004490761093930941 0.5991818848757822 0.8005933306500317
1701508738.0 -19.449478424593956 -140.75005134830246 4.894214386545684 0.0033458843034698538 0.004537086748746019 0.593577992142811 0.8047567254430193
1701508739.0 -17.898360265836253 -140.33372662231454 4.680424349118361 0.004300119986444606 0.005904184732426926 0.5872258268300056 0.8093901888919608
1701508740.0 -16.781161255478757 -140.31178035342566 4.6432123545724195 0.004452557545780981 0.006256796360659175 0.5780399782091755 0.8159723100832151
1701508741.0 -15.66396224512126 -140.07449446636795 4.732999764934206 0.004957616483914488 0.007064584843267331 0.5719169684275534 0.8202661122492064
1701508742.0 -14.319003280778002 -140.10491238749285 4.7845762548026585 0.004853971214792787 0.0069773218442124915 0.5683761478279966 0.8227249300486376
1701508743.0 -13.201804270420507 -139.86762650043516 4.874363665164438 0.004885750689984031 0.007082695541893379 0.5649964879812418 0.8250484430825372
1701508744.0 -12.084605260063011 -139.84568023154628 4.837151670618496 0.004177982122631663 0.006150137855820089 0.5595608318590604 0.8287559325392088
1701508745.0 -10.739646295719751 -139.66075853450235 5.01572756539467 0.0036408147914654926 0.00536514792024801 0.5608584390439206 0.8278863273473387
1701508746.0 -9.622447285362252 -139.63881226561347 4.978515570848728 0.0034797094552167836 0.005136998666147158 0.5609460849292541 0.8278290842132532
1701508747.0 -8.505248275004757 -139.61686599672456 4.941303576302786 0.003115766402553159 0.004571912693481436 0.5645190209988985 0.8254015171687614
1701508748.0 -7.160289310661497 -139.64728391784945 4.992880066171239 0.003364558650822493 0.00488805771735203 0.569534919411828 0.8219457173119157
1701508749.0 -6.043090300304005 -139.62533764896057 4.955668071625297 0.0030835903262134124 0.00446699910851187 0.5713427371075824 0.8206936177064378
1701508750.0 -4.925891289946506 -139.60339138007168 4.918456077079355 0.0032003400640368135 0.004598432218528313 0.5750604860142247 0.8180917122607281
1701508751.0 -3.58093232560325 -139.63380930119655 4.9700325669478005 0.0029358674975928805 0.00425085957361018 0.5728823601179094 0.8196213225268458
1701508752.0 -2.463733315245751 -139.61186303230767 4.932820572401859 0.0029394546984487474 0.004269585797260113 0.5713936002884655 0.820659785655774
1701508753.0 -1.3465343048882588 -139.37457714525 5.022607982763645 0.0032456872799007446 0.0047262147177104296 0.5693131820184891 0.8221007415083056
1701508754.0 -0.02317610011630933 -138.90588822924826 4.720029460921943 0.0032967974394104054 0.00483927166661644 0.5646260630859852 0.825326069781151
1701508755.0 1.0940229102411863 -138.66860234219058 4.809816871283722 0.003131384362846962 0.004624600513054696 0.5620962798416302 0.8270529485409422
1701508756.0 2.211221920598682 -138.64665607330167 4.77260487673778 0.0035448226254281277 0.004964158169368932 0.5799672625711362 0.8146169441596257
1701508757.0 3.3284209309561774 -138.6247098044128 4.735392882191839 0.0033366004987989257 0.004716027138552328 0.5761588017851966 0.8173173565455382
1701508758.0 4.4456199413136765 -138.6027635355239 4.698180887645897 0.002928967670763746 0.004127862926483938 0.5795297857544035 0.8149353405758637
1701508759.0 5.790578905656933 -138.41784183848 4.876756782422078 0.0028906593704638977 0.004154779459871366 0.5737692529810505 0.8190013591134089
1701508760.0 6.907777916014432 -138.1805559514223 4.966544192783864 0.0028649017574956886 0.004225403530180875 0.5643113865860928 0.8255462417528218
1701508761.0 8.23113612078637 -137.71186703542057 4.663965670942147 0.0033114773993260043 0.005081153526039519 0.5482101190353502 0.8363186482337494
1701508762.0 9.12057517715811 -136.99153772201151 4.918963406704989 0.00353158138880041 0.005859686717544084 0.5152653391740916 0.8570033968720747
1701508763.0 9.988413473958534 -135.98744118964464 4.692806725849955 0.003546476732753262 0.006265314246595382 0.4901458036225363 0.8716107270630585
1701508764.0 10.422332622358741 -134.9470438780392 4.897226897691752 0.004404980126972665 0.007964816278674042 0.47698560639221815 0.878863976475527
1701508765.0 11.062410965173399 -133.67524353748976 4.709281137330052 0.0038568997873828503 0.007583983887279804 0.4407380795394906 0.8975954282171168
1701508766.0 11.26857015958785 -132.58248203587056 4.824912824757455 0.0027288613249486556 0.006083062400968785 0.39801985299731335 0.9173525746885395
1701508767.0 11.680888548416746 -131.04297788713853 4.675177984889089 0.0019398049969698644 0.0048445855584051765 0.3652049077799388 0.9309125321322016
1701508768.0 11.887047742831196 -129.9502163855193 4.790809672316506 0.0020614793790811126 0.005676040513825895 0.3390683483597428 0.9407423600579763
1701508769.0 12.093206937245643 -128.8574548839001 4.9064413597439085 0.0020922398104632183 0.006550524864269796 0.3069590221707016 0.951697888967179
1701508770.0 12.50552532607454 -127.53329035333685 4.629707114967815 0.002149094213316434 0.007825973221024629 0.27053273019858803 0.9626765694814141
1701508771.0 12.48392456650323 -126.38816466170387 4.656550317980837 0.002466010779590811 0.010276019476226517 0.24276345745228745 0.9700279511129412
1701508772.0 12.462323806931916 -125.24303897007087 4.683393520993853 0.0025042067744727088 0.012028907199095868 0.215230443893101 0.9764859908680744
1701508773.0 12.668483001346367 -124.15027746845166 4.799025208421263 0.001987716883935626 0.01137269654440369 0.1839219326405378 0.9828730505251773
1701508774.0 12.646882241775046 -123.00515177681865 4.8258684114342785 0.0012085757098433136 0.008563131195803339 0.15428215164462267 0.9879889826373484
1701508775.0 12.853041436189496 -122.12772989336824 4.81450069395396 0.0009021196529804878 0.007670136089342011 0.13339412145790253 0.9910329780350284
1701508776.0 12.831440676618186 -120.98260420173526 4.8413438969669755 0.0005590560324306059 0.005679748166255581 0.11440647163495316 0.9934176297837487
1701508777.0 13.037599871032633 -119.88984270011603 4.956975584394378 0.00032270546657749795 0.004071289470329614 0.09337772716317821 0.9956223784814551
1701508778.0 13.22215830587577 -118.29797436137022 4.718452260111633 0.00017015478915205872 0.003198150589919056 0.060778206109382615 0.9981461579058836
1701508779.0 12.972797592318692 -117.10048447972345 4.6565069787102615 9.748319906037315e-05 0.004030521165734722 0.025679488351396662 0.9996620975480509
1701508780.0 12.951196832747378 -115.95535878809045 4.683350181723277 9.053272908080159e-06 0.004005509441361753 0.0009337434882877952 0.9999915419318564
1701508781.0 12.929596073176068 -114.81023309645745 4.710193384736293 -8.448667059007566e-05 0.004510869826748141 -0.01999993767116788 0.9997898016125979
1701508782.0 12.907995313604754 -113.66510740482447 4.737036587749316 -0.00021750167428915637 0.004541361560535879 -0.04630399431823764 0.9989170480266991
1701508783.0 12.658634600047677 -112.25227790500888 4.802090711255666 -0.0002897280149215649 0.003907527653325054 -0.06746626002999431 0.9977138623086685
1701508784.0 12.637033840476366 -111.1071522133759 4.8289339142686885 -0.0004119748035814786 0.004597959703575355 -0.07802327205262302 0.9969408498308854
1701508785.0 12.615433080905053 -109.9620265217429 4.855777117281704 -0.0005886016657996233 0.005703081584181492 -0.08971854236873905 0.9959506571932928
1701508786.0 12.593832321333743 -108.8169008301099 4.882620320294727 -0.0006760352969222024 0.005684591544989288 -0.10433581556610792 0.9945256487317957
1701508787.0 12.344471607776661 -107.61941094846313 4.820675038893349 -0.0007821784044926749 0.0059791314611939445 -0.11332254002593957 0.9935399539555431
1701508788.0 12.322870848205351 -106.25894563866133 4.974517646814093 -0.0007821733003993551 0.005538795251313557 -0.12230050175714942 0.9924773535058831
1701508789.0 12.301270088634038 -105.11381994702835 5.001360849827108 -0.0007606676901336937 0.005471314898308165 -0.1218501595252525 0.9925331353267856
1701508790.0 12.279669329062727 -103.96869425539535 5.028204052840135 -0.000817131687882625 0.005718925656520235 -0.1296674253265325 0.9915407127265768
1701508791.0 12.485828523477174 -102.66059313560734 5.2708351451752655 -0.000807962350486875 0.0055703655917970695 -0.13232349050177739 0.9911906033076787
1701508792.0 12.67038695832031 -101.28406441503033 4.905312415984785 -0.0007327293048417942 0.004858135842372021 -0.136595752357256 0.9906146889996423
1701508793.0 12.648786198748997 -100.13893872339733 4.9321556189978 -0.0005848025376129695 0.003812578114766743 -0.1371755554863935 0.9905392416411932
1701508794.0 12.627185439177683 -98.99381303176433 4.958998822010816 -0.0005051759509352805 0.0032067592762190906 -0.14092641251751498 0.9900147512775485
1701508795.0 12.60558467960637 -97.63334772196255 5.112841429931567 -0.00040305809464076937 0.00256027898832132 -0.14325896103186114 0.9896818441295899
1701508796.0 12.356223966049296 -96.43585784031576 5.050896148530196 -0.000208062003400196 0.0013188655819178592 -0.147222356852686 0.9891025199374027
1701508797.0 12.334623206477982 -95.29073214868278 5.077739351543212 -0.00016745060381461048 0.0010602354601178684 -0.1503462796853381 0.9886328155821262
1701508798.0 12.519181641321115 -93.91420342810575 4.712216622352731 -0.00017810518496741393 0.0011292310924067225 -0.15283049783089928 0.9882517553986143
1701508799.0 12.26982092776404 -92.50137392829018 4.777270745859084 -0.00036446467032490496 0.0023454976363900147 -0.1528387999346416 0.988248282083445
1701508800.0 12.24822016819273 -91.35624823665718 4.804113948872107 -0.0004365270968329546 0.002952411873385895 -0.14830067811862574 0.9889378148183937
1701508801.0 12.226619408621417 -90.2111225450242 4.830957151885123 -0.0007044254882866438 0.004950480657089961 -0.14419032370679286 0.9895373399095789
1701508802.0 12.638937797450314 -88.88695801446096 4.5542229071090325 -0.000865811956275021 0.006346528831938359 -0.1390233442001759 0.9902683887254208
1701508803.0 12.617337037879 -87.74183232282796 4.581066110122052 -0.0009420718428601281 0.007014269593488854 -0.13720771851092703 0.9905170137376434
1701508804.0 12.595736278307688 -86.59670663119496 4.607909313135071 -0.0009628230770168646 0.007266809472930455 -0.1347003065122841 0.9908592704704857
1701508805.0 12.574135518736373 -85.23624132139318 4.7617519210558115 -0.0007648174895912601 0.0060077686361938104 -0.1281182110544635 0.9917404124902975
1701508806.0 12.552534759165061 -84.09111562976018 4.788595124068831 -0.0005843100559972814 0.00466721049396187 -0.1257301000451909 0.9920533340857183
1701508807.0 12.737093194008198 -82.71458690918315 4.4230723948783535 -0.00035883746788292244 0.0029101088094943455 -0.12272627405059235 0.9924362267471132
1701508808.0 12.715492434436882 -81.56946121755017 4.449915597891369 -0.00014707143716556474 0.0012040545686489183 -0.12159207947460111 0.9925794148740091
1701508809.0 12.466131720879806 -80.1566317177346 4.514969721397726 -5.737045729569529e-05 0.0004765244190066888 -0.11999820794339001 0.9927739922678694
1701508810.0 12.444530961308494 -79.0115060261016 4.541812924410742 -5.813542742749824e-05 0.00050279567341225 -0.11555260106610413 0.9933012333646025
1701508811.0 12.422930201737179 -77.8663803344686 4.568656127423758 -0.00018240493160434992 0.0016392179418278359 -0.1108356869950189 0.9938373761241435
1701508812.0 12.401329442165869 -76.50591502466682 4.722498735344505 -0.00028300649354835977 0.002549974618701092 -0.10794694627584278 0.9941533454786987
1701508813.0 12.379728682594557 -75.36078933303382 4.749341938357521 -0.0003476092600211889 0.003192531868726714 -0.10461471272864163 0.994507641392852
1701508814.0 12.33652716345193 -73.93189642244302 4.295030724752657 -0.0003698368809785815 0.003383231078863474 -0.10457125294812576 0.9945115736003315
1701508815.0 11.881007255480405 -72.96580956974026 4.625451375554782 -0.00048033983508270804 0.003783163353153939 -0.12015329238000425 0.9927480260765726
1701508816.0 11.403886587937569 -71.71595549807971 4.47471760973902 -0.00043863915090838464 0.0028638452361109635 -0.1449082287077053 0.989440857878304
1701508817.0 10.49284677199452 -70.64514026534938 4.627561291712368 -0.0004969478825454548 0.0025792805111332587 -0.18208901371604264 0.9832785421429504
1701508818.0 9.581806956051471 -70.00500426895667 4.526406163870266 -0.0006655927066662575 0.0027389914124934687 -0.22609789551189166 0.9741005063942246
1701508819.0 8.236847991708213 -69.54390711149418 4.728828483817267 -0.002610710537805981 0.009064907726959219 -0.2583944953947366 0.9659934246091373
1701508820.0 7.098048221779404 -68.85140692508767 4.538884871560775 -0.004744713586102213 0.0154305977844532 -0.26577387938768654 0.963900217543403
1701508821.0 5.753089257436146 -68.39030976762518 4.741307191507776 -0.00838149660900925 0.026038931657296604 -0.26396781087247473 0.9641435159642642
1701508822.0 4.6358902470786525 -67.98157680017648 5.032517995869171 -0.012846040179783849 0.03899459964854818 -0.25365360698545714 0.9664234310659153
1701508823.0 3.7464511907069156 -68.05588725907916 5.158518474829499 -0.01808081199890265 0.051659594729562774 -0.25888557557223546 0.9643560697535273
1701508824.0 3.084772088320941 -68.39790152616442 5.24630803329649 -0.022501953038689074 0.05674083803848711 -0.2987491478093111 0.9523775963825194
1701508825.0 2.1737322723778956 -67.97310514794049 5.01815350054666 -0.024528329270342274 0.055533083857538405 -0.3404969522655007 0.9382836794692652
1701508826.0 1.2842932160061604 -68.04741560684317 5.144153979506992 -0.023622370422274327 0.05007639858957329 -0.3725530424734493 0.9263576892667903
1701508827.0 0.16709420564866484 -68.06936187573206 5.181365974052934 -0.019750996616988196 0.04079873229382679 -0.39593946095280697 0.9171571865477874
1701508828.0 -0.9501048047088307 -68.09130814462095 5.218577968598872 -0.013749195350131626 0.027092353739092422 -0.42887108283754743 0.9028546717505809
1701508829.0 -2.501222963466539 -68.29229325244009 5.55936741093392 -0.0068839704107689385 0.012715718337439752 -0.46392796369732087 0.8857549130308021
1701508830.0 -4.301701835781319 -68.37248656945643 5.203214547328969 0.0004599840927481251 -0.0007722279225223334 -0.5090337018948762 0.860746119604305
1701508831.0 -5.874420754110339 -68.28970445831776 5.062849573046133 0.004495776749236423 -0.006934144357650847 -0.5393036289974438 0.8420708410719587
1701508832.0 -7.219379718453599 -68.25928653719288 5.011273083177684 0.005470340928221301 -0.007813472044483861 -0.5656251361070898 0.8246073189273638
1701508833.0 -8.336578728811094 -68.28123280608176 5.0484850777236225 0.003941108255818255 -0.005247155248238762 -0.5881679160614963 0.8087122093448282
1701508834.0 -9.681537693154354 -68.25081488495687 4.996908587855177 -0.00020699256761410695 0.0002590771070693029 -0.6085467421720872 0.7935179598628307
1701508835.0 -10.79873670351185 -68.27276115384576 5.034120582401119 -0.0034528035941193682 0.004097287058270287 -0.6289043773425678 0.7774641950247353
1701508836.0 -11.915935713869345 -68.51004704090346 4.944333172039332 -0.005624494681279106 0.006196864777079058 -0.659244001109293 0.7518825113858715
1701508837.0 -13.03313472422684 -68.53199330979234 4.981545166585278 -0.006301272981739066 0.006567808392581227 -0.6805712021272692 0.732625413623341
1701508838.0 -14.150333734584338 -68.55393957868124 5.018757161131212 -0.006607164395141403 0.006548384618961712 -0.6999447251448156 0.7141364335891891
1701508839.0 -15.495292698927598 -68.73886127572516 4.840181266355039 -0.0067741554346705795 0.006413619292599203 -0.7175361284347332 0.6964588147885061
1701508840.0 -16.61249170928509 -68.76080754461404 4.8773932609009805 -0.006830849173862411 0.006237313155986697 -0.7302323896094082 0.6831362181801602
1701508841.0 -17.72969071964259 -68.78275381350294 4.914605255446922 -0.006965937650861476 0.006204789031690614 -0.7387349637184735 0.6739314725441915
1701508842.0 -18.846889730000086 -68.80470008239183 4.951817249992864 -0.0063680900145557705 0.0054164125154750565 -0.7538123260405013 0.6570365948822315
1701508843.0 -20.191848694343346 -68.77428216126694 4.900240760124419 -0.005278126490219735 0.004339360349095979 -0.7642173530298317 0.6449225912158696
1701508844.0 -21.515206899115288 -69.24297107726865 5.202819281966125 -0.004773093078625637 0.00379818591422741 -0.7758448256354383 0.6308942842512842
1701508845.0 -22.860165863458548 -69.21255315614377 5.151242792097676 -0.004835502718892556 0.0037753951283918566 -0.7833045512782583 0.6216078701656266
1701508846.0 -23.977364873816043 -69.23449942503265 5.188454786643618 -0.004392207626555424 0.003421456857949051 -0.785995803153727 0.6182067611809677
1701508847.0 -25.094563884173542 -69.25644569392155 5.22566678118956 -0.003975475007877384 0.0030185888619054624 -0.7934018859591854 0.6086776906345035
1701508848.0 -26.4395228485168 -69.44136739096545 5.04709088641339 -0.0029381958353987252 0.0021910209359927656 -0.7971572827292489 0.6037605759108583
1701508849.0 -27.556721858874297 -69.46331365985435 5.084302880959321 -0.002865447066268322 0.0020837801487308895 -0.8009353776801158 0.5987403175449374
1701508850.0 -28.901680823217553 -69.21755612056066 5.159725795998604 -0.0037857805311186325 0.0026872332690535483 -0.8048022548681499 0.5935248749650425
1701508851.0 -30.24663978756081 -69.18713819943576 5.108149306130159 -0.005279373422220167 0.0037036647154242283 -0.8058391892976418 0.5920993261911923
1701508852.0 -31.363838797918305 -69.20908446832468 5.1453613006761 -0.007289512470523203 0.005092803638441433 -0.8059377482903831 0.591933503224534
1701508853.0 -32.4810378082758 -69.23103073721356 5.182573295222042 -0.007433095615473921 0.005100034713555421 -0.8108266070297293 0.5852170127979437
1701508854.0 -33.598236818633296 -69.25297700610245 5.219785289767984 -0.006959848729614468 0.0045999005328302145 -0.8212053070013041 0.570571858028104
1701508855.0 -34.7154358289908 -69.70560251132895 5.002998474498469 -0.005485757069471559 0.003617465267883428 -0.8239501834668151 0.56662413960174
1701508856.0 -36.060394793334055 -69.67518459020405 4.9514219846300165 -0.006026711266726207 0.004095671756018097 -0.8185743354026342 0.5743543868068826
1701508857.0 -37.17759380369155 -69.69713085909294 4.988633979175958 -0.006804117055888434 0.00470559890280256 -0.817488971544981 0.5758848346087827
1701508858.0 -38.294792814049046 -69.71907712798185 5.0258459737219 -0.007140283345769562 0.004955883699915805 -0.8177422887057761 0.5755189005000044
1701508859.0 -39.63975177839231 -69.68865920685695 4.974269483853455 -0.007006021096500251 0.004889104116086955 -0.8167728923249066 0.5768960518954382
1701508860.0 -40.756950788749805 -69.71060547574584 5.011481478399396 -0.006351581438215249 0.004469682191162156 -0.814166972551632 0.5805788664431853
1701508861.0 -42.101909753093054 -69.68018755462096 4.959904988530944 -0.006371229508305379 0.004487250909351846 -0.8128118332809442 0.5824742017396991
1701508862.0 -43.219108763450556 -69.70213382350985 4.997116983076886 -0.005425934982077946 0.0038138354186073274 -0.8112195019484341 0.5847041418935774
1701508863.0 -44.56406772779381 -69.67171590238496 4.945540493208441 -0.0057555766287941965 0.004042911293086833 -0.8093097563533442 0.5873399752079173
1701508864.0 -45.68126673815131 -69.90900178944264 4.855753082846654 -0.006100493412238471 0.004295775765406361 -0.8071748318900221 0.590265297179171
1701508865.0 -47.02622570249457 -69.87858386831776 4.804176592978209 -0.006245557449312803 0.004423164886397737 -0.8042431957370874 0.5942510502600159
1701508866.0 -48.14342471285207 -69.90053013720666 4.8413885875241505 -0.005256625248676657 0.0037207964422710698 -0.80388170517322 0.5947543422730315
1701508867.0 -49.69454287160977 -70.10151524502578 5.182178029859195 -0.0035742405582096163 0.002548022295208482 -0.8023672786429931 0.5968144456611725
1701508868.0 -50.811741881967265 -70.12346151391468 5.219390024405136 0.0003691347003993816 -0.0002639335958799521 -0.8012537027606733 0.5983245757036398
1701508869.0 -51.92894089232476 -70.36074740097237 5.12960261404335 0.004184685118794146 -0.0030145386564036213 -0.7991497593750115 0.601109859391781
1701508870.0 -53.273899856668024 -70.33032947984748 5.0780261241749045 0.008512212434318362 -0.006144057875161611 -0.7977136623016743 0.6029450271538442
1701508871.0 -54.39109886702552 -70.56761536690517 4.988238713813118 0.01563815108327905 -0.011120030085879468 -0.7980786934371118 0.6022476170507429
1701508872.0 -55.280537923397254 -70.85726544397664 4.987239787865718 0.017071887537091074 -0.011625798592526807 -0.8056685025306958 0.592006465752658
1701508873.0 -56.39773693375476 -71.30989094920314 4.77045297259621 0.018620786093899788 -0.011859323397581011 -0.8181960435311417 0.5745153236631576
1701508874.0 -57.7210951385267 -72.20925910154244 4.819032684622471 0.018050413266239553 -0.01077323237211503 -0.8312519730638226 0.5554982244100123
1701508875.0 -58.61053419489843 -72.9295884149515 4.564034948859629 0.011598041231214542 -0.0063818783326018425 -0.84980899886683 0.5269244941293802
1701508876.0 -59.47837249169885 -74.14902456548718 4.663192224806934 0.0014256073108132158 -0.0007197045035056003 -0.8692221326572109 0.4944191883089419
1701508877.0 -59.6845316861133 -75.02644644893759 4.674559942287253 -0.011117350898331936 0.005128345046380767 -0.8891621852847807 0.4574283690870975
1701508878.0 -59.66293092654198 -76.17157214057059 4.647716739274237 -0.022190764620274847 0.010012288927126252 -0.8988066463867322 0.4376687519655054
1701508879.0 -59.41357021298491 -77.15372240404857 4.836661425583337 -0.028541317396220487 0.011647206323384682 -0.9224526959849121 0.38487759022358786
1701508880.0 -59.16420949942784 -78.56655190386414 4.77160730207698 -0.028758601420982337 0.00993130226077714 -0.9467969474833048 0.3203901563968693
1701508881.0 -58.91484878587076 -79.76404178551093 4.833552583478351 -0.025632239550944572 0.007060777486102475 -0.9679101513946654 0.24988611915040496
1701508882.0 -58.66548807231369 -80.96153166715769 4.895497864879722 -0.019784862701271912 0.00445091018310095 -0.9791327598611796 0.20220728763588952
1701508883.0 -58.64388731274237 -82.3219969769595 4.741655256958978 -0.013376332773650197 0.0024807269310723997 -0.9851364370262787 0.17123410921481366
1701508884.0 -58.622286553171065 -83.46712266859248 4.7148120539459555 -0.007716532232430812 0.0011485627523710306 -0.9889315211110477 0.14816741371468647
1701508885.0 -58.372925839613984 -84.66461255023926 4.776757335347334 -0.005961855585844042 0.0006311399079860707 -0.9928564538382904 0.11916425643641995
1701508886.0 -58.78524422844288 -85.98877708080249 5.053491580123421 -0.00423474068192777 0.0003582062768610931 -0.9941231232931155 0.10817187431842519
1701508887.0 -58.763643468871564 -87.13390277243548 5.026648377110405 -0.0053487123732176185 0.0003176316199964326 -0.9963733565341573 0.08492010818975448
1701508888.0 -58.74204270930026 -88.27902846406849 4.999805174097382 -0.006007821526262445 0.0002402485287254567 -0.9980086908894716 0.06278934041886632
1701508889.0 -58.948201903714704 -89.3717899656877 4.8841734866699795 -0.005994101694246878 0.00011315692174666268 -0.9991212390816804 0.04148261751960543
1701508890.0 -58.92660114414339 -90.51691565732068 4.857330283656957 -0.007513569643939715 -5.441552749736352e-06 -0.9998381984937743 0.01634390021748102
1701508891.0 -59.11115957898653 -91.89344437789771 5.2228530128474375 0.008733316293691309 0.00018438503792139347 0.9999361828201583 0.007164180045417685
1701508892.0 -58.86179886542945 -93.09093425954447 5.284798294248809 0.010227265032049862 0.00042704054163743646 0.9994580237180696 0.03128705022706094
1701508893.0 -58.840198105858136 -94.23605995117748 5.257955091235786 0.010218794625774014 0.0005962801826691703 0.9987034163751914 0.0498668908882554
1701508894.0 -58.81859734628682 -95.38118564281046 5.23111188822277 0.011200946776439694 0.0008204821917005906 0.9978136458514816 0.06512905459822561
1701508895.0 -58.79699658671551 -96.52631133444346 5.204268685209755 0.010979086811117098 0.0009663387514618302 0.996732314922077 0.08002011142387105
1701508896.0 -58.7753958271442 -97.67143702607646 5.177425482196739 0.010278550199383469 0.0010512168534925555 0.9955326054656903 0.09385136015860387
1701508897.0 -58.75379506757288 -98.81656271770944 5.150582279183723 0.009334942577691501 0.001090822960935811 0.9942270676756908 0.10688408138416279
1701508898.0 -58.732194308001574 -99.96168840934246 5.123739076170708 0.007936567213919913 0.0010231753425013757 0.9931000992421004 0.11699639694626489
1701508899.0 -58.91675274284471 -101.33821712991946 5.489261805361181 0.006629144976489095 0.0009244110481023797 0.992204720105917 0.12443871303028656
1701508900.0 -58.895151983273394 -102.69868243972125 5.335419197440437 0.005102170235001039 0.0007529221390544759 0.9915078308836174 0.12994468924742414
1701508901.0 -58.87355122370208 -103.84380813135425 5.308575994427422 0.005622941823321271 0.0008102285006407316 0.9918906222468558 0.1269673956327915
1701508902.0 -58.851950464130766 -104.98893382298725 5.281732791414406 0.007016283704002076 0.0009913824047323354 0.991965717310602 0.12630837107798973
1701508903.0 -59.26426885295966 -106.31309835355049 5.5584670361904855 0.008279213161309642 0.0012209434527189408 0.9914329116272861 0.13034855453267108
1701508904.0 -59.24266809338836 -107.45822404518347 5.53162383317747 0.009560668589243818 0.0015004949463274504 0.9904258555873059 0.13770608815588262
1701508905.0 -59.22106733381704 -108.81868935498525 5.377781225256726 0.009531359786641134 0.0015182313154006727 0.9904140984756127 0.1377924587741649
1701508906.0 -59.199466574245726 -109.96381504661827 5.35093802224371 0.008683909345578679 0.0014556811054891297 0.9895151241978253 0.1441606385070461
1701508907.0 -58.95010586068865 -111.16130492826503 5.412883303645081 0.007446740643722187 0.0013376661542816928 0.9879599262143474 0.15452488763168915
1701508908.0 -58.70074514713158 -112.35879480991181 5.47482858504646 0.006344407575071791 0.001156463824291441 0.9875514854256442 0.1571638467254734
1701508909.0 -58.679144387560264 -113.50392050154483 5.44798538203343 0.005565006864449268 0.001051971815964847 0.9865320937969496 0.1634697279697487
1701508910.0 -58.42978367400319 -114.91675000136038 5.38293125852708 0.005109221698991741 0.0009730653553610183 0.9860292260839932 0.16649118386763329
1701508911.0 -58.18042296044611 -116.11423988300716 5.444876539928458 0.005868602360095541 0.0010901174639512757 0.9862190345846121 0.165337191742359
1701508912.0 -58.1588222008748 -117.25936557464016 5.418033336915435 0.007604274786486236 0.0012981152256661764 0.9876657733340414 0.15638673244972687
1701508913.0 -58.13722144130348 -118.40449126627315 5.391190133902413 0.009468193673627265 0.0015802706250989784 0.9877911801350973 0.15548775032336873
1701508914.0 -58.343380635717935 -119.71259238606115 5.148559041567289 0.010576151213382233 0.0017263209822290316 0.987866649445208 0.15493433368778012
1701508915.0 -58.32177987614662 -120.85771807769416 5.121715838554259 0.009954615235430687 0.0015792391369936563 0.9885187832516578 0.15076148977084572
1701508916.0 -58.07241916258955 -122.05520795934095 5.183661119955644 0.0093805953346747 0.0014659434472506312 0.9890716539334355 0.1471295987432678
1701508917.0 -58.278578357003994 -123.14796946096013 5.068029432528228 0.008472583689674887 0.0012849118703969157 0.9902766024567123 0.1388481723102517
1701508918.0 -58.463136791847134 -124.73983779970595 5.30655275681098 0.006806500332881203 0.0010385018772859232 0.9907976346730448 0.13517633000406906
1701508919.0 -58.21377607829005 -125.93732768135274 5.368498038212351 0.00781864958628894 0.0011737371028951408 0.9912869776158064 0.13148239071898474
1701508920.0 -58.19217531871874 -127.29779299115452 5.214655430291614 0.008753915053944948 0.0012305162530812561 0.992317951378424 0.12339748041636385
1701508921.0 -58.17057455914743 -128.44291868278754 5.187812227278592 0.01028964557837406 0.001334292277709593 0.9932640073224877 0.11540777536917697
1701508922.0 -58.14897379957612 -129.58804437442052 5.160969024265583 0.011489611240533597 0.0014440395278425998 0.9935358251582768 0.11292682458320213
1701508923.0 -58.1273730400048 -130.7331700660535 5.134125821252553 0.01059499827265598 0.001283731384883262 0.9938861305750648 0.10989293651486041
1701508924.0 -58.105772280433484 -131.8782957576865 5.107282618239537 0.009166880205825264 0.0011001442462270717 0.9941846719420236 0.10729210625884963
1701508925.0 -57.85641156687642 -133.29112525750207 5.04222849473318 0.007589245522014985 0.0009171896472022446 0.9945818693510696 0.10367481504053712
1701508926.0 -57.834810807305104 -134.43625094913506 5.015385291720165 0.006745304012067205 0.0008448346831034243 0.9946384952842301 0.10318939299591737
1701508927.0 -57.58545009374802 -135.63374083078185 5.077330573121543 0.0059404304114471255 0.0008082982968351532 0.9940413308646516 0.10883882796696426
1701508928.0 -57.33608938019095 -136.83123071242863 5.139275854522907 0.006512002783451411 0.0010015369180012218 0.9925107752576131 0.12197930865963277
1701508929.0 -56.65280951823367 -137.84968175514518 4.897643688135176 0.007529359674698725 0.0013216002918356939 0.9896187153959839 0.14351432072640094
1701508930.0 -55.947928896705065 -139.1519000168195 5.137165938365314 0.00917174721435284 0.0018855253194004326 0.9843926175867233 0.17573701456456198
1701508931.0 -55.03688908076202 -140.00737563138102 5.111321661299698 0.010612296036811832 0.0025230192131642 0.9767395493366882 0.2141515031664273
1701508932.0 -53.69193011641876 -140.4684727888435 4.908899341352694 0.012513180701196206 0.0035328550962328894 0.9651724442940672 0.2612912015721615
1701508933.0 -52.346971152075504 -140.4988907099684 4.960475831221146 0.017326313596530116 0.0056651217476161985 0.9510170321018855 0.3086005669224551
1701508934.0 -51.22977214171801 -140.69228405924832 4.796264431767469 0.015850988438804715 0.005894300346997174 0.9364098268710065 0.3505005556748005
1701508935.0 -49.88481317737475 -140.7227019803732 4.847840921635935 0.01608257891450945 0.0068225076821578105 0.9192664285521073 0.3932480608743533
1701508936.0 -48.76761416701725 -140.7007557114843 4.810628927089979 0.014632217969330818 0.00720375014988431 0.8982610172435387 0.4391595940904392
1701508937.0 -47.422655202673994 -140.5158340144404 4.989204821866153 0.012044221037080298 0.006620818771864563 0.8812779397349345 0.47239844880667126
1701508938.0 -46.3054561923165 -140.7092273637203 4.824993422412504 0.008568464088860537 0.005173724546657493 0.8661128807782604 0.49974822835849664
1701508939.0 -44.96049722797324 -140.7396452848452 4.876569912280935 0.005646518747868515 0.0037065314288469205 0.8490076092331039 0.5283374470119321
1701508940.0 -43.84329821761574 -140.7176990159563 4.839357917735001 0.0027117337202648036 0.0019087034641743891 0.8294768124456393 0.5585313070601665
1701508941.0 -42.49833925327248 -140.96345655525 4.7639350026957175 0.001915642533307993 0.0014163370287131902 0.814533613077206 0.580111469866351
1701508942.0 -41.15338028892923 -140.99387447637486 4.81551149256417 5.515538187070826e-05 4.279909490272383e-05 0.7959333025158275 0.6053843184889824
1701508943.0 -40.036181278571725 -140.97192820748597 4.778299498018221 0.0005489008955733364 0.0004453722621055312 0.7755230743713182 0.6313188271143304
1701508944.0 -38.69122231422847 -141.00234612861087 4.829875987886673 0.0028830830823656857 0.0024828207284795572 0.7512702235995503 0.6599837684108998
1701508945.0 -37.57402330387097 -140.98039985972198 4.792663993340739 0.0037793664636332973 0.003547695863227517 0.7227162562132883 0.6911254178861058
1701508946.0 -36.456824293513485 -140.74311397266428 4.882451403702518 0.0046909816618418134 0.004725329739157535 0.6992986215415106 0.7147986456758628
1701508947.0 -35.33962528315598 -140.5058280856066 4.972238814064312 0.006151158437703582 0.006505918847853457 0.682806604737818 0.7305443017341471
1701508948.0 -33.78850712439828 -140.30484297778744 4.631449371729261 0.0065657931968881676 0.007204463497482303 0.6730644487196316 0.739519596721512
1701508949.0 -32.67130811404078 -140.28289670889856 4.594237377183326 0.0076797781996774325 0.00863202241646042 0.668631890368987 0.743503802530559
1701508950.0 -31.55410910368328 -140.26095044000968 4.557025382637377 0.007189049085042641 0.008423097655229085 0.6578805701369519 0.7530408517706211
1701508951.0 -30.209150139340025 -140.29136836113457 4.608601872505822 0.005951321472485483 0.007183694524032245 0.6514347076319169 0.7586473475853163
1701508952.0 -29.070350369411216 -140.55318931120348 5.052544294577764 0.004642076461727695 0.005729420042367723 0.6458132745302564 0.7634597823805845
1701508953.0 -27.95315135905372 -140.5312430423146 5.0153323000318295 0.004507314249076651 0.00569201777075503 0.637575252540481 0.7703538682968363
1701508954.0 -26.608192394710457 -140.56166096343946 5.066908789900275 0.004530395343057303 0.005840235033450359 0.628794421481832 0.7775364574642903
1701508955.0 -25.28483418993852 -140.30831166560654 4.6373308631508365 0.004832265028155836 0.006334649576679335 0.6203412815034709 0.7842915375624487
1701508956.0 -23.93987522559526 -140.33872958673146 4.688907353019289 0.005034692755348572 0.006684904063962372 0.6113122487844439 0.7913452460289511
1701508957.0 -22.82267621523776 -140.31678331784255 4.651695358473347 0.00475643655786522 0.00638090069102629 0.6040724268637371 0.796889680897298
1701508958.0 -21.705477204880268 -140.07949743078487 4.741482768835134 0.004420665892977986 0.005988929739001253 0.5976715791871328 0.8017064761280172
1701508959.0 -20.360518240537004 -140.10991535190976 4.793059258703579 0.004327829513246856 0.005916370500380914 0.5923839914173558 0.8056224135190434
1701508960.0 -19.24331923017951 -140.08796908302085 4.755847264157637 0.0047771028313859185 0.006593129134636672 0.5875892548760426 0.809118395224685
1701508961.0 -17.898360265836253 -140.11838700414575 4.80742375402609 0.0054337311817158115 0.007561279845630818 0.5842951701453003 0.8114878038254275
1701508962.0 -16.781161255478757 -140.09644073525686 4.770211759480148 0.006043877981172887 0.00845524353454582 0.5822404924664368 0.8129501764119136
1701508963.0 -15.436202291135498 -140.12685865638173 4.821788249348593 0.006836316071113579 0.009594252285141078 0.5815787260899662 0.8134048195488129
1701508964.0 -14.319003280778002 -140.10491238749285 4.7845762548026585 0.006829829696062859 0.009588158360643174 0.582281311602046 0.8129021434370652
1701508965.0 -13.201804270420507 -139.86762650043516 4.874363665164438 0.006545977434717366 0.009382566243226378 0.5746891535037687 0.8182918149873168
1701508966.0 -12.084605260063011 -139.84568023154628 4.837151670618496 0.005149399327637975 0.007430856205458034 0.5738960667081553 0.8188782392270092
1701508967.0 -10.739646295719751 -139.66075853450235 5.01572756539467 0.004441773503242328 0.006445453823636694 0.5720854038962009 0.820156702967228
1701508968.0 -9.622447285362252 -139.42347264744467 5.105514975756456 0.004338571370023317 0.006251578000923386 0.5735098052957351 0.8191633523300549
1701508969.0 -8.299089080590306 -139.17012334961174 4.675937049007025 0.004204417236637151 0.006025993715908745 0.5744898871263008 0.8184786984797138
1701508970.0 -6.95413011624705 -139.20054127073664 4.7275135388754705 0.004377710862846971 0.006224233015860418 0.5785813362570489 0.8155891931027368
1701508971.0 -5.836931105889555 -139.17859500184775 4.690301544329529 0.0044158088570499885 0.006272117158357923 0.5797477407044003 0.8147599145310435
1701508972.0 -4.491972141546299 -139.20901292297265 4.741878034197974 0.0045061662780719975 0.006411269873238504 0.5822398658321654 0.8129792916918789
1701508973.0 -3.3747731311887996 -139.18706665408374 4.704666039652032 0.004673514198816587 0.006592220981635465 0.5874200484968237 0.8092418597128747
1701508974.0 -2.0298141668455436 -139.21748457520863 4.7562425295204775 0.00556871370840491 0.0077866207496684854 0.5910995599043473 0.8065417957215991
1701508975.0 -0.9126151564880445 -139.19553830631975 4.719030534974543 0.005670287622748291 0.007842557442098537 0.594745802737784 0.8038555667884819
1701508976.0 0.4323438078552151 -139.01061660927584 4.8976064297507165 0.005795149752558925 0.007935200885237146 0.5973303604211315 0.8019350904814039
1701508977.0 1.5495428182127071 -138.98867034038693 4.860394435204775 0.005220860061645132 0.007101103477969948 0.5991959634374154 0.8005538797294779
1701508978.0 2.6667418285702063 -138.96672407149805 4.823182440658833 0.004397827961554238 0.005908097195862238 0.6022446514577688 0.7982776041498693
1701508979.0 4.011700792913462 -138.99714199262291 4.874758930527278 0.0041966603156148394 0.005666185366553289 0.5997840272456263 0.8001308662004016
1701508980.0 5.128899803270958 -138.75985610556523 4.964546340889065 0.003939071286114072 0.005433024719295215 0.5916622059806087 0.8061580490040166
1701508981.0 6.452258008042904 -138.07582757139474 4.788967223955083 0.0037573899923370175 0.005358939804288526 0.5764199440852803 0.8171274146945149
1701508982.0 7.569457018400399 -137.83854168433703 4.878754634316863 0.0041982885083884 0.0063152253132757056 0.5554599135477062 0.8315087352183486
1701508983.0 8.665055269186588 -136.88680934198396 4.741386437876216 0.00464865622943978 0.007416199318214963 0.5291957231837253 0.8484546402412959
1701508984.0 9.098974417586795 -135.84641203037853 4.945806609718012 0.005013525054955399 0.008592525695947654 0.4988790524601714 0.8666145187366349
1701508985.0 9.966812714387213 -134.84231549801166 4.719649928862978 0.00515052147523012 0.00954618876939921 0.46672196790970744 0.8843375752952048
1701508986.0 10.172971908801664 -133.74955399639242 4.835281616290381 0.0047945418112147935 0.009768746330453713 0.4312415378728137 0.9021708928895026
1701508987.0 10.58529029763056 -132.2100498476604 4.685546776422015 0.004384342481902252 0.010026299514926758 0.39423910900552017 0.9189427489183273
1701508988.0 10.791449492045007 -131.1172883460412 4.801178463849425 0.00338071318911643 0.008797420110210084 0.3581402053433218 0.9336202490811673
1701508989.0 10.997608686459458 -130.02452684442198 4.916810151276827 0.003418499177741014 0.01010097213362534 0.3278176526435981 0.944680830143477
1701508990.0 11.409927075288355 -128.70036231385876 4.640075906500741 0.0027112945396571175 0.008907708424635317 0.3051669040339595 0.9522533603484259
1701508991.0 11.616086269702805 -127.60760081223953 4.75570759392815 0.0025672749933580096 0.00921325800113286 0.28608502499926036 0.958156502585713
1701508992.0 12.05000541810302 -126.5672035006341 4.96012776576994 0.0027534703730295123 0.011050138265836942 0.26324989276420335 0.9646604619268099
1701508993.0 12.234563852946149 -125.19067478005708 4.594605036579459 0.002272318915495266 0.010793662381686091 0.23177625055541196 0.972706586334035
1701508994.0 12.4407230473606 -124.09791327843787 4.710236724006876 0.0019874813656812324 0.01061898794436396 0.20928208806265877 0.9777956302975546
1701508995.0 12.646882241775046 -123.00515177681865 4.8258684114342785 0.001537003989922284 0.009501832965095526 0.1816006936790008 0.9833252467237602
1701508996.0 12.625281482203736 -121.86002608518567 4.852711614447294 0.0013454941370308383 0.009530837134734214 0.1559531582844534 0.9877175533573059
1701508997.0 12.603680722632426 -120.71490039355268 4.87955481746031 0.0009967684999206362 0.008476148832211662 0.12778701551148755 0.9917649116701995
1701508998.0 12.582079963061112 -119.35443508375087 5.033397425381054 0.0006418607863737828 0.007451071215238946 0.08980441883679299 0.9959313409617463
1701508999.0 12.538878443918481 -117.92554217316008 4.579086211776193 0.0004165183663638179 0.0068551745895047015 0.0600715319991713 0.9981704484390782
1701509000.0 12.28951773036141 -116.72805229151331 4.517140930374822 0.000238007229100209 0.007012128205704337 0.02992718877670686 0.9995274567426895
1701509001.0 12.267916970790097 -115.36758698171153 4.670983538295566 8.610112207579817e-05 0.006832368116754466 0.009494226859672598 0.9999315831539931
1701509002.0 12.24631621121878 -114.22246129007851 4.697826741308582 -2.583477234296704e-05 0.00738263032622827 -0.0028709844354052345 0.9999686262830462
1701509003.0 12.224715451647466 -113.07733559844553 4.724669944321597 -0.00016698969074724845 0.007616458463830593 -0.017818351640918845 0.999812216378512
1701509004.0 12.203114692076156 -111.93220990681253 4.751513147334613 -0.0003230025711605896 0.008222793309992295 -0.029726298590563117 0.9995242010634985
1701509005.0 12.615433080905053 -110.3927057580805 4.601778307466255 -0.00041784480300776906 0.007755388538098656 -0.03809017153533245 0.9992441234186733
1701509006.0 12.593832321333743 -109.2475800664475 4.62862151047927 -0.0005924824245442587 0.008968776034534515 -0.04559652472549835 0.9989194997365785
1701509007.0 12.79999151574819 -108.1548185648283 4.74425319790668 -0.0006843265825475914 0.008778438706941314 -0.05479992218559784 0.9984585315572446
1701509008.0 12.77839075617688 -107.00969287319529 4.771096400919696 -0.0007853434912631787 0.008550926466654837 -0.06715085108739084 0.9977058825577816
1701509009.0 12.756789996605558 -105.86456718156231 4.797939603932711 -0.0008479670893903473 0.007834322689707036 -0.08342306626163924 0.9964830637573902
1701509010.0 12.507429283048488 -104.66707729991552 4.735994322531347 -0.0008758013339352135 0.007330543635548774 -0.0949397313271531 0.9954556461829722
1701509011.0 12.485828523477174 -103.30661199011374 4.889836930452088 -0.0008649307072480414 0.007173645593465242 -0.0990219165787932 0.9950590187224241
1701509012.0 12.46422776390586 -102.37682591664954 4.789680728557379 -0.0009532839926039697 0.007892528803062375 -0.10596569076221468 0.9943380067260875
1701509013.0 12.44262700433455 -101.44703984318534 4.6895245266626695 -0.001007069366920813 0.007841858926944466 -0.11756838162619279 0.9930333160079061
1701509014.0 12.421026244763233 -100.30191415155235 4.716367729675689 -0.0009766362945836998 0.006894983140643729 -0.129086694908414 0.9916088596753563
1701509015.0 12.399425485191923 -99.15678845991935 4.743210932688704 -0.0006967267167120003 0.004942757543891579 -0.12372983061153124 0.9923033874458892
1701509016.0 12.583983920035056 -97.78025973934233 4.377688203498231 -0.0006582119742774389 0.004630922065711265 -0.12253491783224685 0.9924531803715795
1701509017.0 12.562383160463742 -96.41979442954054 4.531530811418971 -0.0005884959801786044 0.004156045897336827 -0.12400738136762336 0.992272417394198
1701509018.0 12.540782400892432 -95.27466873790755 4.55837401443199 -0.000676965987943035 0.004945502735480561 -0.12229223064775094 0.9924815837298654
1701509019.0 12.746941595306879 -94.18190723628834 4.674005701859393 -0.0006841654245571051 0.005305477228463507 -0.11836761047258522 0.9929554333503897
1701509020.0 12.725340835735565 -93.03678154465533 4.700848904872412 -0.000710166147931956 0.005354882094637833 -0.124456932452694 0.9922103067728436
1701509021.0 12.475980122178491 -91.83929166300857 4.638903623471045 -0.000625131472082008 0.004362378986322987 -0.13645775987908484 0.9906360878894954
1701509022.0 12.454379362607177 -90.47882635320677 4.792746231391785 -0.0006746989955492049 0.0047519783899974966 -0.13690702726245024 0.99057227367255
1701509023.0 12.638937797450314 -89.10229763262976 4.427223502201308 -0.0008615787649953495 0.006760780301883802 -0.12636051210031 0.9919609722733495
1701509024.0 12.617337037879 -87.95717194099676 4.4540667052143235 -0.0010766018869503514 0.008879665556458773 -0.1235792124530252 0.992294397201492
1701509025.0 12.595736278307688 -86.81204624936376 4.480909908227346 -0.001130857759195272 0.009743184779762494 -0.11656978750373878 0.9931340675620834
1701509026.0 12.801895472722137 -85.71928474774455 4.596541595654749 -0.0010853448993396375 0.009862493207909726 -0.10905234948844292 0.9939864879993209
1701509027.0 12.780294713150822 -84.57415905611155 4.623384798667768 -0.0009673838056488745 0.008435636459242972 -0.11214129927509123 0.9936559933915734
1701509028.0 12.53093399959375 -83.37666917446478 4.561439517266397 -0.000713379352893255 0.005934997105346811 -0.11304512549096501 0.993571872841613
1701509029.0 12.509333240022434 -82.01620386466298 4.715282125187141 -0.00038654895898575063 0.0031968415999880997 -0.11093932836884123 0.993821964038206
1701509030.0 12.259972526465358 -80.81871398301621 4.65333684378577 -0.0001950599934800742 0.0015938102864178803 -0.11546577710037821 0.9933101610468784
1701509031.0 12.010611812908282 -79.62122410136944 4.591391562384398 -0.00016871496266668428 0.0013332706928415726 -0.12114162778784753 0.9926343233746411
1701509032.0 11.76125109935121 -78.20839460155386 4.656445685890752 -0.0002275150043064274 0.0017744351145632968 -0.12335015086736832 0.9923615973514617
1701509033.0 11.511890385794134 -77.01090471990707 4.594500404489381 -0.0003930938921430593 0.0029937173539690137 -0.12598197601682842 0.992027935520211
1701509034.0 11.26252967223706 -75.81341483826031 4.532555123088013 -0.00040771918495534094 0.0029917605969921397 -0.12624167757983704 0.9919949203375111
1701509035.0 11.013168958679984 -74.61592495661353 4.470609841686638 -0.0009757571833776074 0.006789331277112487 -0.13463159069005418 0.9908719834908011
1701509036.0 10.763808245122908 -73.41843507496675 4.408664560285267 -0.0012162837682244587 0.007564765674075008 -0.14364385672539684 0.9895997864789307
1701509037.0 10.308288337151383 -72.66768784043279 4.6120858061796675 -0.0013255157447911589 0.00729818627781338 -0.16109987598533854 0.9869102337307954
1701509038.0 9.603407715622787 -71.36546957875845 4.372563555949522 -0.001553697741518584 0.007547288549597749 -0.18289074585279244 0.983103046247079
1701509039.0 8.920127853665502 -70.56235815421071 4.487196317429532 -0.0022388990875723564 0.009298513578127833 -0.2122361859644859 0.977171595137395
1701509040.0 7.7813280837366925 -69.65451834963541 4.424252110080765 -0.004312239671484288 0.014931302136320102 -0.24306085725277232 0.969886529691529
1701509041.0 6.664129073379195 -69.03044576401791 4.842462319349881 -0.007375226598072353 0.022210216181490727 -0.265172172288443 0.963917025149793
1701509042.0 5.753089257436146 -68.39030976762518 4.741307191507776 -0.011891285087378323 0.03162116807853417 -0.28712966650500854 0.9572958026028541
1701509043.0 5.091410155050173 -68.08630518020405 5.210094964697944 -0.0170636147339049 0.04283000739307869 -0.2912854028342789 0.955524587655699
1701509044.0 4.20197109867844 -68.16061563910672 5.336095443658277 -0.023381409787945156 0.05199080136734885 -0.3341919098490927 0.9407794819408664
1701509045.0 2.8786128939064923 -68.41396493693964 5.765673370407711 -0.027716610803343072 0.0535519437136958 -0.3963692748592802 0.9161088236435612
1701509046.0 1.7614138835489985 -68.43591120582853 5.802885364953653 -0.028935455351598145 0.04917759433810586 -0.45816555173864304 0.8870336131391736
1701509047.0 0.8719748271772634 -68.2948820465624 6.055885248821706 -0.026423482040804244 0.042108760483754996 -0.49476278933598644 0.867604998934328
1701509048.0 -0.2452241831802322 -68.3168283154513 6.093097243367648 -0.021313893349357703 0.0317172237517931 -0.5348315418385449 0.8440941638954599
1701509049.0 -1.5685823879521763 -68.78551723145301 6.395675765209358 -0.014146815070406491 0.01941471375161874 -0.5798178004576016 0.8143919540281666
1701509050.0 -3.1413013062811963 -68.91807473848314 6.128311386018797 -0.005890118169535987 0.007502098587049221 -0.6162040572581178 0.7875287835015132
1701509051.0 -4.486260270624456 -68.88765681735825 6.076734896150349 -0.0005346292312909309 0.0006336122549636617 -0.6437094184282015 0.7652695586092014
1701509052.0 -6.037378429382164 -69.08864192517738 6.417524338485396 0.001003360096979369 -0.001116340992582785 -0.6654511029550221 0.7464399350431677
1701509053.0 -6.948418245325211 -69.09452478329105 5.935370995920117 0.0009622988364481851 -0.0010116971255600144 -0.6837763246492483 0.7296903372657757
1701509054.0 -8.065617255682705 -69.11647105217995 5.972582990466059 -0.0009787444845505183 0.0009711722081594492 -0.701599169466762 0.7125704907497402
1701509055.0 -8.955056312054442 -69.19078151108262 6.098583469426384 -0.0038955071658392988 0.003627918792686721 -0.7200566574502726 0.6938948575185548
1701509056.0 -9.638336174011727 -69.03368894104128 5.832218016183219 -0.006803299524315912 0.006059389686441962 -0.7333079458886165 0.6798356091062221
1701509057.0 -10.52777523038346 -69.10799939994395 5.9582184951435515 -0.007977785541063953 0.006837064570693075 -0.7461440186489233 0.6657016696091066
1701509058.0 -10.755535184369222 -69.05563520993016 5.869430010729165 -0.008007349851324825 0.006680474778535641 -0.7564290682976619 0.6539925980004843
1701509059.0 -10.983295138354983 -69.00327101991638 5.780641526314774 -0.006803057549531311 0.005423523096549133 -0.7705563929677539 0.6373124422618183
1701509060.0 -11.87273419472672 -69.29292109698787 5.779642600367374 -0.006206661029661185 0.004741060762874111 -0.7828884098190613 0.6221131227298515
1701509061.0 -12.328254102698242 -69.18819271696029 5.602065631538597 -0.006494916811526286 0.004689539138748344 -0.7983840333067064 0.6020953077704506
1701509062.0 -13.217693159069979 -69.47784279403177 5.601066705591201 -0.006846924724961259 0.004766361406960449 -0.8079206298089125 0.5892322609548115
1701509063.0 -13.87937226145595 -69.60451744294822 5.81585566896592 -0.008739177970239443 0.005879460570078202 -0.8174364431730387 0.5759224948588314
1701509064.0 -14.334892169427473 -69.71512868108945 5.511279295229418 -0.009580918045314569 0.0062680246107403 -0.8255570310940776 0.5642025401290037
1701509065.0 -14.996571271813448 -69.84180333000592 5.726068258604137 -0.009545127587600517 0.006179038299503185 -0.8303088739913099 0.557187476345541
1701509066.0 -14.996571271813448 -69.84180333000592 5.726068258604137 -0.009519582699727766 0.005992017452433889 -0.8389880009027654 0.5440336456628893
1701509067.0 -14.996571271813448 -69.84180333000592 5.726068258604137 -0.008371937303234845 0.005144107263107664 -0.8462127753092267 0.532754528586771
1701509068.0 -15.22433122579921 -70.00477875816094 5.510280369282022 -0.007437210855762599 0.004430212840416349 -0.8535961226602091 0.5208634374654578
1701509069.0 -15.88601032818518 -70.34679302524619 5.598069927749016 -0.007520648612024496 0.004391807492725936 -0.8555351692240105 0.5176714460854923
1701509070.0 -16.547689430571154 -70.47346767416265 5.812858891123735 -0.008340486727079667 0.0048740805276755676 -0.8528236821525351 0.5221096118440617
1701509071.0 -17.23096929252844 -70.3163751041213 5.546493437880571 -0.009595601068960034 0.005579954047260658 -0.8534118100473521 0.5211190564781315
1701509072.0 -17.458729246514203 -70.04867129593872 5.584704358373905 -0.010407857775917125 0.006040507870823988 -0.8548861503901948 0.5186760632921207
1701509073.0 -17.458729246514203 -70.04867129593872 5.584704358373905 -0.008995162959425568 0.005188965184419224 -0.8596008888465148 0.5108605226262156
1701509074.0 -17.458729246514203 -70.04867129593872 5.584704358373905 -0.006308642257100425 0.0036812310609863146 -0.860011955948451 0.5102216040079715
1701509075.0 -17.66488844092865 -70.49541394305155 5.85007088566967 -0.0037746557602138142 0.002188707726327175 -0.8631582829474574 0.5049145869467206
1701509076.0 -17.66488844092865 -70.49541394305155 5.85007088566967 -0.002906735946075695 0.0016320516867608316 -0.8693865993557629 0.49412126867202716
1701509077.0 -17.66488844092865 -70.49541394305155 5.85007088566967 -0.0035288870246026577 0.0019316490328218495 -0.8729618360312744 0.4877719226455004
1701509078.0 -17.66488844092865 -70.49541394305155 5.85007088566967 -0.004840720850597499 0.0026062963453245534 -0.8745345436773267 0.4849320638564712
1701509079.0 -17.66488844092865 -70.49541394305155 5.85007088566967 -0.006259190994296097 0.003303029728018628 -0.8770990339923359 0.48025742794091575
1701509080.0 -17.66488844092865 -70.49541394305155 5.85007088566967 -0.007180935217034069 0.0036867775555919574 -0.8815426064936299 0.47203545923699564
1701509081.0 -17.66488844092865 -70.49541394305155 5.85007088566967 -0.0074616852489790934 0.0037116453016020103 -0.887382613172977 0.4609583981019318
1701509082.0 -17.66488844092865 -70.49541394305155 5.85007088566967 -0.007283539528306955 0.003519981500220785 -0.8928829309489462 0.4502162051750214
1701509083.0 -17.66488844092865 -70.49541394305155 5.85007088566967 -0.006933424639345456 0.0032607742453330214 -0.898074164051381 0.4397773196033473
1701509084.0 -17.66488844092865 -70.49541394305155 5.85007088566967 -0.0066596587897368 0.003042143432600738 -0.903355985075175 0.4288290551455205
