1701507473.0 0.0 0.0 0.0 -2.5937347038381474e-05 -0.007012044349421813 0.009947444992274892 0.999925936707025
1701507474.0 0.0 0.0 0.0 -2.5911854770024563e-05 -0.00700354487880315 0.009946095499812823 0.9999260096987251
1701507475.0 0.0 0.0 0.0 -2.589740171040574e-05 -0.007009394465725957 0.009941345931356722 0.9999260159429905
1701507476.0 0.0 0.0 0.0 -2.596441935077122e-05 -0.0070124442451829925 0.009947994636805294 0.9999259284338331
1701507477.0 0.0 0.0 0.0 -2.5970561205702027e-05 -0.007010694763987787 0.0099423953635894 0.9999259963911781
1701507478.0 0.0 0.0 0.0 -2.592536822795692e-05 -0.0070373442508251975 0.009960042383999218 0.9999256335695569
1701507479.0 0.0 0.0 0.0 -2.6000183228498883e-05 -0.007017743709775593 0.00994879444656315 0.9999258832964943
1701507480.0 0.0 0.0 0.0 -2.598034521562667e-05 -0.007007944580843919 0.009946545221528828 0.9999259743980699
1701507481.0 0.0 0.0 0.0 -2.59577880198747e-05 -0.007009044071271182 0.00994364522105274 0.9999259955352285
1701507482.0 0.0 0.0 0.0 -2.5971882753912248e-05 -0.007005094815507718 0.009939845748337315 0.9999260609858042
1701507483.0 0.0 0.0 0.0 -2.5976283494342032e-05 -0.007008644006781497 0.00993899596495017 0.9999260445621104
1701507484.0 0.0 0.0 0.0 -2.5906880771518157e-05 -0.007004944650271564 0.009932846688462045 0.9999261315897008
1701507485.0 0.0 0.0 0.0 -2.5890217540200624e-05 -0.0070047947715987146 0.009932646712145632 0.9999261346265513
1701507486.0 0.0 0.0 0.0 -2.5907402312885115e-05 -0.007005844290025619 0.009931446020173769 0.9999261391995604
1701507487.0 0.0 0.0 0.0 -2.5877773766219652e-05 -0.007004744992705417 0.009932096577438928 0.9999261404401348
1701507488.0 0.0 0.0 0.0 -2.5883212692078115e-05 -0.007004794797485627 0.009929646910855268 0.9999261644202186
1701507489.0 0.0 0.0 0.0 -2.5833928793290618e-05 -0.007001595477408556 0.009926597277015314 0.9999262171079818
1701507490.0 0.0 0.0 0.0 -2.5848421419591762e-05 -0.007004194699194277 0.009928896827654583 0.9999261760731443
1701507491.0 0.0 0.0 0.0 -2.5899919088309085e-05 -0.007007895053669318 0.009932795729794351 0.9999261114227896
1701507492.0 0.0 0.0 0.0 -2.5996431099745084e-05 -0.00702564399245379 0.0099446942838557 0.9999258686054069
1701507493.0 0.0 0.0 0.0 -2.576959251437293e-05 -0.007012095258456415 0.009921397123833223 0.9999261951439844
1701507494.0 0.0 0.0 0.0 -2.585215329924124e-05 -0.00700634507112261 0.009932996290065093 0.9999261202934505
1701507495.0 0.0 0.0 0.0 -2.5763983747468384e-05 -0.007001995731085148 0.009931596452602815 0.9999261646661226
1701507496.0 0.0 0.0 0.0 -2.5871846868058234e-05 -0.0070067449943832325 0.009941695336092822 0.9999260310388342
1701507497.0 0.0 0.0 0.0 -2.5807318944201906e-05 -0.007004445372086484 0.009932296352240386 0.9999261405564828
1701507498.0 0.0 0.0 0.0 -2.5892212559480954e-05 -0.0070006946890991 0.009954095399969252 0.9999259500524185
1701507499.0 0.0 0.0 0.0 -2.5897004819444227e-05 -0.007008244304212786 0.00993969559715435 0.9999260404112664
1701507500.0 0.0 0.0 0.0 -2.593082269037575e-05 -0.007018344658775477 0.00994769459417846 0.9999258900229077
1701507501.0 0.0 0.0 0.0 -2.5927455793452386e-05 -0.007016294401054711 0.009936995564498197 0.9999260107926966
1701507502.0 0.0 0.0 0.0 -2.5885779315610498e-05 -0.007009095093763048 0.009934645581817059 0.9999260846347878
1701507503.0 0.0 0.0 0.0 -2.584396635712529e-05 -0.007005645224826715 0.00993139644477694 0.9999261410882956
1701507504.0 0.0 0.0 0.0 -2.5924294459877676e-05 -0.007007094971616561 0.009934496022028168 0.9999261001377941
1701507505.0 0.0 0.0 0.0 -2.5877334766990963e-05 -0.007005194815163245 0.00993469660667458 0.9999261114598911
1701507506.0 0.0 0.0 0.0 -2.5878523477341632e-05 -0.007002294723609153 0.009934996672189316 0.999926128791537
1701507507.0 0.0 0.0 0.0 -2.5864434565167354e-05 -0.0070064451411976925 0.009936895908175742 0.9999260808465917
1701507508.0 0.0 0.0 0.0 -2.582882925322621e-05 -0.0070061947512191965 0.009931146364902221 0.9999261397222589
1701507509.0 0.0 0.0 0.0 -2.580629007669097e-05 -0.0070026451612713704 0.009929496895698433 0.9999261809684648
1701507510.0 0.0 0.0 0.0 -2.5814696191186332e-05 -0.007005495392470871 0.009929596807245998 0.9999261600114046
1701507511.0 0.0 0.0 0.0 -2.5844558113660104e-05 -0.007006944860238731 0.009927896702575939 0.9999261667357482
1701507512.0 0.0 0.0 0.0 -2.58307850074062e-05 -0.007006345149935179 0.009927446715890558 0.9999261754060215
1701507513.0 0.0 0.0 0.0 -2.5827092804712732e-05 -0.007007244805180086 0.009926146622975729 0.9999261820086625
1701507514.0 0.0 0.0 0.0 -2.579292487626361e-05 -0.007004245194306335 0.009920947641232419 0.9999262546217511
1701507515.0 0.0 0.0 0.0 -2.5843618144900727e-05 -0.00700754509045054 0.009929146636233975 0.999926150118592
1701507516.0 0.0 0.0 0.0 -2.5833080345968514e-05 -0.0070102952759949445 0.009929996213904115 0.9999261224050441
1701507517.0 0.0 0.0 0.0 -2.586041427619739e-05 -0.007012194573839557 0.009929796094913573 0.9999261110742188
1701507518.0 0.0 0.0 0.0 -2.582680133797047e-05 -0.007006594754640032 0.00992294734560468 0.9999262183175802
1701507519.0 0.0 0.0 0.0 -2.5834343609339e-05 -0.00700759494952154 0.009919897652451718 0.9999262415679344
1701507520.0 0.0 0.0 0.0 -2.581174340569118e-05 -0.007005645343623725 0.009922197286624057 0.9999262324132109
1701507521.0 0.0 0.0 0.0 -2.5825730925147475e-05 -0.007006495108839254 0.009924046930523272 0.9999262081032991
1701507522.0 0.0 0.0 0.0 -2.579098108788722e-05 -0.007001245464661049 0.009925547312619491 0.9999262299826491
1701507523.0 0.0 0.0 0.0 -2.5787661709675805e-05 -0.006999395437373078 0.009921347253256933 0.9999262846166151
1701507524.0 0.0 0.0 0.0 -2.5788670013689235e-05 -0.0070039453294277396 0.009922397624376706 0.9999262423349787
1701507525.0 0.0 0.0 0.0 -2.582597192802677e-05 -0.007005895346859006 0.009924796864390115 0.9999262048624431
1701507526.0 0.0 0.0 0.0 -2.5812905762418752e-05 -0.007000545041688271 0.009923247629815262 0.9999262577106827
1701507527.0 0.0 0.0 0.0 -2.5810373837803624e-05 -0.007006795045970479 0.00992689724484705 0.999926177709184
1701507528.0 0.0 0.0 0.0 -2.5800121056579e-05 -0.007009244884204081 0.009926046839682514 0.9999261689818121
1701507529.0 0.0 0.0 0.0 -2.5767230766458215e-05 -0.007010594933215026 0.00992384665860977 0.9999261813565183
1701507530.0 0.0 0.0 0.0 -2.582947377915213e-05 -0.00700779473261705 0.009923997018062469 0.9999261994912472
1701507531.0 0.0 0.0 0.0 -2.5794772084675355e-05 -0.0070067452785518005 0.009918497105669548 0.9999262614165086
1701507532.0 0.0 0.0 0.0 -2.583094514067187e-05 -0.007012095032715861 0.009916347166954062 0.9999262452375569
1701507533.0 0.0 0.0 0.0 -2.5854884673900854e-05 -0.0070106951915479545 0.00991879716043268 0.9999262307527222
1701507534.0 0.0 0.0 0.0 -2.580361709963899e-05 -0.0070033450476247455 0.009916547994633405 0.9999263045685854
1701507535.0 0.0 0.0 0.0 -2.5773317321319305e-05 -0.006999395490206977 0.009916997831721255 0.9999263277624574
1701507536.0 0.0 0.0 0.0 -2.581492380291699e-05 -0.007006795029208657 0.009918946897839356 0.9999262566056791
1701507537.0 0.0 0.0 0.0 -2.5791543131335667e-05 -0.007007295226642775 0.009920347468923193 0.999926239206922
1701507538.0 0.0 0.0 0.0 -2.5768806991999034e-05 -0.0070054955614186395 0.00991944753713253 0.999926260745494
1701507539.0 0.0 0.0 0.0 -2.579865794148066e-05 -0.007011895386447073 0.009921246973049545 0.9999261980346442
1701507540.0 0.0 0.0 0.0 -2.5835966002995632e-05 -0.00700689506705152 0.009923496997309567 0.9999262107582573
1701507541.0 0.0 0.0 0.0 -2.5836094516432978e-05 -0.007006644545251955 0.009922747122560327 0.9999262199553797
1701507542.0 0.0 0.0 0.0 -2.5848339282790363e-05 -0.007008444714671508 0.00992484697478741 0.9999261864993194
1701507543.0 0.0 0.0 0.0 -2.5844272304211615e-05 -0.00701209498360899 0.009924846953618841 0.9999261609083752
1701507544.0 0.0 0.0 0.0 -2.5768693709178366e-05 -0.0069980455790712385 0.009919947905142187 0.9999263079485442
1701507545.0 0.0 0.0 0.0 -2.5881522678289916e-05 -0.007009744695447721 0.009926496600474411 0.9999261610112479
1701507546.0 0.0 0.0 0.0 -2.585923742866484e-05 -0.007008644439614409 0.009924296822690257 0.9999261905595803
1701507547.0 0.0 0.0 0.0 -2.5929891100405686e-05 -0.007009744516693967 0.009927996850345828 0.9999261461167974
1701507548.0 0.0 0.0 0.0 -2.5916468232175055e-05 -0.007019494409030769 0.009937144807541822 0.999925986850853
1701507549.0 0.0 0.0 0.0 -2.5792910459369493e-05 -0.007033944540139512 0.009944993334401932 0.9999258072809756
1701507550.0 0.0 0.0 0.0 -2.5770106398671004e-05 -0.007031944644532107 0.009945493790229023 0.9999258163702376
1701507551.0 0.0 0.0 0.0 -2.5758023269478317e-05 -0.007033444556777024 0.00994519358888458 0.9999258088071687
1701507552.0 0.0 0.0 0.0 -2.576318517507598e-05 -0.00703389482421761 0.009945993271304056 0.999925797685862
1701507553.0 0.0 0.0 0.0 -2.5753851147519943e-05 -0.007034994730517162 0.009944993493752717 0.9999257998923171
1701507554.0 0.0 0.0 0.0 -2.5750963783318292e-05 -0.007035744907879447 0.009946392882398906 0.9999257806953015
1701507555.0 0.0 0.0 0.0 -2.5750532151392663e-05 -0.0070376447731944755 0.00994714310687789 0.999925759862685
1701507556.0 0.0 0.0 0.0 -2.5743304941127695e-05 -0.007038844787075974 0.009945792938199796 0.9999257648466591
1701507557.0 0.0 0.0 0.0 -2.5741359990128893e-05 -0.007040044781615988 0.009945792854181078 0.9999257563996223
1701507558.0 0.0 0.0 0.0 -2.5736756338068624e-05 -0.0070398445677178146 0.009947043075925088 0.9999257453731889
1701507559.0 0.0 0.0 0.0 -2.573054236269241e-05 -0.0070407451630569665 0.009945193310744777 0.9999257574317705
1701507560.0 0.0 0.0 0.0 -2.574448083111031e-05 -0.007040994702036352 0.009946043062017476 0.9999257472223805
1701507561.0 0.0 0.0 0.0 -2.574447203171044e-05 -0.007039644774428162 0.009945343319593366 0.9999257636869486
1701507562.0 0.0 0.0 0.0 -2.5762792510131107e-05 -0.007039744822771409 0.009944593187938222 0.999925770442704
1701507563.0 0.0 0.0 0.0 -2.5768671839266123e-05 -0.007040294271635711 0.009945042944878024 0.9999257621010517
1701507564.0 0.0 0.0 0.0 -2.5761057249612636e-05 -0.007038694316250646 0.009945393441003644 0.9999257698789416
1701507565.0 0.0 0.0 0.0 -2.574954346200674e-05 -0.007038144887995504 0.009946142905676296 0.9999257662920765
1701507566.0 0.0 0.0 0.0 -2.5742661478225264e-05 -0.007037994972946647 0.009946943095688074 0.9999257593877294
1701507567.0 0.0 0.0 0.0 -2.5740449776632867e-05 -0.007038544917072246 0.009947842880807339 0.9999257465656629
1701507568.0 0.0 0.0 0.0 -2.573924386276594e-05 -0.00704004478935312 0.009948692544506527 0.9999257275535569
1701507569.0 0.0 0.0 0.0 -2.5736337721131556e-05 -0.0070419451292787925 0.009948992740602345 0.9999257111855283
1701507570.0 0.0 0.0 0.0 -2.5737834562553228e-05 -0.0070426445343886555 0.009949442021352973 0.9999257017893829
1701507571.0 0.0 0.0 0.0 -2.5731055771165533e-05 -0.007044644538118143 0.009951142582631902 0.9999256707788556
1701507572.0 0.0 0.0 0.0 -2.5719940468900547e-05 -0.00704449463849556 0.009950642277279329 0.9999256768140533
1701507573.0 0.0 0.0 0.0 -2.572477922936934e-05 -0.007045144672186644 0.009951691987043139 0.9999256617876044
1701507574.0 0.0 0.0 0.0 -2.571828525096026e-05 -0.007043944708537979 0.009949492450736685 0.999925692129913
1701507575.0 0.0 0.0 0.0 -2.5723517915850188e-05 -0.00704219476604612 0.009948842558506208 0.9999257109220283
1701507576.0 0.0 0.0 0.0 -2.5729722650874644e-05 -0.00704254444866749 0.00994904252066772 0.9999257064695316
1701507577.0 0.0 0.0 0.0 -2.5724206495057808e-05 -0.007042094648168708 0.009948692866538496 0.9999257131164688
1701507578.0 0.0 0.0 0.0 -2.5724754207325804e-05 -0.007042244586384758 0.009948692856033106 0.9999257120605906
1701507579.0 0.0 0.0 0.0 -2.5724965832830776e-05 -0.007042494641190267 0.009947593028256756 0.9999257212415326
1701507580.0 0.0 0.0 0.0 -2.572924410530545e-05 -0.007042894621356064 0.00994889256433615 0.9999257054952142
1701507581.0 0.0 0.0 0.0 -2.5719877674897832e-05 -0.007043994993230238 0.009947992430835531 0.9999257067000623
1701507582.0 0.0 0.0 0.0 -2.5707211078687552e-05 -0.007044094689175381 0.009948142588460208 0.999925704504184
1701507583.0 0.0 0.0 0.0 -2.5709958116520903e-05 -0.007044944495571511 0.009948792543756538 0.9999256920506512
1701507584.0 0.0 0.0 0.0 -2.5697932306378682e-05 -0.007044544543667434 0.009947892515403697 0.9999257038231844
1701507585.0 0.0 0.0 0.0 -2.569040308925441e-05 -0.007044894742056323 0.009949142465702129 0.9999256889200686
1701507586.0 0.0 0.0 0.0 -2.5695228337126148e-05 -0.007045444660448053 0.009949942606602667 0.9999256770837606
1701507587.0 0.0 0.0 0.0 -2.5685612554132037e-05 -0.007045995097147773 0.009948592483458413 0.9999256866392313
1701507588.0 0.0 0.0 0.0 -2.5683892443369223e-05 -0.007044944590647867 0.009948692666832562 0.9999256930443748
1701507589.0 0.0 0.0 0.0 -2.567678957651098e-05 -0.007044444971057916 0.009947442959816328 0.9999257089975802
1701507590.0 0.0 0.0 0.0 -2.5669012172658925e-05 -0.007044244768687372 0.009945742737962065 0.99992572732085
1701507591.0 0.0 0.0 0.0 -2.567525686023337e-05 -0.007044894797273333 0.009945092910354022 0.9999257292044649
1701507592.0 0.0 0.0 0.0 -2.5667494548210438e-05 -0.007044795175854977 0.009943942586560636 0.9999257413467988
1701507593.0 0.0 0.0 0.0 -2.567641384004022e-05 -0.00704569478460584 0.009944142975827174 0.9999257330153076
1701507594.0 0.0 0.0 0.0 -2.568098346879976e-05 -0.007045595118247435 0.009942543322253663 0.9999257496245418
1701507595.0 0.0 0.0 0.0 -2.5683206018581248e-05 -0.0070464947513963665 0.00994269319102575 0.9999257417949597
1701507596.0 0.0 0.0 0.0 -2.568295717940151e-05 -0.0070473943935464 0.009942092935163937 0.9999257414231899
1701507597.0 0.0 0.0 0.0 -2.567478295364826e-05 -0.007046795128158595 0.009940043055543005 0.9999257660262992
1701507598.0 0.0 0.0 0.0 -2.5665186805501087e-05 -0.007046094821281393 0.009940443077951923 0.9999257669849706
1701507599.0 0.0 0.0 0.0 -2.5646171358844545e-05 -0.0070461945402206455 0.009941093085870307 0.9999257598207146
1701507600.0 0.0 0.0 0.0 -2.5643705582117782e-05 -0.0070461945491949495 0.00994014297455074 0.9999257692661095
1701507601.0 0.0 0.0 0.0 -2.5634913836170647e-05 -0.0070462951621925495 0.009943343219905388 0.9999257367389588
1701507602.0 0.0 0.0 0.0 -2.5620698097465918e-05 -0.007045195341965147 0.009943993079035185 0.9999257380264883
1701507603.0 0.0 0.0 0.0 -2.562367122458823e-05 -0.00704504492529455 0.009943692760346253 0.9999257420727381
1701507604.0 0.0 0.0 0.0 -2.5622000750630037e-05 -0.00704429523034257 0.009945242418546794 0.9999257319428564
1701507605.0 0.0 0.0 0.0 -2.5610989693059494e-05 -0.007043495278851961 0.00994479267919241 0.9999257420513296
1701507606.0 0.0 0.0 0.0 -2.5600035541912253e-05 -0.0070447451308137095 0.009943192931080976 0.9999257491559137
1701507607.0 0.0 0.0 0.0 -2.560584457168935e-05 -0.00704469528485131 0.009943142646886354 0.9999257500069633
1701507608.0 0.0 0.0 0.0 -2.5606378321146375e-05 -0.007044745107761706 0.009941992778224759 0.9999257610894309
1701507609.0 0.0 0.0 0.0 -2.5616216483125954e-05 -0.007046094999484134 0.009942793095979632 0.9999257436202542
1701507610.0 0.0 0.0 0.0 -2.562169650896062e-05 -0.007046245385415536 0.009941592932593583 0.9999257544935323
1701507611.0 0.0 0.0 0.0 -2.561610426315736e-05 -0.007046645401506001 0.009939992778360282 0.9999257675827575
1701507612.0 0.0 0.0 0.0 -2.5624169057739196e-05 -0.007047895184304187 0.009938693126633954 0.999925771692983
1701507613.0 0.0 0.0 0.0 -2.560749279416382e-05 -0.007048445180864484 0.009939543322496835 0.9999257593658286
1701507614.0 0.0 0.0 0.0 -2.5595611984980746e-05 -0.007047794707068637 0.009939092641406654 0.9999257684308857
1701507615.0 0.0 0.0 0.0 -2.5592292936323725e-05 -0.007048045240323522 0.009938092690471228 0.999925776603944
1701507616.0 0.0 0.0 0.0 -2.557959024897774e-05 -0.007047845521390856 0.009937593319800288 0.9999257829750172
1701507617.0 0.0 0.0 0.0 -2.5574245668329913e-05 -0.007047344964038925 0.00993709280612562 0.9999257914772868
1701507618.0 0.0 0.0 0.0 -2.557338196202043e-05 -0.007047495373024044 0.009936393191426616 0.9999257973696422
1701507619.0 0.0 0.0 0.0 -2.5574909055148356e-05 -0.007046944965884456 0.009936893313082855 0.9999257962788319
1701507620.0 0.0 0.0 0.0 -2.5576493661073676e-05 -0.007046895135284669 0.009936243301649685 0.9999258030893321
1701507621.0 0.0 0.0 0.0 -2.5578809017180438e-05 -0.007047145182430065 0.009934243417289317 0.9999258211978668
1701507622.0 0.0 0.0 0.0 -2.5578319348521654e-05 -0.0070474953551059255 0.009934393557397522 0.9999258172382669
1701507623.0 0.0 0.0 0.0 -2.5565599318079058e-05 -0.007047195520865653 0.009932243546878976 0.999925840710108
1701507624.0 0.0 0.0 0.0 -2.557652378488225e-05 -0.007047195481225741 0.009930593831275338 0.9999258570953394
1701507625.0 0.0 0.0 0.0 -2.5589847843415787e-05 -0.007048245479901201 0.009931243539920167 0.9999258432416703
1701507626.0 0.0 0.0 0.0 -2.5583494484935964e-05 -0.007046495114121479 0.009929244028288995 0.9999258754353335
1701507627.0 0.0 0.0 0.0 -2.5569081859684703e-05 -0.007046795512484542 0.009929343884215364 0.9999258723271722
1701507628.0 0.0 0.0 0.0 -2.55635503103781e-05 -0.007046145015604958 0.009928493928058082 0.9999258853511317
1701507629.0 0.0 0.0 0.0 -2.5545825754358995e-05 -0.007045045207997749 0.009928344305990875 0.9999258945865788
1701507630.0 0.0 0.0 0.0 -2.5520813569438174e-05 -0.007043295375464812 0.009930294240524653 0.9999258875512917
1701507631.0 0.0 0.0 0.0 -2.549274208066996e-05 -0.007042545310481586 0.009933993697679586 0.9999258560887825
1701507632.0 0.0 0.0 0.0 -2.5476866594670638e-05 -0.007044095526044402 0.009935543427858604 0.9999258297723599
1701507633.0 0.0 0.0 0.0 -2.5469314622554822e-05 -0.007046195181710003 0.009939093219102928 0.9999257797010522
1701507634.0 0.0 0.0 0.0 -2.5461259905396113e-05 -0.007048745590997526 0.009939642712789902 0.9999257562639637
1701507635.0 0.0 0.0 0.0 -2.5442585024695356e-05 -0.0070508955771661636 0.009939892603673594 0.999925738622255
1701507636.0 0.0 0.0 0.0 -2.5424762489523024e-05 -0.007052895619951421 0.009940642122462316 0.9999257170665973
1701507637.0 0.0 0.0 0.0 -2.5420507856598467e-05 -0.007054845323250276 0.009939942847265598 0.9999257102642456
1701507638.0 0.0 0.0 0.0 -2.5441497753140333e-05 -0.0070571455720332184 0.009937042297253316 0.9999257228611973
1701507639.0 0.0 0.0 0.0 -2.545171858363139e-05 -0.007059294988112188 0.009934192511090883 0.9999257360052461
1701507640.0 0.0 0.0 0.0 -2.5475320144611046e-05 -0.00706094564184643 0.009933092585036472 0.9999257352770494
1701507641.0 0.0 0.21533961816879774 0.12699940490772543 -2.663037168423203e-05 -0.007626179325657985 0.010031893431554402 0.999920597744588
1701507642.0 0.0 0.4306792363375955 0.25399880981545087 -3.771562422609645e-05 -0.008586111267534037 0.009940073609376255 0.9999137323826858
1701507643.0 -0.02160075957131319 0.9297860734641968 -0.10015620189470764 -4.6959848864029566e-05 -0.007067635007448039 0.00846484086501339 0.9999391945510008
1701507644.0 -0.02160075957131319 1.3604653098017923 0.15384260792074317 -4.657870589558275e-05 -0.008139976653583427 0.008240487367777227 0.9999329142389727
1701507645.0 -0.04320151914262638 2.290251383265989 0.05368640602603558 -3.900144772473537e-05 -0.007552127148109108 0.009612931300715033 0.9999252749111973
1701507646.0 -0.2709614731283883 2.7732948096173664 0.21889673142709765 -3.9866478102558426e-05 -0.007962315803508658 0.011806704130460456 0.9998985956962261
1701507647.0 -0.2925622326997015 3.7030808830815634 0.11874052953239023 -2.6567008925967602e-05 -0.005322508348500609 0.011767365402836806 0.9999165961771763
1701507648.0 -0.08640303828525275 4.580502766531978 0.10737281205207116 -4.230154793314326e-05 -0.006397016321559307 0.010215416559638195 0.9999273581902207
1701507649.0 -0.108003797856566 5.294949221827377 -0.11978279475036202 5.343124106816918e-05 -0.005164200497367223 -0.00802680687300875 0.9999544482373929
1701507650.0 -0.335763751842328 5.993332266347553 0.1724269355584256 7.369268759156417e-05 -0.0064024321354606015 -0.006516920425183008 0.99995826571928
1701507651.0 -0.12960455742787924 6.870754149797968 0.16105921807810653 3.087922666237488e-05 -0.0048102318852416065 0.000822690250398655 0.9999880918773161
1701507652.0 -0.15120531699919226 7.800540223262164 0.06090301618339877 3.233437125365474e-05 -0.005706927628403273 0.0002443459580375864 0.9999836849802027
1701507653.0 -0.1728060765705055 8.73032629672636 -0.039253185711308536 0.00012120137652019803 -0.004744584136615858 -0.02235303717155639 0.9997388738869785
1701507654.0 0.033353117843943236 9.607748180176776 -0.0506209031916276 0.0001703539444057975 -0.004417101944346607 -0.03158113845589566 0.9994914166133576
1701507655.0 0.01175235827262977 10.75287387180977 -0.02377770017861014 0.00010023964876061401 -0.0055141106793877214 -0.011661108143607391 0.9999167980848663
1701507656.0 -0.00984840129868303 11.897999563442765 0.0030655028344073187 -0.0002373975120675172 -0.005346556422816098 0.050633414375423104 0.9987029665148319
1701507657.0 -0.03144916086999627 12.827785636906961 -0.0970906990602991 -7.560357940187963e-05 -0.005028760562214466 0.02214911293198365 0.9997420280490527
1701507658.0 -0.2592091148557585 13.741508299595935 0.32211843615621305 0.00010169221979859235 -0.005107215302444883 -0.014742123923855932 0.9998782804885605
1701507659.0 -0.2808098744270713 14.671294373060132 0.22196223426150574 0.00030132444422593734 -0.006022129540174057 -0.046982942560312824 0.9988774931230332
1701507660.0 -0.07465068001262276 15.548716256510547 0.21059451678118624 0.00017117061915997446 -0.007843151934082254 -0.012339656205408934 0.9998930885615173
1701507661.0 -0.09625143958393556 16.478502329974745 0.11043831488647982 3.945122954276984e-05 -0.006229484548939651 0.0007832847478381118 0.9999802890211681
1701507662.0 -0.11785219915524925 17.623628021607736 0.13728151789949639 7.910956139460259e-06 -0.006115707169178095 0.006061903114512295 0.9999629250096566
1701507663.0 -0.1394529587265625 18.768753713240734 0.16412472091251473 -0.0002349733841543132 -0.004959666483025143 0.05165701339944082 0.9986525419096152
1701507664.0 -0.1610537182978753 19.69853978670493 0.06396851901780742 -0.0003461755449932765 -0.004205262903337418 0.08970734393020384 0.9959592302757146
1701507665.0 -0.4104144318549503 20.89602966835171 0.002023237616436191 -0.00040152235711690535 -0.004686362782627964 0.08779450240305599 0.9961275029490282
1701507666.0 -0.432015191426264 21.8258157418159 -0.098132964278272 -0.0001683174679033712 -0.004425135465520489 0.04119968501982519 0.9991411190615713
1701507667.0 -0.6597751454120262 22.739538404504874 0.32107617093824103 0.0001744591041020436 -0.0049503067788177245 -0.02743681989237371 0.9996112669137989
1701507668.0 -0.4752167105688896 23.900727506913096 -0.17144596315996274 0.00013965015258186563 -0.004871979511270764 -0.021026399322809808 0.9997670402873834
1701507669.0 -0.4968174701402033 25.045853198546087 -0.1446027601469435 8.738304591087715e-06 -0.005229068987757516 -0.0007597894456482517 0.9999860396431349
1701507670.0 -0.518418229711517 26.190978890179082 -0.11775955713392605 -0.00018011250079074515 -0.005062425513626459 0.03812606862150507 0.9992600974215243
1701507671.0 -0.7461781836972783 27.104701552868057 0.3014495780825879 -0.00028335748117461565 -0.003926528761722393 0.07508817433591644 0.9971691271571339
1701507672.0 -0.9955388972543542 28.086851816346037 0.1125048917734901 -0.0003366946270411613 -0.0048644423552664465 0.07348347700526192 0.9972845142909407
1701507673.0 -1.017139656825666 29.231977507979032 0.13934809478650934 -0.00013941581854832438 -0.004797155897101714 0.036048876188176586 0.999338504403837
1701507674.0 -1.0387404163969798 30.377103199612023 0.1661912977995268 -8.507594332246762e-05 -0.0029118532547168204 0.033595636871603406 0.9994312617963771
1701507675.0 -1.0603411759682935 31.306889273076223 0.06603509590481771 -4.442480777383928e-05 -0.0019392400442612083 0.02775773518391221 0.999612797793199
1701507676.0 -1.0819419355396063 32.452014964709214 0.09287829891783694 -2.3510367361557878e-05 -0.0028867501760380175 0.013694668475196384 0.9999020562915341
1701507677.0 -1.103542695110919 33.59714065634221 0.1197215019308544 -1.478906397387503e-05 -0.0020601953751946214 0.012399009053808566 0.9999210068554331
1701507678.0 -1.1251434546822328 34.526926729806405 0.019565300036145317 2.8878673824658638e-05 -0.0016340940419570288 -0.012093939192318355 0.9999255299958577
1701507679.0 -1.1467442142535456 35.6720524214394 0.04640850304916455 0.00016712710947755602 -0.0033150838058453105 -0.046822613747698305 0.9988977050377698
1701507680.0 -1.1683449738248592 36.817178113072394 0.07325170606218201 0.00015929866517767755 -0.0026468074483727458 -0.050989299636952395 0.9986956795524848
1701507681.0 -0.9621857794104107 37.90993961469161 0.18888339348958816 0.00014737231725834627 -0.0035733546933414293 -0.03793280166608695 0.9992738923715545
1701507682.0 -0.9837865389817235 38.83972568815581 0.08872719159488085 0.00010526971013440351 -0.00250893985766467 -0.03619892524453277 0.999341449130486
1701507683.0 -0.777627344567275 39.93248718977502 0.204358879022287 0.00014081805773208015 -0.0033513864502837673 -0.036088009016398546 0.99934298615859
1701507684.0 -0.7992281041385887 41.077612881408015 0.23120208203530446 2.729078970982263e-05 -0.0012575035974563683 -0.0175137395329566 0.9998458315497879
1701507685.0 -0.8208288637099006 42.007398954872215 0.13104588014059715 9.074290942995686e-05 -0.0022230968389451255 -0.035036238779623544 0.9993835657936078
1701507686.0 -0.8424296232812143 43.1525246465052 0.15788908315361638 0.00024947211881227527 -0.0055679349021526495 -0.04085838496040982 0.9991494023633374
1701507687.0 -0.6362704288667658 44.245286148124414 0.27352077058102076 0.00010557034706284261 -0.0041206862268603804 -0.019781241735978426 0.9997958347959369
1701507688.0 -0.6578711884380795 45.39041183975741 0.3003639735940382 0.00011753235431263607 -0.004427926018182989 -0.02028551082938347 0.9997844156155438
1701507689.0 -0.47331275359494285 46.55160094216563 -0.1921581605041638 0.0001076594587170981 -0.0038446834136568325 -0.01825419982343689 0.9998259803624306
1701507690.0 -0.49491351316625654 47.696726633798626 -0.1653149574911481 0.00017012071253848474 -0.005689826635867037 -0.016923016045716065 0.9998405915243257
1701507691.0 -0.288754318751808 48.78948813541784 -0.049683270063738405 0.00016727904950840911 -0.006080511519571671 -0.017750289152061737 0.9998239478190138
1701507692.0 -0.3103550783231217 49.93461382705083 -0.022840067050722723 0.00016364890926129957 -0.006535504823482371 -0.019463603425569506 0.9997891920487182
1701507693.0 -0.3319558378944336 51.07973951868382 0.004003135962296511 -2.2939063315797313e-06 -0.0074331808095636455 4.1402445573989354e-05 0.9999723726701792
1701507694.0 -0.3535565974657473 52.00952559214802 -0.09615306593240902 -0.0002578915224500936 -0.007056780462699719 0.03954125565594192 0.9991929865859825
1701507695.0 -0.375157357037061 53.15465128378102 -0.06930986291939334 -0.00024232446774596257 -0.0054619500587948415 0.04803204353722784 0.9988308321102454
1701507696.0 -0.8306772650085854 54.12073813648377 0.2611107878827319 -0.00022851242047147705 -0.005344841987378461 0.04929820356578616 0.9987697770614558
1701507697.0 -0.8522780245798991 55.26586382811677 0.2879539908957476 -0.00017129265753801405 -0.0036982768730969904 0.047380234928044544 0.9988700649960227
1701507698.0 -0.8738787841512092 56.195649901580964 0.18779778900104205 -0.0003479209822126259 -0.007004206640722814 0.05092895589586695 0.9986776564496078
1701507699.0 -1.1232394977082851 57.39313978322774 0.12585250759967082 -0.00029116071578408624 -0.00452607913253657 0.06474146989022865 0.9978917636244806
1701507700.0 -1.1448402572795988 58.53826547486073 0.1526957106126865 -0.000424977834336537 -0.005981586128273357 0.0713218083004761 0.9974353310776496
1701507701.0 -1.3942009708366747 59.73575535650751 0.09075042921131882 -0.0003897094310140847 -0.0038221744207274054 0.10509012189298288 0.9944552807390461
1701507702.0 -1.6435616843937488 60.717905619985494 -0.09819425709778073 -0.0001987308096875894 -0.0021515900584202453 0.09783870252336753 0.9951999394367093
1701507703.0 -1.6651624439650625 61.863031311618485 -0.0713510540847615 -6.141092655926648e-05 -0.0006648698735308249 0.09945080900833071 0.9950422557682351
1701507704.0 -2.120682351936587 62.829118164321244 0.2590695967173602 5.731712662509387e-05 0.0006032330589898413 0.10044018511755512 0.9949429139594768
1701507705.0 -2.370043065493661 63.81126842779922 0.07012491040826774 2.046035511900378e-05 0.00019774431342449883 0.10831344333491029 0.9941167730561111
1701507706.0 -2.3916438250649747 64.95639411943222 0.09696811342128342 2.979169625458862e-05 0.00028484629442569227 0.1112077892844555 0.9937971350217847
1701507707.0 -2.6410045386220506 66.15388400107899 0.03502283201991219 7.603629512478654e-05 0.0007154205902420446 0.10980228475418354 0.9939531883618172
1701507708.0 -3.0965244465935733 66.90463123561295 0.23844407791431266 8.931472004947248e-06 8.317181454120865e-05 0.10883414595642946 0.9940599185545168
1701507709.0 -3.118125206164885 68.04975692724594 0.2652872809273319 -7.907591297407474e-05 -0.0010185348075966798 0.0796236863773255 0.9968244704568258
1701507710.0 -3.367485919721961 69.03190719072393 0.07634259461823234 -0.00013371724773429458 -0.001735856441252814 0.08216524628537361 0.9966171989409861
1701507711.0 -3.616846633279037 70.22939707237069 0.014397313216861107 -0.00012791155949915233 -0.0016307905702779414 0.08293118331501574 0.9965539338112716
1701507712.0 -3.638447392850349 71.3745227640037 0.04124051622988034 -0.00025131585019161524 -0.0032182967335048895 0.08275666773179363 0.9965645555368744
1701507713.0 -3.887808106407425 72.35667302748168 -0.14770417007921566 -0.00015049003882833335 -0.001892023384170753 0.08083865458199803 0.9967253932380946
1701507714.0 -3.9094088659787367 73.50179871911466 -0.12086096706619998 -0.00018217798891492312 -0.0023186017954133454 0.08181129365815204 0.9966451239668382
1701507715.0 -4.364928773950261 74.46788557181742 0.20955968373592526 -0.00021481280245813167 -0.0027397380149593526 0.08204551223416795 0.9966247948015854
1701507716.0 -4.614289487507337 75.6653754534642 0.14761440233455758 -0.00025662436484599337 -0.0033207929874722116 0.08199912681029485 0.9966268357214845
1701507717.0 -4.6358902470786525 76.5951615269284 0.0474582004398485 -0.00028689806104801577 -0.0037719957939685205 0.08124970581835296 0.9966865982051049
1701507718.0 -4.885250960635725 77.79265140857517 -0.014487080961522736 -0.00018313464902077403 -0.0024291540650359196 0.08150489769736667 0.9966699640922115
1701507719.0 -4.9068517202070385 78.93777710020817 0.012356122051496499 -0.0002766759456770926 -0.0036454576953860356 0.08089043663662278 0.9967162943131556
1701507720.0 -5.156212433764114 79.91992736368616 -0.1765885642575995 -0.00020227435695187115 -0.002637251294082987 0.07904274445114738 0.9968677186770204
1701507721.0 -5.383972387749875 80.83365002637512 0.24262057095891265 -0.00019799998992088216 -0.0021289608115681513 0.09966607951682956 0.9950186435015235
1701507722.0 -5.633333101306951 82.03113990802188 0.18067528955754142 -0.0002986441577722939 -0.0022678185765836003 0.14160569917710336 0.9899204987124646
1701507723.0 -5.882693814864027 83.01329017149988 -0.00826939675155458 -0.0004062523388503526 -0.0029540416018825986 0.13861020467514187 0.9903425264812002
1701507724.0 -6.1320545284211025 83.99544043497785 -0.19721408306065058 -0.0008861485677991909 -0.005133352105208116 0.1782528203956749 0.9839709322220179
1701507725.0 -6.587574436392623 84.96152728768061 0.1332065677414711 -0.0010725178222339865 -0.006106185125535845 0.1773006671493386 0.9841372046808987
1701507726.0 -6.836935149949699 85.94367755115859 -0.055738118567624895 -0.0011286438533638637 -0.005919883868012529 0.1940545274973151 0.9809722327853297
1701507727.0 -7.520215011906984 86.96212859387514 0.18589404782010988 -0.0010796151807012859 -0.00470813469890133 0.22683582986234793 0.9739210307768175
1701507728.0 -7.76957572546406 87.9442788573531 -0.003050638488982571 -0.0009593192336080673 -0.004239042051809657 0.22982251851667035 0.9732228522860249
1701507729.0 -8.452855587421345 88.74739028190085 0.11158212299102743 -0.0008908133050083014 -0.0033850926286922824 0.262283027956307 0.964984642802994
1701507730.0 -8.929976254964185 89.9972443535614 -0.039151642824730715 -0.0008725247401682503 -0.003139452041611405 0.2739356078119943 0.9617425150808971
1701507731.0 -9.61325611692147 90.80035577810915 0.07548111865527929 -0.0012831445370064024 -0.004047357073794574 0.30574067903352176 0.952105356368157
1701507732.0 -10.296535978878754 91.60346720265687 0.1901138801352893 -0.0010542478562909018 -0.003183470090999521 0.3217899373286517 0.9468051490743277
1701507733.0 -10.97981584083604 92.40657862720462 0.3047466416152993 -0.0016390767747007438 -0.0047563821356487795 0.33194936119417007 0.9432837917928457
1701507734.0 -11.45693650837888 93.22575346252758 -0.09998593401591194 -0.0011148280053904984 -0.0032175830448722457 0.3322377799419325 0.9431895153664103
1701507735.0 -12.140216370336164 94.02886488707533 0.014646827464098067 -0.0012080181372238763 -0.0034888725047633093 0.333086523950119 0.9428890369622782
1701507736.0 -12.823496232293449 94.61663669345427 0.0022801840363833037 -0.0013141318214161075 -0.0037843104876612017 0.3330441253550743 0.9429027323208701
1701507737.0 -13.279016140264973 95.36738392798823 0.20570142993078022 -0.0015968704455991247 -0.004615440669832523 0.33548283884810864 0.942033657865056
1701507738.0 -13.962296002222258 95.95515573436717 0.19333478650306546 -0.0016557778404898186 -0.004637928386467805 0.3430677933780093 0.9392977361661043
1701507739.0 -14.439416669765095 96.98967018785892 -0.08439838422041746 -0.0014777265955536296 -0.003918404055669328 0.35665810232067036 0.9342255939989996
1701507740.0 -15.122696531722383 97.57744199423786 -0.09676502764813222 -0.0014754334193025713 -0.00361250371370965 0.38140193083238716 0.9244010710024467
1701507741.0 -16.033736347665428 98.43291760879939 -0.07092075058250913 -0.0010886389901716895 -0.002538348607472367 0.39704042147361945 0.9177969684889719
1701507742.0 -16.717016209622717 99.02068941517832 -0.08328739401022744 -0.0016640681182241565 -0.003678228728747455 0.414169081194019 0.9101910094554984
1701507743.0 -17.400296071579998 99.82380083972606 0.03134536746978256 -0.0014471244754770437 -0.003083280870272538 0.42884472087261677 0.9033717975393712
1701507744.0 -18.311335887523047 100.24859721794999 -0.19680916528004389 -0.0017571113111906009 -0.003425636909667173 0.46094584137585276 0.8874199168882285
1701507745.0 -19.200774943894785 100.60496599538492 0.18319012349573427 -0.0019314883560427672 -0.0035744114376855944 0.47876725513672985 0.8779324622910615
1701507746.0 -19.884054805852074 101.19273780176385 0.1708234800680195 -0.0026370503871373774 -0.00460467718892136 0.49828541366572726 0.8669968220479337
1701507747.0 -20.795094621795116 101.83287379815658 0.06966835222591428 -0.002400541477534953 -0.004190791879354172 0.49855634180118513 0.866843843326962
1701507748.0 -21.478374483752404 102.20530598636672 -0.06969769610952525 -0.0026635851131987477 -0.00458828079684104 0.50069361138681 0.8656083181844478
1701507749.0 -22.161654345709692 102.79307779274568 -0.08206433953724002 -0.0022220065626081123 -0.0038382004851006965 0.5038986806772643 0.8637513823523435
1701507750.0 -23.27885335606718 102.98647114202558 0.08214705991642646 -0.0023895625663919243 -0.0040906299686819915 0.5102044930640868 0.8600400758071794
1701507751.0 -23.96213321802447 103.5742429484045 0.0697804164887117 -0.0018122101651107823 -0.003097168469873817 0.5092973717454043 0.8605831224088758
1701507752.0 -24.873173033967518 103.99903932662843 -0.1583741162611183 -0.0022059386368822567 -0.0037693362642540924 0.5090572443038474 0.8607215856248932
1701507753.0 -25.762612090339246 104.35540810406336 0.22162517251466696 -0.0015914984998908763 -0.0027052796677957914 0.507604276523482 0.8615846139814223
1701507754.0 -26.673651906282295 104.99554410045609 0.12047004467256173 -0.0009081458704828796 -0.0015419976247233493 0.509595641457936 0.8604121568884752
1701507755.0 -27.584691722225344 105.42034047868002 -0.10768448807726827 -0.0013001009850841297 -0.002182162013945828 0.5160048009156167 0.8565819244756501
1701507756.0 -28.267971584182632 106.00811228505896 -0.12005113150498659 -0.0020008364482781834 -0.0030146257105461865 0.5604096846293709 0.8282076394594182
1701507757.0 -29.38517059454013 106.20150563433886 0.04416026794867989 -0.00290067567301452 -0.0039172299516798915 0.6006783763142534 0.7994759093422501
1701507758.0 -30.502369604897623 106.39489898361876 0.20837166740234636 -0.003459040032104263 -0.004448235696454751 0.613809303880932 0.7894342193688153
1701507759.0 -31.413409420840672 106.81969536184269 -0.019782865347483636 -0.004282980072667629 -0.005539186171039178 0.6135926844005142 0.7895916610175355
1701507760.0 -32.53060843119817 107.01308871112259 0.14442853410618284 -0.003765098115692327 -0.004862341866704482 0.6126564598660218 0.7903254037750425
1701507761.0 -33.44164824714122 107.22254547117772 -0.21072540355137193 -0.0032890444545280203 -0.0042596476501540045 0.6140819538367073 0.7892239172507158
1701507762.0 -34.55884725749871 107.41593882045763 -0.04651400409770545 -0.0038112796785032483 -0.004943867039998185 0.6153425359661916 0.7882351145163474
1701507763.0 -35.67604626785621 107.60933216973753 0.11769739535596457 -0.0040380677431870095 -0.005222120144243681 0.6148548653683458 0.7886126539708667
1701507764.0 -36.58708608379925 108.03412854796146 -0.11045713739386542 -0.00429470595789964 -0.005573400331315452 0.6181480380082933 0.7860302130427173
1701507765.0 -37.70428509415675 108.22752189724136 0.05375426205980105 -0.0032563957861995985 -0.004165282739242661 0.6243351665100186 0.7811386856154886
1701507766.0 -38.59372415052849 108.36855105650748 0.3067541459278509 -0.0032957686627622827 -0.004096341275670208 0.6330252825339231 0.7741132666282897
1701507767.0 -39.504763966471536 108.57800781656262 -0.04839979172970388 -0.002869966817662201 -0.0035503674940094527 0.6344145451792672 0.7729795230445025
1701507768.0 -40.621962976829025 108.77140116584252 0.1158116077239626 -0.0033152597899391927 -0.003946727501306567 0.6493608448023719 0.7604629679557747
1701507769.0 -41.73916198718653 108.96479451512242 0.2800230071776326 -0.0031452185407633646 -0.0037279895753852045 0.6505534820475337 0.7594447818570392
1701507770.0 -42.650201803129576 109.17425127517755 -0.07513093047992214 -0.0029745028465077406 -0.003365778387392449 0.6671530103351858 0.7449071651349333
1701507771.0 -43.76740081348707 109.15230500628866 -0.03791893593398399 -0.0038481508080651637 -0.004226112832991919 0.6766275917843583 0.7363032213305745
1701507772.0 -44.88459982384457 109.34569835556856 0.12629246351968249 -0.004027341989276639 -0.004352790189867924 0.6828995757118809 0.730488195131583
1701507773.0 -46.00179883420206 109.32375208667968 0.16350445806562774 -0.0037205013961743097 -0.003785333599358759 0.7065927229332872 0.7076005603563534
1701507774.0 -47.11899784455956 109.30180581779078 0.2007164526115659 -0.003974049903498063 -0.003925628260557634 0.7168514989425755 0.6972035031709948
1701507775.0 -48.236196854917054 109.27985954890188 0.2379284471575076 -0.004637808337113018 -0.004508344820948408 0.7251456983532696 0.6885650889498774
1701507776.0 -49.35339586527455 109.0425736618442 0.148141036795721 -0.003940052902918319 -0.0037701679388745628 0.7297166578011515 0.6837279145569178
1701507777.0 -50.24283492164629 108.96826320294151 0.27414151575604606 -0.0034251885873095734 -0.0032521587474563397 0.727176334902963 0.6864344611860018
1701507778.0 -51.15387473758934 109.17771996299665 -0.0810124219015087 -0.004110047128050526 -0.003917649927990152 0.7291147521444225 0.6843679110953584
1701507779.0 -52.27107374794683 109.15577369410775 -0.043800427355566995 -0.004615377455122213 -0.004364278105429898 0.7275537114507492 0.6860213176875812
1701507780.0 -53.38827275830433 108.91848780705006 -0.13358783771735006 -0.005008359396052133 -0.0043254649274308415 0.758133731006267 0.652065527841979
1701507781.0 -54.711630963076274 108.66513850921714 0.29599008903208457 -0.004588538507411423 -0.003609801895649529 0.7864946980700144 0.6175694329809379
1701507782.0 -55.82882997343376 108.21251300399067 0.07920327376257674 -0.005246333208682362 -0.003910095021255687 0.804368838498162 0.5940942339376019
1701507783.0 -56.7182690298055 107.9228629269192 0.0782043478151806 -0.0053973274557269045 -0.0040337123084609435 0.8041596278700985 0.5943752105574162
1701507784.0 -57.83546804016301 107.6855770398615 -0.011583062546602463 -0.0041558291471307865 -0.00309756774088713 0.8035084039733659 0.5952708449960948
1701507785.0 -58.72490709653473 107.39592696279003 -0.012581988493998608 -0.0037822920998131847 -0.0028198823770363922 0.8028778876665036 0.5961248527162952
1701507786.0 -59.84210610689223 107.15864107573233 -0.10236939885578522 -0.0026395436390747318 -0.0019658176873190774 0.8035951511977816 0.5951672045245876
1701507787.0 -60.93770435767842 106.63758796971683 0.2889976074003151 -0.0027244166495053105 -0.0019883733996764897 0.8094740891502109 0.5871459128015623
1701507788.0 -62.05490336803591 106.40030208265915 0.1992101970385285 -0.002934658306980549 -0.0020439292755813957 0.8218259929991526 0.5697273447577309
1701507789.0 -62.944342424407644 105.89531238741888 0.07121186618340758 -0.0034905482398944862 -0.0023239134552921334 0.8348240517291998 0.5505008793396062
1701507790.0 -63.83378148077938 105.6056623103474 0.07021294023601143 -0.004339614673692932 -0.002725814976871833 0.8485418549641411 0.5291034474006101
1701507791.0 -64.72322053715112 105.10067261510714 -0.05778539061910948 -0.0032813712794295324 -0.0018903765673357015 0.8702629559612234 0.4925728845161842
1701507792.0 -65.81881878793729 104.36427989092284 0.20658221072926608 -0.0019920022495266325 -0.001032633401808251 0.8895504340032205 0.4568314688810059
1701507793.0 -66.70825784430903 103.64395057751378 -0.04841552503358315 -0.0031061544833152284 -0.0015444639408019258 0.8980304291756155 0.43991966847382624
1701507794.0 -67.36993694669499 103.08659669225972 -0.08762537147431537 -0.0014143572306752118 -0.000709523118865772 0.8983701158730885 0.4392364182040709
1701507795.0 -68.46553519748119 102.35020396807542 0.17674222987405663 -0.0030053100686001175 -0.0014933634240834241 0.8967139257786376 0.4425978686027973
1701507796.0 -69.35497425385292 101.84521427283516 0.0487438990189375 -0.0014172963349479708 -0.0007559554180383609 0.8858169317838362 0.46403209282071783
1701507797.0 -70.01665335623889 101.2878603875811 0.009534052578205277 -0.0015331053772956785 -0.0008777585261907548 0.8723129705694023 0.4889447417697187
1701507798.0 -71.11225160702507 100.55146766339682 0.27390165392657906 -0.0024421471808483064 -0.0013934970360023966 0.8720755971583628 0.48936310335378025
1701507799.0 -72.00169066339681 100.04647796815654 0.14590332307145637 -0.0022775862893117116 -0.0012489400143779626 0.8791022243074637 0.47662619731526
1701507800.0 -72.89112971976856 99.54148827291628 0.017904992216337234 -0.001869975473831567 -0.0010225579396127944 0.8798337327067386 0.4752768249749978
1701507801.0 -73.98672797055472 98.58975593056319 0.15527318865698447 -0.0022859450199752187 -0.001251685861821458 0.8795329482672428 0.4758308529826544
1701507802.0 -74.87616702692645 98.0847662353229 0.02727485780186356 -0.001974664701852749 -0.0010838231746068015 0.8806411100647767 0.4737785994433681
1701507803.0 -75.53784612931243 97.52741235006886 -0.011934988638870436 -0.0023067926511346755 -0.0012254625521577556 0.886181160245769 0.463331553182665
1701507804.0 -76.42728518568417 97.0224226548286 -0.13993331949399312 -0.003877480297789276 -0.0019780705149157396 0.8930172023711698 0.45000147627840903
1701507805.0 -77.29512348248458 96.23366574063051 0.21322276626877112 -0.0031843928786179482 -0.0015628725336686168 0.8986471922066425 0.438657772084977
1701507806.0 -78.18456253885633 95.72867604539024 0.08522443541365021 -0.0004010217274305316 -0.00019242819637912894 0.902400430446603 0.4308982075650222
1701507807.0 -78.84624164124229 95.17132216013619 0.04601458897291266 -0.000994659783294578 -0.00047579219555013755 0.9045098119367283 0.42645138572161606
1701507808.0 -79.50792074362828 94.39862865671333 -0.12019466237554255 -0.0018115733462464802 -0.0007906605809379595 0.9191200614437002 0.3939725951250742
1701507809.0 -80.60351899441446 93.66223593252906 0.14417293897282946 -0.0020477347258093808 -0.0008597507371578849 0.9251358472824545 0.3796297297158612
1701507810.0 -81.26519809680043 92.8895424291062 -0.022036312375624867 -0.003642309021664917 -0.0015062959637488049 0.9270906573472666 0.3748164587059559
1701507811.0 -82.13303639360085 91.88544589673931 0.2041203684794084 -0.0033883886339731383 -0.0013190854475227775 0.9347283076608051 0.35534457881556986
1701507812.0 -82.56695554200107 91.0603882033027 0.126699601545341 -0.0035248796840121597 -0.0012383864219282083 0.9453179307671703 0.32612888769987664
1701507813.0 -83.22863464438703 90.50303431804863 0.08748975510460433 -0.002983724185383353 -0.0009672727988765688 0.9537533877277861 0.3005738464522311
1701507814.0 -83.66255379278724 89.677976624612 0.01006898817053603 -0.0038013048973306023 -0.0012198598185134053 0.9549559853563045 0.2967206229018641
1701507815.0 -84.53039208958766 88.67388009224513 0.2362256690255773 -0.003855077654956696 -0.0012581471875171245 0.952930573058263 0.30316147244130376
1701507816.0 -84.96431123798787 87.84882239880851 0.158804902091501 -0.0049078919225020385 -0.0017671037916317234 0.9412480516661317 0.3376757248837676
1701507817.0 -85.62599034037385 87.07612889538565 -0.007404349256953324 -0.003919986529941062 -0.0014977896081771862 0.937428376501379 0.3481528820243824
1701507818.0 -86.28766944275982 86.30343539196281 -0.17361360060540765 -0.002251287666253598 -0.0006609218461022023 0.9621524685614057 0.27250160022897174
1701507819.0 -86.92774778557448 85.24697466958214 0.1413315646640121 -0.002043947008792974 -0.0005930612976147903 0.9605524792284073 0.2780906420703197
1701507820.0 -87.36166693397469 84.42191697614552 0.06391079772994424 -0.0009502871215220218 -0.00027705038342620993 0.961348979401399 0.2753310007996926
1701507821.0 -87.7955860823749 83.59685928270888 -0.013509969204123617 -0.0008070459245013955 -0.00020017228699290113 0.9712584328894445 0.23802597578640872
1701507822.0 -88.43566442518956 82.32505894215943 0.17443579115757846 -0.003293364941071648 -0.0007152729098658953 0.978341154233124 0.20697156342316195
1701507823.0 -88.86958357358978 81.5000012487228 0.09701502422350339 -0.004480097360378042 -0.0009874792434832805 0.9786119860991521 0.20566364354318437
1701507824.0 -89.30350272198997 80.67494355528616 0.01959425728943548 -0.0034058176281788603 -0.0007374545609064196 0.977920394971423 0.20894869625338744
1701507825.0 -89.7374218703902 79.63454624368073 -0.18482591455235786 -0.0021738795221659135 -0.0004399343750114715 0.9800691770240525 0.19864412639936022
1701507826.0 -90.14974025921909 78.52572133128629 0.21890773513145645 -0.0018717592892161042 -0.0002644534978750922 0.9905471202564132 0.1371598670648135
1701507827.0 -90.35589945363354 77.64829944783588 0.2302754526117754 -0.0013283150968821118 -0.0001208323769656769 0.996168502510022 0.08744447144034136
1701507828.0 -90.562058648048 76.77087756438547 0.24164317009209446 -0.0011891992907288366 -0.00011861038742054644 0.9955980160780505 0.09371852601312339
1701507829.0 -90.76821784246243 75.67811606276626 0.1260114826646881 -0.0016124193567736951 -0.00019650527616772324 0.993476927871289 0.11402173159937501
1701507830.0 -90.97437703687689 74.80069417931584 0.13737920014500693 -0.003306227919099974 -0.00045208767572989527 0.9916000382743435 0.12929898904477544
1701507831.0 -91.18053623129133 73.70793267769663 0.02174751271760078 -0.004801712752817766 -0.0004238278325698734 0.9958713517068534 0.09064775107068249
1701507832.0 -91.15893547172001 72.77814660423243 0.12190371461230631 -0.0037981075682217503 -0.0002949215519107502 0.99724768128039 0.07404424070151762
1701507833.0 -91.36509466613447 71.68538510261321 0.00627202718489972 -0.004262013683714894 -8.628743506665071e-05 0.9999588948686756 0.008002272605677561
1701507834.0 -91.34349390656315 70.54025941098023 -0.020571175828119515 0.0029433969883557445 -2.4105456947080116e-05 -0.9999600886892895 0.008435452661482122
1701507835.0 -91.32189314699184 69.39513371934723 -0.047414378841131644 0.0015724337249522148 -6.993392642200251e-06 -0.9999685295079668 0.007776078507051139
1701507836.0 -91.30029238742053 68.46534764588304 0.05274182305357389 0.0004843466274835672 -1.8002076277720781e-06 -0.9999661491611416 0.008213765089228367
1701507837.0 -91.27869162784921 67.32022195425003 0.025898620040554654 0.0011877839735348582 -6.109289094429021e-06 -0.9999684490320719 0.007854302789002976
1701507838.0 -91.2570908682779 66.17509626261705 -0.0009445829724645805 0.0022378748475908278 -1.0192693809993595e-05 -0.999957258654298 0.008970656433999743
1701507839.0 -91.2354901087066 65.24531018915286 0.09921161892224806 -0.00037009982432042126 -3.465859943641893e-07 -0.9999879459617563 0.004896014418645115
1701507840.0 -91.21388934913527 64.10018449751985 0.07236841590922882 0.0010856219801959543 7.762199783709209e-06 0.9999841988119124 0.005515749374481103
1701507841.0 -91.19228858956396 62.95505880588686 0.04552521289620959 0.0010242527180898064 1.7359820050389882e-05 0.9999400780762147 0.010899122071984823
1701507842.0 -91.17068782999266 61.80993311425387 0.018682009883189465 0.0019483445008827607 1.4533010714355812e-05 0.999996948159904 0.0015190172401123143
1701507843.0 -91.14908707042133 60.880147040789666 0.11883821177789589 -0.001410480191838969 -7.369895738556111e-06 0.9999951091564443 0.0027914430863219017
1701507844.0 -91.12748631085003 59.735021349156675 0.09199500876488287 -0.0011704312577561695 -6.556732238938144e-06 0.9999962613127102 0.002471317114825997
1701507845.0 -91.33364550526447 58.64225984753746 -0.02363667866252328 -0.0003508977341835817 -1.257434806984241e-06 0.9999891050404864 0.0046547469883656345
1701507846.0 -91.31204474569316 57.49713415590446 -0.050479881675542515 0.0024860655263027106 2.018298306451231e-05 0.9999966908494107 -0.0006613328013887721
1701507847.0 -91.29044398612184 56.56734808244027 0.04967632021916302 0.0018984092008363354 1.845275394885007e-05 0.9999906772347685 0.0038782915763355204
1701507848.0 -91.26884322655053 55.42222239080728 0.022833117206143783 0.0008734143462855999 7.881291304368171e-06 0.9999832719892138 0.005717764161896126
1701507849.0 -91.24724246697922 54.27709669917429 -0.0040100858068683465 0.0007426933988078035 9.1599178592171e-06 0.9999970409570648 0.0023165490985119232
1701507850.0 -91.22564170740792 53.13197100754129 -0.03085328881988758 0.0020870574206945294 2.8249878131988064e-05 0.9999971272418715 0.0011785165554309724
1701507851.0 -91.20404094783659 52.20218493407709 0.06930291307481795 0.002265327548819427 2.3352130659241506e-05 0.9999913238068403 0.0034957197853270265
1701507852.0 -91.18244018826528 51.0570592424441 0.04245971006179872 -9.344996616309058e-05 -8.592982054548445e-08 -0.9999944119165324 0.003341766419897224
1701507853.0 -91.16083942869398 49.9119335508111 0.015616507048784811 5.895585499243824e-06 -2.2818962701044244e-07 -0.9993063117103208 0.03724104377035263
1701507854.0 -91.13923866912265 48.9821474773469 0.11577270894349034 0.0012735285699180712 -5.802231994847383e-05 -0.9988047356217137 0.048861793438542626
1701507855.0 -91.11763790955135 47.837021785713915 0.08892950593047289 -9.861557532648719e-05 4.081506000835554e-06 -0.9987448350106863 0.050087371639830576
1701507856.0 -90.86827719599425 46.639531904067134 0.1508747873318459 -0.0006488611473091649 2.7648717336534567e-05 -0.998636933293496 0.05219055160583663
1701507857.0 -90.84667643642295 45.49440621243414 0.12403158431882666 0.0011758631317903851 -4.8177117676730004e-05 -0.9986724054295566 0.05149797722633594
1701507858.0 -90.82507567685164 44.56462013896994 0.22418778621353397 0.0011819907280926616 -4.8847665567467e-05 -0.9986755891381075 0.051436059058583866
1701507859.0 -90.36955576888012 43.598533286267184 -0.10623286458858772 0.0029152254927970085 -0.0001224482816549701 -0.9987420200832876 0.05005860352325289
1701507860.0 -90.34795500930879 42.66874721280299 -0.006076662693882184 0.0017416516378882302 -7.577198691891266e-05 -0.9988249764218559 0.04843167748547973
1701507861.0 -90.32635424973749 41.52362152116999 -0.03291986570690142 0.0016459964274648127 -6.026288438283506e-05 -0.9990958150135985 0.04248340248213228
1701507862.0 -90.30475349016618 40.378495829536995 -0.05976306871992065 0.000805626325034667 -1.088657531506844e-05 -0.9998235662520029 0.018766651668148424
1701507863.0 -90.28315273059485 39.4487097560728 0.040393133174791984 0.0006581295115076427 -5.187816240408999e-06 -0.9999329291756445 0.011563044099552543
1701507864.0 -90.26155197102355 38.30358406443981 0.01354993016177275 0.001004100262526492 -9.97939608908174e-06 -0.999938741924053 0.011022889023149154
1701507865.0 -90.23995121145222 37.15845837280682 -0.013293272851246485 0.0012885300366326398 -1.3396680629256538e-05 -0.9999235737759808 0.0122957764270652
1701507866.0 -90.21835045188092 36.01333268117382 -0.04013647586426217 0.0017060813745238769 -1.5211165115095239e-05 -0.9999158005115791 0.012863939608530559
1701507867.0 -90.19674969230961 35.08354660770962 0.060019726030443366 0.0033355945621564944 -3.15509569717162e-05 -0.9999583161582768 0.008499338760027916
1701507868.0 -90.1751489327383 33.93842091607662 0.033176523017427684 -0.003796332744583296 -0.00010155351084364354 0.9997648441064324 0.021350270101748784
1701507869.0 -90.15354817316698 32.79329522444363 0.006333320004408449 -0.0033017453384658535 -9.261622561903074e-05 0.9997612011145872 0.021601635259223737
1701507870.0 -90.13194741359567 31.648169532810638 -0.020509883008610785 -0.004877106924223868 -0.00014049925427403917 0.9997836913998279 0.02021792518887171
1701507871.0 -90.11034665402435 30.71838345934644 0.0796463188860983 -0.0034269258572994306 -9.857299786706811e-05 0.999756035657761 0.02182007397811293
1701507872.0 -90.31650584843881 29.625621957727226 -0.03598536854130785 -0.003290258715025378 -0.00010532745494915686 0.9997283051658065 0.02307550549867773
1701507873.0 -90.2949050888675 28.480496266094235 -0.06282857155432708 -0.00291335587180384 -9.16058290103349e-05 0.9997134228316413 0.02376081177443837
1701507874.0 -90.27330432929617 27.550710192630035 0.037327630340382 -0.004722969544635921 -0.00012151492877157139 0.9998114429658062 0.018835002188349333
1701507875.0 -90.25170356972487 26.405584500997037 0.010484427327366319 -0.0029178188131331285 -7.355041650254113e-05 0.9998330050759455 0.018040035601797722
1701507876.0 -90.45786276413932 25.31282299937783 -0.10514726010004338 -0.00253992979859192 -6.243984888954778e-05 0.999821325843849 0.01873129055167731
1701507877.0 -90.436262004568 24.167697307744834 -0.13199046311305906 -0.0026247768440900866 -6.950104857072948e-05 0.9998683598604238 0.016011516672356414
1701507878.0 -90.4146612449967 23.237911234280638 -0.03183426121834998 -0.00035859967237140695 -6.007370562706773e-06 0.9999038481094137 0.013862391791210866
1701507879.0 -90.39306048542537 22.092785542647647 -0.05867746423137277 0.0007487475972135835 -1.8678620728277892e-06 -0.9999988479017828 0.0013204425976704075
1701507880.0 -90.37145972585405 21.162999469183447 0.04147873766333987 0.001860667975781099 -6.042779380074018e-05 -0.9994768948247555 0.03228731909946056
1701507881.0 -90.5776189202685 20.500917203901828 0.17984586005138326 0.004488366867847785 -0.0003871694537442148 -0.9959470336463658 0.08982878621955337
1701507882.0 -90.12209901229699 19.750169969367875 -0.023575385843013663 0.0019165221119735645 -0.0001862282635952762 -0.995719401894105 0.09240760225043052
1701507883.0 -90.10049825272567 18.820383895903674 0.07658081605168832 0.0006498348603417226 -6.214872401813683e-05 -0.9957899306090398 0.09166235841300471
1701507884.0 -89.85113753916859 17.8382336324257 0.26552550236078787 -3.947051151493774e-06 1.5261489085842934e-07 -0.9991505062056455 0.041210022244594156
1701507885.0 -89.82953677959729 16.6931079407927 0.23868229934776863 -0.0005322884201633721 -3.5040374922312356e-06 0.9999763692677923 0.006854018001387653
1701507886.0 -90.03569597401173 15.60034643917349 0.12305061192035893 0.00028337587143495674 1.3557545673070444e-05 0.9991891473621359 0.040261238282451074
1701507887.0 -90.01409521444042 14.455220747540496 0.09620740890734325 0.0004465636319318784 3.767410545489263e-05 0.9970772592168263 0.07639854916322747
1701507888.0 -90.22025440885487 13.57779886409008 0.10757512638766542 -0.0012770820802446086 -8.022802567454419e-05 0.9983607169079903 0.057220988804702104
1701507889.0 -90.19865364928356 12.432673172457086 0.08073192337464263 0.0016535903033070354 -2.2924887226534217e-05 -0.9998538093865359 0.017018371508202637
1701507890.0 -90.17705288971224 11.502887098992888 0.18088812526935172 0.0024722733941858906 -3.329372809339874e-05 -0.9998208333061899 0.0187666737252027
1701507891.0 -90.15545213014093 10.573101025528693 0.2810443271640608 -0.0025220989148369917 -0.00015401716734765318 0.9983929522020042 0.05661385244922469
1701507892.0 -90.36161132455537 9.480339523909482 0.1654126397366511 -0.004440884820872985 -0.0004831054084839713 0.994278765323102 0.10672292152457237
1701507893.0 -90.56777051896982 8.602917640459067 0.17678035721697327 -0.003532191984610875 -0.000363948675884453 0.9954722969833057 0.09498577314485837
1701507894.0 -90.77392971338426 7.510156138839852 0.06114866978956712 -0.00405699520777972 -0.0001972766730849567 0.9992867170249395 0.03754409473294849
1701507895.0 -90.75232895381296 6.365030447206859 0.03430546677654789 -0.004874693418065349 -8.186526005914775e-05 0.9999858475801532 0.0021296247467085857
1701507896.0 -90.73072819424165 5.219904755573861 0.007462263763528654 0.00445277473403526 -3.1381346055311485e-05 -0.9999188500578016 0.011935874976846093
1701507897.0 -90.70912743467034 4.290118682109668 0.10761846565824129 0.0028336761434198986 -1.9940990914274472e-05 -0.999912757823815 0.012901419419730395
1701507898.0 -90.68752667509902 3.1449929904766734 0.0807752626452185 0.0037438050817654267 -3.7346839925012955e-05 -0.9999353891946287 0.010733124657323841
1701507899.0 -90.66592591552771 1.9998672988436752 0.05393205963220282 0.004071796074347065 -3.963967350688609e-05 -0.9999303941049191 0.011073655701987109
1701507900.0 -90.6443251559564 0.8547416072106842 0.02708885661918714 0.004207432295543133 -3.613847581613822e-05 -0.9999033332492012 0.013252183390898054
1701507901.0 -90.62272439638508 -0.07504446625351235 0.12724505851389267 0.004614930022490759 -5.886234123817106e-06 -0.9999739269074117 0.005554087828816684
1701507902.0 -90.60112363681378 -1.2201701578865105 0.10040185550087344 0.004146487694599972 -1.9280140681677682e-06 -0.9999761987311648 0.005514399990120579
1701507903.0 -90.57952287724245 -2.3652958495195016 0.07355865248785776 -0.004156862867750627 -3.81660545257238e-05 0.9999912871656201 -0.0003802989577678583
1701507904.0 -90.55792211767114 -3.295081922983698 0.1737148543825633 -0.0027403147649349494 -0.00012239022444774595 0.9992593324904001 0.0383830968847205
1701507905.0 -90.76408131208558 -4.387843424602911 0.05808316695515714 -0.0036613365648226572 -0.00024749013684804836 0.9982167532165294 0.05958059215081515
1701507906.0 -90.74248055251428 -5.532969116235908 0.031239963942141458 -0.0051484510679048 -0.000437741771093629 0.9972798134738934 0.07352737905854922
1701507907.0 -90.94863974692873 -6.410390999686324 0.042607681422460075 -0.004086066257788205 -0.00033759222457941453 0.9966848184178064 0.08125615564061185
1701507908.0 -91.15479894134317 -7.503152501305534 -0.07302400600494252 -0.004169440194443145 -0.00010200930956161402 0.9997969804897466 0.01971302021890192
1701507909.0 -91.13319818177186 -8.64827819293853 -0.09986720901796531 -0.002019336823125779 -4.9709854508120046e-05 0.999894351737964 0.014394622962821601
1701507910.0 -91.11159742220056 -9.793403884571523 -0.126710412030981 0.004948201234210074 -4.2033972516433475e-05 -0.9997750901949524 0.02062238015763092
1701507911.0 -91.08999666262923 -10.723189958035718 -0.026554210136275458 0.0049439068381422835 -4.1311643305945065e-05 -0.9997388189215477 0.02231255296627382
1701507912.0 -91.06839590305792 -11.868315649668716 -0.05339741314929114 0.004123533965851804 -5.012181227194169e-05 -0.9997991921461207 0.019610439551447166
1701507913.0 -91.0467951434866 -13.013441341301709 -0.08024061616230682 0.00460557681422558 -0.00018356824085790022 -0.9991295948788821 0.04145850458072813
1701507914.0 -90.79743442992954 -13.99559160477969 0.10870407014678563 0.005149353041564577 -0.0002374995014273001 -0.9987249401016405 0.05021873929336364
1701507915.0 -90.77583367035822 -15.140717296412681 0.08186086713376994 0.004188195217654625 -0.00021161080002248984 -0.9990044364763637 0.044413400480385126
1701507916.0 -90.7542329107869 -16.285842988045676 0.055017664120747156 0.0022263167380367445 -0.00010723868668276208 -0.9988849916647543 0.047157241655442696
1701507917.0 -90.50487219722983 -17.483332869692454 0.11696294552211839 0.0025279895967965853 -0.00010804314188816018 -0.998607770132419 0.05268888902259992
1701507918.0 -90.48327143765853 -18.41311894315665 0.21711914741683103 0.0027419921337772856 -0.00012404418221336922 -0.9987134927321664 0.05063423275705922
1701507919.0 -90.46167067808722 -19.558244634789645 0.19027594440381534 0.0010943588963019688 -5.106577677895164e-05 -0.9985666587433565 0.05351100650353751
1701507920.0 -90.21230996453014 -20.755734516436423 0.2522212258051866 0.0007046938915319925 -4.6095830015418495e-05 -0.9975096501089276 0.07052658520911637
1701507921.0 -89.98455001054437 -21.669457179125395 -0.16698790941132557 0.0008770741521557616 -5.4242886231102034e-05 -0.9973949978350163 0.07212798411385693
1701507922.0 -89.7351892969873 -22.651607442603375 0.021956776897766872 0.0017081681821890064 -0.00011143529707455162 -0.9972850999023962 0.07361724836139541
1701507923.0 -89.71358853741597 -23.58139351606757 0.1221129787924724 0.00215843716825875 -0.00027628703721099753 -0.9904081007465046 0.13815592202350643
1701507924.0 -89.25806862944445 -24.33214075060153 -0.08130826710192451 0.0023094850445055477 -0.0004802887973847456 -0.9775083764221517 0.21088340291741556
1701507925.0 -89.00870791588738 -25.314291014079508 0.10763641920716793 0.0010458655127146888 -0.00023251423522238434 -0.9762467864025056 0.21665886582653468
1701507926.0 -88.55318800791586 -26.065038248613465 -0.09578482668722899 0.001066570874540104 -0.0001974846450297303 -0.9820806300347789 0.18845811082804664
1701507927.0 -88.30382729435877 -27.047188512091445 0.09315985962187057 0.0009260031708169303 -9.965280476592979e-05 -0.9936862099937911 0.11219112556535667
1701507928.0 -88.0544665808017 -28.24467839373822 0.1551051410232418 0.0017729960798973934 -0.0001876533589399259 -0.994067864936158 0.10874695937076145
1701507929.0 -87.82670662681595 -28.943061438258393 -0.13710458928554914 0.0017842021678206401 -0.00023642979913644666 -0.9923708475676889 0.12327555159625662
1701507930.0 -87.57734591325887 -29.70987208356758 0.17883950193127163 0.00020732510520176056 -3.756042475220735e-05 -0.9835276726130591 0.18075749724383353
1701507931.0 -87.12182600528735 -30.460619318101532 -0.02458174396312529 -0.00020878521058279153 4.7181963409547764e-05 -0.9730860062220872 0.23044213737367217
1701507932.0 -86.87246529173026 -31.442769581579512 0.16436294234596716 -0.0009618709063389555 0.0002347381391908217 -0.9701541081164136 0.2424871670979968
1701507933.0 -86.41694538375876 -31.978177197944675 0.08794110135929145 0.0009738332203103223 -0.00023356075636066717 -0.9708785219417466 0.23957022504986167
1701507934.0 -85.96142547578722 -32.728924432478635 -0.11548014453510547 0.0014491413736142029 -0.00033429266188903363 -0.9727756583907416 0.23174405424984404
1701507935.0 -85.71206476223014 -33.71107469595661 0.07346454177399409 0.0008629919891899664 -0.00018236465388972128 -0.9765234216823003 0.21540944476473572
1701507936.0 -85.25654485425862 -34.246482312321774 -0.002957299212681619 -0.0008368423333680396 0.00017793404673345324 -0.976496701243615 0.21553064862038118
1701507937.0 -85.00718414070155 -35.22863257579975 0.18598738709641793 -0.0009879274433666455 0.00020855004235994853 -0.9760439466147085 0.2175711258026453
1701507938.0 -84.55166423273003 -35.979379810333704 -0.01743385879798609 -0.000974236874890105 0.00020416505378989587 -0.9758712627355803 0.21834442458191244
1701507939.0 -84.30230351917295 -36.74619045564289 0.2985102324188418 -0.0030870797377275908 0.0007639218842881304 -0.9681166970055364 0.2504794349665017
1701507940.0 -83.84678361120143 -37.49693769017684 0.09508898652443776 -0.0015458077257051277 0.00048044551389506173 -0.9532510477770124 0.3021751471623888
1701507941.0 -83.16350374924414 -38.08470949655579 0.10745562995215607 -0.0008273896743275167 0.00029002872446114175 -0.9417249417801178 0.3363827661145852
1701507942.0 -82.70798384127262 -38.620117112920944 0.031033788965487474 -0.0010545382429200394 0.0003799545505047641 -0.9350773827397941 0.3544418596499718
1701507943.0 -82.02470397931533 -39.20788891929989 0.043400432393198685 -0.00016142267404604336 6.208397523780663e-05 -0.9303559542814174 0.36665756288588075
1701507944.0 -81.56918407134381 -39.743296535665046 -0.03302140859347702 0.0007395088386836225 -0.00027302629587305636 -0.9360998746299044 0.35173342647692213
1701507945.0 -81.09206340380098 -40.56247137098801 0.37171116703773777 0.0032951130396878673 -0.0011750034520771658 -0.9388915341608514 0.34419536411466417
1701507946.0 -80.63654349582944 -41.31321860552197 0.16828992114334085 0.004181087034414823 -0.0013971158972167577 -0.9456088578447528 0.3252759667481176
1701507947.0 -79.95326363387215 -42.116330030069705 0.05365715966332374 0.0042708588455732865 -0.0014606724784238321 -0.947854701014876 0.3186708206984634
1701507948.0 -79.26998377191487 -42.70410183644865 0.06602380309104205 0.005195981558842255 -0.0019560577230094403 -0.9381939527842749 0.34606543105725296
1701507949.0 -78.58670390995759 -43.291873642827596 0.07839044651876037 0.0036279651372922383 -0.0016317677782531717 -0.9154277765459101 0.4024626207874361
1701507950.0 -78.13118400198607 -43.82728125919275 0.0019686055320846663 0.0029374949734564653 -0.0014887074448301813 -0.8932966986618279 0.449455407168836
1701507951.0 -77.44790414002878 -44.1997134474029 0.1413346538675242 0.0019469509340538883 -0.0010622873622193364 -0.8772433145559401 0.48004088158669206
1701507952.0 -76.7646242780715 -44.78748525378184 0.1537012972952425 0.002951382072945446 -0.001595092506841466 -0.8762871436493643 0.48177752842841515
1701507953.0 -76.0813444161142 -45.15991744199198 0.29306734563067494 0.003368218956165092 -0.0017998362179675721 -0.8802040737497171 0.47458002933652227
1701507954.0 -75.41966531372825 -45.46392202941312 -0.17572042755949013 0.004253544167655649 -0.00222853912591338 -0.8850541444087306 0.4654633201878617
1701507955.0 -74.73638545177096 -45.83635421762327 -0.036354379224050604 0.003368605737988871 -0.0016931730107917758 -0.8941363511797424 0.4477789311250741
1701507956.0 -74.05310558981367 -46.424126024002206 -0.023987735796332288 0.003822053421893775 -0.0017811120052846647 -0.9069418952356391 0.42123463558217994
1701507957.0 -73.36982572785638 -47.011897830381145 -0.011621092368621078 0.0046715097097609825 -0.002105022811413467 -0.9112566677713555 0.411807031652254
1701507958.0 -72.45878591191334 -47.86737344494267 -0.03746536943423706 0.00862076093646066 -0.0037099525981485115 -0.9153288679376618 0.40259779216055624
1701507959.0 -71.77550604995605 -48.45514525132161 -0.02509872600652585 0.010189167188910542 -0.004364092003142154 -0.913886427128167 0.4058185972622471
1701507960.0 -71.09222618799876 -49.04291705770055 -0.012732082578807535 0.008024293648262482 -0.0036254341141140484 -0.9079633822130531 0.41895699480873216
1701507961.0 -70.40894632604147 -49.630688864079495 -0.0003654391510963251 0.005072564942888988 -0.002550159540370771 -0.8902652954799041 0.4554069273027123
1701507962.0 -69.49790651009843 -50.27082486047222 0.1007896886910089 0.0032032219754018184 -0.0016210409340205476 -0.8884762857126243 0.45890848904935916
1701507963.0 -68.58686669415539 -51.126300475033744 0.07494541162538582 0.0025600274734959455 -0.0013181309817896373 -0.8864456178454422 0.4628238059917207
1701507964.0 -67.9035868321981 -51.71407228141268 0.08731205505309703 0.0015970017098391003 -0.0008346292462754383 -0.8811877587967281 0.47276303443306505
1701507965.0 -66.99254701625505 -52.13886865963661 0.3154665878029306 0.000722568090211595 -0.00038831331168535845 -0.87989540340159 0.4751667140918861
1701507966.0 -65.87534800589755 -52.547601627085314 0.024255783441539336 0.0015226030402899114 -0.0008472359155232257 -0.8696504518938352 0.4936649221811628
1701507967.0 -65.19206814394026 -53.13537343346425 0.036622426869250546 0.0008983873853277765 -0.0005501422104273879 -0.850023342995132 0.5267439668444571
1701507968.0 -64.28102832799722 -53.560169811688176 0.2647769596190841 0.00126932726083369 -0.0008674128455255713 -0.8242434882382443 0.5662334399345482
1701507969.0 -63.163829317639724 -53.753563160968085 0.10056556016541407 0.0038568511645063392 -0.0028523203404460474 -0.8020248607981391 0.5972713885910625
1701507970.0 -62.480549455682436 -54.125995349178226 0.2399316085008536 0.0028142517763639617 -0.0020977934109778443 -0.803465714795131 0.5953406792740552
1701507971.0 -61.5911103993107 -54.26702450844435 -0.013068275367203341 0.0036110568992040876 -0.002668544401233273 -0.8009388211153011 0.5987293578648712
1701507972.0 -60.68007058336765 -54.691820886668275 0.2150862573826302 0.0036129721002227766 -0.002732616429146222 -0.7942930535024626 0.6075179210507197
1701507973.0 -59.790631526995924 -54.8328500459344 -0.03791362648541963 0.0034847337766199327 -0.0026341962835615463 -0.7940684322580402 0.607812670591609
1701507974.0 -58.87959171105287 -55.257646424158324 0.19024090626440682 0.0041532517805687565 -0.003019089098992828 -0.805742875742556 0.5922432387041455
1701507975.0 -57.99015265468114 -55.39867558342445 -0.06275897760365012 0.0052158188848723 -0.003726905674899925 -0.8099794110137842 0.5864232764319762
1701507976.0 -57.079112838738084 -55.823471961648366 0.16539555514618343 0.006021079417743699 -0.004308604499785897 -0.8105420083415531 0.5856337039853078
1701507977.0 -56.189673782366356 -55.7491615027457 0.039395076185854805 0.006181709540621267 -0.0044705943092940075 -0.806666471477716 0.5909577007260065
1701507978.0 -55.50639392040907 -56.12159369095584 0.17876112452129433 0.005487126673326545 -0.003975795670553111 -0.8046611436187318 0.5936956530410609
1701507979.0 -54.61695486403733 -56.262622850221966 -0.0742387593467626 0.006294585281345949 -0.004892037111347832 -0.7860814716171625 0.6180714895133355
1701507980.0 -53.47815509410852 -56.73978341845967 0.24270425781745075 0.0055150268143351 -0.0049211537145144695 -0.7435075589412777 0.668686680383674
1701507981.0 -52.360956083751034 -56.71783714957078 0.20549226327150905 0.0031942337663151956 -0.003187521356881513 -0.7062359070835441 0.7079622024685565
1701507982.0 -51.47151702737929 -56.64352669066811 0.07949178431118042 0.004105168680426467 -0.004106133130753596 -0.7036743759362962 0.7104988810064953
1701507983.0 -50.3543180170218 -56.621580421779214 0.04227978976524582 0.0030696973849321735 -0.00290664880379855 -0.7228756831975698 0.6909651763962804
1701507984.0 -49.2371190066643 -56.59963415289032 0.0050677952193041165 0.0026067724148603035 -0.002258229858651927 -0.7517347717653544 0.6594565475104278
1701507985.0 -48.119919996306805 -56.79302750217022 -0.1591436042343659 0.0032173831590718268 -0.0026020311077795464 -0.7734366777882652 0.6338600660489452
1701507986.0 -47.20888018036376 -57.21782388039415 0.06901092851546764 0.0014036539975375015 -0.0011390923079042678 -0.7712423720161015 0.6365390293070384
1701507987.0 -46.09168117000626 -57.19587761150526 0.03179893396952593 0.004648608214183371 -0.004221095653562635 -0.7314848937020553 0.6818287344185835
1701507988.0 -44.974482159648765 -57.17393134261636 -0.0054130605764157735 0.0031346902084341552 -0.0031889240637587766 -0.6966635494326877 0.7173840696394518
1701507989.0 -43.85728314929126 -57.15198507372747 -0.04262505512235748 0.0025922950008993107 -0.002624697052553169 -0.6960041215490186 0.718028309858873
1701507990.0 -42.740084138933774 -57.13003880483858 -0.07983704966829208 0.003049213156041844 -0.0030952819778439188 -0.6946488332650278 0.7193358881441565
1701507991.0 -42.056804276976486 -57.28713137487992 0.18652840357486866 0.002064767025696021 -0.002204775373354133 -0.6786213196247329 0.7344821170412992
1701507992.0 -40.93960526661899 -57.04984548782224 0.2763158139366553 0.002294598269334138 -0.0025827145241086283 -0.6620322714199285 0.7494673682042732
1701507993.0 -40.050166210247255 -56.97553502891955 0.15031533497632665 0.003153789059358998 -0.0036133103878328325 -0.6529636275007632 0.7573740811274536
1701507994.0 -38.93296719988976 -56.73824914186187 0.24010274533810616 0.004216034907073131 -0.004665941962761385 -0.6658726956342947 0.7460388778367923
1701507995.0 -37.815768189532264 -56.716302872972975 0.20289075079216445 0.0032488042552148303 -0.003691460819128107 -0.6559536715729398 0.7547851344176778
1701507996.0 -36.69856917917477 -56.47901698591529 0.29267816115395107 0.0029025263307369525 -0.0034251591732699853 -0.6441845668382147 0.7648569065341561
1701507997.0 -35.809130122803026 -56.40470652701261 0.16667768219362955 0.002419135861185007 -0.0028276831154119687 -0.6458051799359363 0.7634931706032457
1701507998.0 -34.48577191803109 -55.9360176110109 -0.1359008396480874 0.0026829837066560847 -0.0031765488759799426 -0.6414190053775957 0.767179490521015
1701507999.0 -33.368572907673595 -55.6987317239532 -0.0461134292863008 0.0024559955978806433 -0.002991774584972334 -0.6300199778259825 0.7765692788866969
1701508000.0 -32.47913385130185 -55.40908164688173 -0.04511450333890821 0.0012149960904877391 -0.0014767744662252163 -0.6276017353791319 0.7785322117104585
1701508001.0 -31.361934840944357 -55.38713537799284 -0.08232649788484636 0.0018424493784925746 -0.002263468381830956 -0.6246740284188285 0.7808801702631235
1701508002.0 -30.472495784572626 -55.09748530092136 -0.08132757193745022 0.0018535707106012965 -0.0024143249167133105 -0.6049446417983612 0.7962617130505961
1701508003.0 -29.35529677421513 -54.860199413863675 0.008459838424332844 0.0013236520817982696 -0.0018026150148218228 -0.5906733778497022 0.8069076522278726
1701508004.0 -28.465857717843395 -54.57054933679221 0.00945876437172899 0.0024509255459179724 -0.003324864427394448 -0.5884710510481443 0.8085077367093033
1701508005.0 -27.576418661471664 -54.06555964155193 0.1374570952268499 0.0014388266395248817 -0.0020783495236019285 -0.5647868855857254 0.8252329271857345
1701508006.0 -26.68697960509993 -53.77590956448046 0.13845602117424605 0.0011559278012987786 -0.001688964613924984 -0.5591942876153329 0.8290341126442455
1701508007.0 -25.797540548728193 -53.48625948740899 0.13945494712164574 0.00012952453309107308 -0.00018994051622002572 -0.5602002662607477 0.8283571746700712
1701508008.0 -24.680341538370698 -53.0336339821825 0.35624176239115357 0.00178034492609225 -0.0026147891098335894 -0.5610670947286265 0.8277642831522954
1701508009.0 -23.584743287584512 -52.512580876167 -0.0351252438649432 0.0017903673412427567 -0.002677330863559212 -0.554888186390905 0.8319187022107645
1701508010.0 -22.695304231212777 -52.22293079909553 -0.03412631791755061 0.0016866823528818191 -0.002607051540443621 -0.5395175007711095 0.8419686601926474
1701508011.0 -21.805865174841045 -51.71794110385527 0.0938720129375703 0.0017576414840955665 -0.0028986915648099854 -0.5156331868193113 0.8568027339675024
1701508012.0 -20.91642611846931 -51.212951408614984 0.22187034379269477 0.0019291065586953167 -0.003159341392362727 -0.515076155801212 0.8571364248676503
1701508013.0 -19.82082786768313 -50.4765586844307 -0.04249725755568079 0.00238276545266386 -0.004105580546532891 -0.494070557820544 0.8694088511926192
1701508014.0 -18.931388811311393 -49.97156898919042 0.08550107329944368 0.0016383275106557228 -0.0030853974277211976 -0.46627095616624753 0.8846350612775271
1701508015.0 -18.041949754939658 -49.466579293950154 0.21349940415456103 0.0012747738950666249 -0.0024723485339543877 -0.4577246163890997 0.8890896681413493
1701508016.0 -17.380270652553683 -48.9092254086961 0.25270925059529503 0.0010401186676407676 -0.0019903047782097462 -0.46367719632472776 0.8860013625545318
1701508017.0 -16.2846724017675 -48.17283268451182 -0.011658350753076974 0.0006216386190892922 -0.0011453227966358166 -0.4714599217097337 0.8818865255930439
1701508018.0 -15.622993299381529 -47.61547879925776 0.02755149568765347 0.001543217218353623 -0.002799809913406183 -0.46778449216157075 0.8838367770342028
1701508019.0 -14.733554243009795 -47.11048910401749 0.15554982654277794 0.0012659593090279815 -0.002550883182881999 -0.43633084965550945 0.8997817957599034
1701508020.0 -13.865715946209374 -46.321732189819414 -0.1976062592199881 0.0011916816719809526 -0.002625507640514651 -0.40344125394082575 0.9150010061322755
1701508021.0 -12.976276889837639 -45.60140287641034 0.05739147654286114 0.0017334623543437783 -0.004360077644698263 -0.3638073590624841 0.9314623934025351
1701508022.0 -12.54235774143743 -44.776345182973714 0.13481224347692944 0.001285919070005338 -0.003535337721042687 -0.3356276490662112 0.9419872233643255
1701508023.0 -11.880678639051457 -44.21899129771966 0.17402208991766344 0.0010079987554552634 -0.002720455140775566 -0.3421651554581505 0.9396353491927789
1701508024.0 -11.012840342251033 -43.21489476535279 -0.05213459093737427 0.0022416533866072156 -0.005636405872821893 -0.36178193840843154 0.9322430128246438
1701508025.0 -10.351161239865062 -42.44220126192994 0.1140746604110845 0.0010283134051873133 -0.002568874979512711 -0.36910591248395663 0.9293832195721343
1701508026.0 -9.68948213747909 -41.66950775850709 0.28028391175954326 0.0005421197253134765 -0.0014629860854709538 -0.34651475363002404 0.9380432246408695
1701508027.0 -9.255562989078879 -41.05978968323925 0.2307052737858868 0.0011670608331224115 -0.0035023641544872125 -0.3120497920013239 0.9500585764710888
1701508028.0 -8.387724692278457 -40.05569315087238 0.004548592930852635 0.0008223473592902648 -0.002965226400909167 -0.2612383408446846 0.9652694237620544
1701508029.0 -7.953805543878247 -39.01529583926695 0.2089687647726457 0.0010941790563375926 -0.004540453366710656 -0.23185380845485037 0.972739429940207
1701508030.0 -7.5198863954780375 -38.19023814583032 0.286389531706714 0.0012925040484435563 -0.005288212517271724 -0.23396898751847758 0.9722288193225067
1701508031.0 -6.8798080526633765 -37.133777423449665 -0.028555633562710625 0.0011374407475491244 -0.005499066749162667 -0.2069384354586784 0.9783378508589702
1701508032.0 -6.673648858248928 -36.04101592183045 0.08707605386469375 0.0010109283363877511 -0.004926883600347945 -0.19943790652148433 0.97989755856631
1701508033.0 -6.239729709848717 -35.215958228393816 0.16449682079876382 0.0015404707886263866 -0.007317233664852971 -0.19506295411008562 0.9807622183664549
1701508034.0 -6.033570515434269 -34.33853634494341 0.15312910331844698 0.000857728026858688 -0.004149669034509237 -0.19756339642632958 0.980280954085118
1701508035.0 -5.599651367034059 -33.51347865150677 0.23054987025251528 0.0010862033071610555 -0.005236301587964166 -0.19615651491287558 0.980558016113932
1701508036.0 -4.959573024219399 -32.24167831095732 0.04260410989081542 0.0009548204487346487 -0.00465966089613492 -0.1965784767446791 0.9804765567615502
1701508037.0 -4.75341382980495 -31.364256427506902 0.03123639241049503 0.001144251854531475 -0.005878943298081912 -0.19087587245799129 0.9815959097443264
1701508038.0 -4.3194946814047395 -30.539198734070272 0.1086571593445651 0.0015710456843418777 -0.008599000503381865 -0.17398913166222427 0.9847087747497865
1701508039.0 -4.113335486990291 -29.44643723245106 0.22428884677197303 0.0009614934983496392 -0.005517216716917406 -0.17098458259168983 0.9852577877722646
1701508040.0 -3.679416338590081 -28.621379539014427 0.3017096137060413 0.0009189435552288682 -0.005832517188213598 -0.1562454340309242 0.9877006133593721
1701508041.0 -3.4732571441756317 -27.74395765556401 0.2903418962257227 0.0007469763938911988 -0.005135233154071039 -0.1435434200772258 0.9896304148313417
1701508042.0 -3.267097949761183 -27.081875390282395 0.15197477383767932 0.0005912414244772492 -0.004267423786849651 -0.13420815436229333 0.9909437980180652
1701508043.0 -3.0609387553467347 -26.204453506831978 0.14060705635735893 0.00017881275542641856 -0.0013642811460381362 -0.12804101142352523 0.9917679195036476
1701508044.0 -2.854779560932286 -25.327031623381565 0.1292393388770403 0.0007862060185581472 -0.0061260669667687895 -0.12283581097609556 0.9924077875175406
1701508045.0 -2.6486203665178367 -24.44960973993115 0.11787162139672169 0.0007767808370143435 -0.006015819823291957 -0.12244578055509009 0.9924566677430505
1701508046.0 -2.442461172103388 -23.572187856480735 0.1065039039164013 0.00038405276048085506 -0.0029032036759101903 -0.11937294568268421 0.9928451660510476
1701508047.0 -2.2363019776889397 -22.69476597303032 0.09513618643608446 0.0007878703100992428 -0.004197637695945504 -0.17832435645989916 0.9839624906424589
1701508048.0 -1.802382829288729 -22.08504789776249 0.04555754846242799 0.0007662478231254853 -0.005229536972300895 -0.1421422460088742 0.9898321305690584
1701508049.0 -1.5962236348742804 -21.207626014312073 0.034189830982107594 0.000527395638635111 -0.00461917296131522 -0.10862202986183735 0.9940722507562958
1701508050.0 -1.390064440459831 -20.330204130861656 0.022822113501789865 0.0002909520479627879 -0.002513866080695211 -0.10917828017582841 0.9940189630797204
1701508051.0 -1.1839052460453825 -19.452782247411243 0.011454396021470359 0.0002859587246007583 -0.002189553616962972 -0.12510269319353268 0.9921413408573857
1701508052.0 -0.977746051630934 -18.57536036396083 8.667854115174123e-05 0.0003299366033200911 -0.002901799072026214 -0.11196098328575065 0.9937083117925859
1701508053.0 -0.771586857216485 -17.697938480510413 -0.011281038939166876 0.00021688252081873794 -0.00317289067486329 -0.07220086083040839 0.9973850417076073
1701508054.0 -0.7931876167877987 -16.768152407046216 -0.11143724083387507 0.0002222108228899435 -0.0038345573552276036 -0.05536406807919058 0.9984588458008484
1701508055.0 -0.5870284223733502 -15.675390905427003 0.004194446593531076 0.0002759027420224494 -0.004686067711581223 -0.05248654247733665 0.9986105985347112
1701508056.0 -0.608629181944663 -14.745604831962806 -0.09596175530117623 0.0003054931721644569 -0.0033302111711556175 -0.08379410794706042 0.9964774778392302
1701508057.0 -0.40246998753021446 -13.868182948512391 -0.10732947278149485 0.0005776896865658371 -0.005328551050165797 -0.10284380003207294 0.9946830779767466
1701508058.0 -0.1963107931157655 -12.990761065061978 -0.11869719026181436 0.0006235122826077753 -0.007493283092644714 -0.07260753787265824 0.997332245234755
1701508059.0 0.00984840129868303 -11.897999563442765 -0.0030655028344073187 0.00043965895324367627 -0.005600589839486679 -0.07190494897600959 0.9973956679303415
1701508060.0 -0.01175235827262977 -10.75287387180977 0.02377770017861014 0.00029093786427715707 -0.0076483933705359455 -0.028418591717788967 0.9995668067111805
1701508061.0 -0.033353117843943236 -9.823087798345574 -0.07637850171609806 2.1775662751404227e-05 -0.006709063901673227 0.005788641184828894 0.999960739039597
1701508062.0 -0.05495387741525648 -8.67796210671258 -0.049535298703080155 2.1433951350008872e-05 -0.006731964892158972 0.004967870591487447 0.9999649996130178
1701508063.0 -0.0765546369865695 -7.532836415079585 -0.022692095690062253 -6.82146093894305e-05 -0.008437724237789547 0.015002406532155474 0.9998518530035828
1701508064.0 -0.09815539655788275 -6.603050341615387 -0.12284829758477 4.4958857492048246e-05 -0.008312932819268743 9.804648531043204e-05 0.9999654411596083
1701508065.0 0.108003797856566 -5.510288839996175 -0.007216610157363412 3.158674175355419e-05 -0.0067618246689227085 -0.0011109744496801243 0.9999765209569657
1701508066.0 0.08640303828525275 -4.580502766531978 -0.10737281205207116 0.00014140578389592486 -0.006483512596725906 -0.014189225899507338 0.999878297562851
1701508067.0 0.06480227871393962 -3.435377074898984 -0.08052960903905326 0.00024044613382731423 -0.008006804929323206 -0.022574957906204975 0.999713061101041
1701508068.0 -0.1629576752718223 -2.7369940303788085 0.21168012126973423 0.000103337519240041 -0.00802109847271906 -0.008035155288562352 0.999935541712633
1701508069.0 0.04320151914262638 -2.0749117650971916 0.07331299888168985 1.9821358177201635e-05 -0.0069261664373317855 0.0025132372309619945 0.999972855363693
1701508070.0 0.02160075957131319 -1.1451256916329946 -0.02684320301301779 1.5665202852879964e-05 -0.007290368512592836 0.0012546162484098386 0.9999726377354639
1701508071.0 0.02160075957131319 -0.7144464552953991 0.22715560680243307 1.8475941958988774e-05 -0.00707441683081672 0.0022840907561384287 0.9999723672254954
1701508072.0 0.0 -0.21533961816879774 -0.12699940490772543 2.1724674367526506e-05 -0.007467299281383617 0.0025849249564347506 0.999968778078821
1701508073.0 0.0 -0.21533961816879774 -0.12699940490772543 2.3117971759058464e-05 -0.007471244745641883 0.002739269978048827 0.9999683376824976
1701508074.0 0.0 -0.21533961816879774 -0.12699940490772543 2.3124586242073272e-05 -0.007464095126849742 0.0027736190656458023 0.9999682963906753
1701508075.0 0.0 -0.21533961816879774 -0.12699940490772543 2.3436893037012392e-05 -0.007473593890470782 0.0027473697494711457 0.9999682978997544
1701508076.0 0.0 -0.21533961816879774 -0.12699940490772543 2.3284368478072818e-05 -0.0074754937557714295 0.0027795685982652273 0.9999681947188886
1701508077.0 0.0 -0.21533961816879774 -0.12699940490772543 2.3507942731473954e-05 -0.0074863431796502854 0.002765818866184534 0.9999681516724284
1701508078.0 0.0 -0.21533961816879774 -0.12699940490772543 2.344372986555687e-05 -0.007482693612167337 0.0027952680821347435 0.999968097102626
1701508079.0 0.0 -0.21533961816879774 -0.12699940490772543 2.360716861090932e-05 -0.007498242566671557 0.0027820680202425008 0.9999680174378798
1701508080.0 0.0 -0.21533961816879774 -0.12699940490772543 2.355103690506085e-05 -0.007493742696728445 0.0028017675905066906 0.9999679961699338
1701508081.0 0.0 -0.21533961816879774 -0.12699940490772543 2.367350370247487e-05 -0.0074947923527970296 0.002791767870497891 0.9999680162681759
1701508082.0 0.0 -0.21533961816879774 -0.12699940490772543 2.3517108303640126e-05 -0.007486043271918559 0.00281636739654494 0.9999680128272925
1701508083.0 0.0 -0.21533961816879774 -0.12699940490772543 2.3727313850971597e-05 -0.007501141793247627 0.0027961674554970338 0.9999679563647892
1701508084.0 0.0 -0.21533961816879774 -0.12699940490772543 2.3690278566347305e-05 -0.007493342264017958 0.0028097171575685023 0.9999679768622491
1701508085.0 0.0 -0.21533961816879774 -0.12699940490772543 2.371701913487533e-05 -0.0074982422200178655 0.002811017255404175 0.9999679364775167
1701508086.0 0.0 -0.21533961816879774 -0.12699940490772543 2.3710534157338097e-05 -0.00750034185872238 0.002817066990318301 0.9999679037066065
1701508087.0 0.0 -0.21533961816879774 -0.12699940490772543 2.3743649670492943e-05 -0.007509391671501798 0.0028170669008369077 0.9999678357862514
1701508088.0 0.0 -0.21533961816879774 -0.12699940490772543 2.3562696793032435e-05 -0.007491493102419817 0.0028304668352181544 0.9999679322025233
1701508089.0 0.0 -0.21533961816879774 -0.12699940490772543 2.4086141039893282e-05 -0.007516440529928729 0.0028174667999850333 0.9999677816922148
1701508090.0 0.0 -0.21533961816879774 -0.12699940490772543 2.368221758160715e-05 -0.007486292805768787 0.0028416165275338477 0.9999679395234076
1701508091.0 0.0 -0.21533961816879774 -0.12699940490772543 2.380224098377535e-05 -0.007500641912846492 0.002817166894214714 0.999967901172352
1701508092.0 0.0 -0.21533961816879774 -0.12699940490772543 2.3593105826591494e-05 -0.007488542644922654 0.0028365666468253823 0.9999679370170218
1701508093.0 0.0 -0.21533961816879774 -0.12699940490772543 2.3811631709497933e-05 -0.007504192002659435 0.0028133171172442977 0.999967885375421
1701508094.0 0.0 -0.21533961816879774 -0.12699940490772543 2.36361496822345e-05 -0.007493642313892397 0.0028328665853815586 0.9999679093016502
1701508095.0 0.0 -0.21533961816879774 -0.12699940490772543 2.3942756065528068e-05 -0.007505541040715177 0.0027965174419253107 0.9999679223708265
1701508096.0 0.0 -0.21533961816879774 -0.12699940490772543 2.3660620481136574e-05 -0.0075000924276749205 0.002821816937485235 0.9999678921860055
1701508097.0 0.0 -0.21533961816879774 -0.12699940490772543 2.3889816046416027e-05 -0.007507891347606595 0.0028005674825846085 0.9999678933938653
1701508098.0 0.0 -0.21533961816879774 -0.12699940490772543 2.3829351825181583e-05 -0.0075059912200184375 0.002806417437499608 0.9999678912590811
1701508099.0 0.0 -0.21533961816879774 -0.12699940490772543 2.382701375359244e-05 -0.00750549158443659 0.002806617268509222 0.9999678944485455
1701508100.0 0.0 -0.21533961816879774 -0.12699940490772543 2.3816060957160547e-05 -0.007503341710749622 0.0028093671300642854 0.9999679028610347
1701508101.0 0.0 -0.21533961816879774 -0.12699940490772543 2.3765413637540043e-05 -0.007501091848029131 0.002822066851992857 0.9999678839817684
1701508102.0 0.0 -0.21533961816879774 -0.12699940490772543 2.3758535727961306e-05 -0.007500341706823308 0.0028303664461858443 0.9999678661515045
1701508103.0 0.0 -0.21533961816879774 -0.12699940490772543 2.370895491421818e-05 -0.0074934423198161956 0.002835666419221317 0.9999679028629089
1701508104.0 0.0 -0.21533961816879774 -0.12699940490772543 2.3680986622737655e-05 -0.007497992279573712 0.002841316154837558 0.9999678527200235
1701508105.0 0.0 -0.21533961816879774 -0.12699940490772543 2.3965031484181586e-05 -0.0074961916376021 0.0028406663546286333 0.9999678680594049
1701508106.0 0.0 -0.21533961816879774 -0.12699940490772543 2.4116972988993768e-05 -0.007519140738454876 0.00283381587415438 0.9999677151931048
1701508107.0 0.0 -0.21533961816879774 -0.12699940490772543 2.4121783099062604e-05 -0.007520640117687982 0.0028356158996287167 0.9999676988147315
1701508108.0 0.0 -0.21533961816879774 -0.12699940490772543 2.405403777337638e-05 -0.007518740946265203 0.0028411158043890623 0.9999676974867598
1701508109.0 0.0 -0.21533961816879774 -0.12699940490772543 2.405513237582385e-05 -0.007520140688181255 0.0028389659730940547 0.9999676930669231
1701508110.0 0.0 -0.21533961816879774 -0.12699940490772543 2.3972150363427476e-05 -0.0075182909237682186 0.0028452155527103158 0.9999676892156967
1701508111.0 0.0 -0.21533961816879774 -0.12699940490772543 2.4042319553666437e-05 -0.007523190739886291 0.0028432658162091807 0.9999676579082729
1701508112.0 0.0 -0.21533961816879774 -0.12699940490772543 2.4031285818555602e-05 -0.007525390508007916 0.0028482652670513103 0.9999676271285824
1701508113.0 0.0 -0.21533961816879774 -0.12699940490772543 2.403865561398735e-05 -0.007528640724753298 0.0028515654065948276 0.9999675932577577
1701508114.0 0.0 -0.21533961816879774 -0.12699940490772543 3.2231442694617296e-05 -0.0076526072003575965 0.003834878429732646 0.999963364464719
1701508115.0 0.0 0.21533961816879774 0.12699940490772543 3.0202431014872837e-05 -0.007376570977460432 0.0037702383375358924 0.9999656847068832
1701508116.0 -0.02160075957131319 0.9297860734641968 -0.10015620189470764 8.650537580692521e-06 -0.007965161017422546 0.0013471103924275081 0.9999673701820101
1701508117.0 -0.02160075957131319 1.3604653098017923 0.15384260792074317 5.9901631785585885e-06 -0.008105258764648477 0.0015920005975626965 0.999965884557355
1701508118.0 -0.04320151914262638 2.0749117650971916 -0.07331299888168985 1.6345945408210356e-05 -0.007397514453085221 0.001999794084376181 0.9999706382371167
1701508119.0 -0.04320151914262638 2.505591001434787 0.18068581093376102 0.00014898850114965556 -0.005096250540612561 -0.023315484421295878 0.9997151565416292
1701508120.0 -0.06480227871393962 3.220037456730186 -0.04646979586867195 0.00041763341921666625 -0.006341870599821753 -0.06035278138430381 0.9981568754653753
1701508121.0 0.14135691570050912 4.097459340180601 -0.05783751334899123 0.0003790131931974957 -0.006494453884483411 -0.05080294297909022 0.9986875083840816
1701508122.0 0.14135691570050912 4.528138576518196 0.19616129646645963 0.00017501256898072354 -0.0063286882358640105 -0.022872146822764023 0.9997183513247779
1701508123.0 0.11975615612919588 5.457924649982393 0.0960050945717521 4.476578925273997e-05 -0.005601942059599802 -0.0034022898180996173 0.9999785201018964
1701508124.0 0.09815539655788275 6.38771072344659 -0.004151107322955205 0.00016404985536843002 -0.007378959771224679 -0.011684366264643717 0.9999044952520882
1701508125.0 0.3043145909723315 7.265132606897005 -0.015518824803274711 0.0003242166826637735 -0.0065128390729181 -0.038690715621688423 0.9992299566843633
1701508126.0 0.28271383140101825 8.41025829853 0.011324378209743191 0.00031150881282069367 -0.007221521504353471 -0.0379269596187354 0.999254371180582
1701508127.0 0.488873025815467 9.287680181980415 -4.3339270575870614e-05 4.9463344290788564e-05 -0.0064720157812703455 -0.0004805896167734187 0.9999789395775917
1701508128.0 0.46727226624415374 10.432805873613407 0.02679986374244203 -0.0001505632734414122 -0.006172425038804065 0.029648341164978713 0.9995413219902447
1701508129.0 0.21791155268707874 11.414956137091387 -0.1621448225666544 -0.00016775632166006417 -0.006515494496503234 0.030421561191104212 0.9995159072290838
1701508130.0 0.1963107931157655 12.560081828724382 -0.13530161955363607 -0.00014714615258586532 -0.006192062466448206 0.031789135560982416 0.9994754061860186
1701508131.0 -0.03144916086999627 13.473804491413356 0.283907515662877 -4.109892509610111e-05 -0.006452974285862446 0.008841504112059856 0.9999400908248357
1701508132.0 -0.05304992044130952 14.618930183046349 0.31075071867589443 2.331170086560819e-05 -0.007843885045012959 -0.005838936884268671 0.9999521887270544
1701508133.0 -0.07465068001262276 15.548716256510547 0.21059451678118624 5.7833275516926195e-05 -0.006618198752058078 -0.0012083728946153663 0.9999773677116588
1701508134.0 0.10990775483051296 16.925244977087562 -0.154928212409291 3.188837615383669e-05 -0.0051453784300943195 -0.001161384127314043 0.9999860875286473
1701508135.0 0.08830699525919927 18.070370668720557 -0.12808500939627354 4.371583769773977e-05 -0.005785852212573068 -0.0020435643307987156 0.99998117274673
1701508136.0 0.06670623568788647 19.21549636035355 -0.1012418063832552 3.554258773056289e-05 -0.004282889503290378 -0.0015291350894670347 0.9999896586165805
1701508137.0 0.272865430102335 20.092918243803965 -0.1126095238635747 1.782170588389125e-05 -0.003953499543151616 0.002103382077792799 0.9999899726035176
1701508138.0 0.02350471654525954 21.290408125450742 -0.17455480526494505 -6.825961144138404e-05 -0.0054795975407030935 0.019100355698081543 0.99980255338923
1701508139.0 -0.20425523744050178 22.204130788139715 0.2446543299515671 -6.665500079686064e-05 -0.005681328334515077 0.01784231870408013 0.999824669493971
1701508140.0 -0.22585599701181458 23.349256479772713 0.27149753296458634 -5.1937200234032826e-05 -0.005062962175522739 0.01682949340752191 0.9998455540073089
1701508141.0 -0.24745675658312827 24.27904255323691 0.17134133106987726 -5.848353248231373e-05 -0.0046159132363057616 0.018357776208186505 0.9998208249368291
1701508142.0 -0.26905751615444107 25.4241682448699 0.1981845340828965 -4.42141986801157e-05 -0.003215690549711778 0.017859210998466546 0.9998353394244001
1701508143.0 -0.29065827572575476 26.569293936502895 0.22502773709591395 -6.951413099204242e-05 -0.003733544271338011 0.020811005848020356 0.9997764539388558
1701508144.0 -0.31225903529706844 27.714419628135893 0.25187094010892963 -5.885625133244205e-05 -0.0032895175413674574 0.023049686550514866 0.9997289070344069
1701508145.0 -0.33385979486838036 28.644205701600086 0.1517147382142241 -0.00010579140094753841 -0.003496192519608852 0.03311254512436571 0.9994455086703987
1701508146.0 -0.35546055443969404 29.78933139323308 0.17855794122724156 -0.0001796587057969858 -0.0050498335191483164 0.03863514333857504 0.9992406079635604
1701508147.0 -0.604821267996769 30.98682127487986 0.11661265982587032 -0.00017104960656835936 -0.004667199996070483 0.036690165846618224 0.9993157757767944
1701508148.0 -0.6264220275680827 32.13194696651286 0.14345586283888778 -0.00018280292665366342 -0.005314632219206218 0.03954642735812735 0.9992035835357441
1701508149.0 -0.6480227871393955 33.06173303997705 0.04329966094418225 -0.00016582420917311206 -0.004584335749018279 0.04139828285633507 0.9991321927275784
1701508150.0 -0.6696235467107083 34.20685873161004 0.07014286395719793 -0.0001495374326086526 -0.0039551636784584095 0.040802403355655006 0.9991593957919004
1701508151.0 -0.9189842602677842 35.40434861325682 0.008197582555828475 -0.000182689213266472 -0.004949209341265361 0.04202865716682711 0.9991041306732251
1701508152.0 -0.940585019839097 36.33413468672102 -0.09195861933887883 -0.00016037503620186142 -0.004282435046332279 0.042290798966273524 0.9990961532068453
1701508153.0 -0.9621857794104107 37.47926037835401 -0.06511541632586315 -6.881696828498979e-05 -0.0019518860942176325 0.03682695452835039 0.9993197490418504
1701508154.0 -1.189945733396173 38.17764342287419 0.22709431398292423 -0.00010001526283864168 -0.0029478495911289524 0.03651672202638798 0.9993286892670413
1701508155.0 -1.2115464929674857 39.10742949633838 0.12693811208821693 -6.425011954329291e-05 -0.002398237195322007 0.032410183875149406 0.999471772643658
1701508156.0 -1.2331472525387976 40.25255518797138 0.15378131510123616 5.362331982145831e-05 -0.0014730236807530641 -0.028355769174524793 0.9995968075580756
1701508157.0 -1.2547480121101113 41.39768087960438 0.18062451811425362 9.800326281022813e-05 -0.0024313232310244036 -0.03572878966132813 0.9993585606037722
1701508158.0 -1.276348771681425 42.327466953068566 0.08046831621954631 -6.389979091588715e-05 -0.005606106899591798 0.014945761991032123 0.9998725877234331
1701508159.0 -1.2979495312527387 43.472592644701564 0.10731151923256377 -0.00016160595893334549 -0.003793299970507034 0.046188181474930194 0.9989255410944735
1701508160.0 -1.3195502908240524 44.61771833633456 0.13415472224558123 -0.00012738383611602183 -0.0030459329476349283 0.04541326706528608 0.9989636335924815
1701508161.0 -1.341151050395366 45.76284402796755 0.16099792525859868 -7.744084380000572e-05 -0.0019372015663412284 0.045220240338353736 0.9989751604102819
1701508162.0 -1.5905117639524384 46.960333909614334 0.09905264385722745 -9.567101408419758e-05 -0.0024994170584242102 0.04341446758767747 0.9990540164403041
1701508163.0 -1.6121125235237521 47.89011998307853 -0.0011035580374816334 -0.00013023317191919033 -0.0043303786547262595 0.03661762121827577 0.9993199591103655
1701508164.0 -1.6337132830950658 49.035245674711526 0.0257396449755376 -4.3264854476253545e-05 -0.003358064891987332 0.020269549814536752 0.9997889111600756
1701508165.0 -1.6553140426663795 50.18037136634452 0.052582847988556836 -2.449959202318488e-05 -0.0037519111392347155 0.010866713445871179 0.9999339163672061
1701508166.0 -1.6769148022376932 51.32549705797751 0.07942605100157252 -8.501799239258669e-06 -0.0042873284273990024 0.003826159254915444 0.9999834894877171
1701508167.0 -1.698515561809005 52.25528313144171 -0.020730150893136567 3.0056532332693685e-05 -0.003569765943653346 -0.0016954380810312883 0.99999219064822
1701508168.0 -1.7201163213803188 53.400408823074706 0.00611305211988622 8.60685969742448e-05 -0.003448519459961445 -0.019305235796887223 0.9998076855958637
1701508169.0 -1.7417170809516325 54.5455345147077 0.0329562551329019 9.944512002035056e-05 -0.00222948150794193 -0.03742501396474129 0.9992969467843944
1701508170.0 -1.535557886537184 55.63829601632691 0.1485879425603045 0.0002149904708396689 -0.004932946945611114 -0.04159349053446835 0.9991224156021564
1701508171.0 -1.5571586461084959 56.56808208979111 0.04843174066560252 0.00022734389611650492 -0.003882088993806812 -0.05493246722953968 0.998482499468004
1701508172.0 -1.3509994516940473 57.66084359141033 0.16406342809300511 0.0003548134315345431 -0.004870222612329479 -0.06949087150416583 0.9975706360036499
1701508173.0 -1.372600211265361 58.80596928304331 0.19090663110602435 0.00045568343356438206 -0.005643703177641175 -0.07539153011778983 0.9971379333640604
1701508174.0 -1.1664410168509125 59.68339116649373 0.17953891362570573 0.0004405746500897047 -0.006091149661404318 -0.06232706469193937 0.9980370938981511
1701508175.0 -1.1880417764222262 60.828516858126726 0.20638211663872497 -3.4697517038951424e-05 -0.006428911731449238 0.011833532548284125 0.9999093135867173
1701508176.0 -1.209642535993538 61.97364254975972 0.23322531965174065 -0.00022323573465433822 -0.004696580128326261 0.05141835040193252 0.9986661331710659
1701508177.0 -1.2312432955648518 62.90342862322392 0.13306911775703512 -0.00019955137264458293 -0.004234688092338582 0.054795254436184056 0.9984886116963398
1701508178.0 -1.4806040091219277 64.10091850487069 0.07112383635566388 -0.0002159347987136777 -0.004428674229190281 0.05289523686445758 0.9985902233317665
1701508179.0 -1.5022047686932414 65.24604419650369 0.09796703936867956 -0.00014858746413832661 -0.003911368476282149 0.04300415853685874 0.9990672256995248
1701508180.0 -1.5238055282645533 66.39116988813669 0.1248102423816988 -7.322176224696375e-05 -0.0037884833849829965 0.023140222398311837 0.9997250482705591
1701508181.0 -1.5454062878358652 67.32095596160089 0.024654040486989715 9.549350817075244e-05 -0.004200052232806204 -0.017804352434067344 0.9998326637376052
1701508182.0 -1.5670070474071789 68.46608165323387 0.05149724350000895 8.865011297927244e-05 -0.004244061448453608 -0.013109106554395145 0.9999050611977743
1701508183.0 -1.5886078069784926 69.61120734486687 0.07834044651302818 6.690927901365753e-05 -0.005499965264044771 -0.0065363544058457835 0.9999635103224137
1701508184.0 -1.6102085665498063 70.75633303649985 0.10518364952604387 -8.290545172516309e-05 -0.006487124901294765 0.020327575843704697 0.9997723240805976
1701508185.0 -1.63180932612112 71.68611910996405 0.0050274476313347805 -0.00023949958388259733 -0.006836052817506404 0.038829079971965615 0.9992224544966731
1701508186.0 -1.6534100856924319 72.83124480159705 0.031870650644354015 -0.0003337035040754413 -0.00814557686333983 0.04400996967681466 0.9989978282201522
1701508187.0 -1.6750108452637456 73.97637049323005 0.05871385365737325 -0.0003879358717242214 -0.00753690126718892 0.055997148057681266 0.9984024058637149
1701508188.0 -1.9243715588208214 74.95852075670803 -0.1302308326517263 -0.0005472481224261088 -0.008936790111528967 0.06755056197598434 0.9976756766999603
1701508189.0 -2.152131512806582 75.65690380122821 0.16197889765706108 -0.0007480567232256999 -0.007057656894636577 0.10697664833858497 0.9942362026201517
1701508190.0 -2.401492226363656 76.63905406470619 -0.026965788652031364 -0.001042776066417954 -0.006948481972116178 0.15573388573508695 0.9877740571862622
1701508191.0 -2.8570121343351804 77.38980129924013 0.1764554572423691 -0.0012149423016952633 -0.0059634088161191375 0.2050952957567948 0.9787230871543433
1701508192.0 -3.1063728478922563 78.37195156271812 -0.012489229066730445 -0.0006576082939565873 -0.002433820662473496 0.26486798468647405 0.9642813877476015
1701508193.0 -3.5618927558637807 79.12269879725207 0.19093201682767003 -0.0003563206458747926 -0.0012875546206941055 0.2677713943029846 0.9634815491911256
1701508194.0 -4.039013423406617 80.15721325074384 -0.08680115389581644 -0.00046932136493724305 -0.0016892142617279463 0.2667564313201191 0.9637623839110908
1701508195.0 -4.722293285363902 80.96032467529157 0.027831607584193563 -0.0010936853578274906 -0.004079734180433674 0.2625764362793159 0.9649019508386381
1701508196.0 -5.405573147321187 81.97877571800811 0.26946377397192833 -0.000469893365466065 -0.0019888426818616004 0.23999222311323262 0.9707726595605071
1701508197.0 -5.654933860878263 82.9609259814861 0.08051908766283589 -0.0009587272715718718 -0.00399583306027386 0.23523506798503052 0.9719298210005964
1701508198.0 -6.338213722835551 83.76403740603384 0.1951518491428459 -0.000953019407629802 -0.004026182805711021 0.2371378990909696 0.971467188545627
1701508199.0 -6.815334390378387 85.01389147769439 0.04441808332708419 -0.0010538084935568849 -0.004388636481928048 0.23347872397698874 0.9723514358541183
1701508200.0 -7.270854298349912 85.76463871222835 0.24783932922148466 -0.0009531793196490745 -0.004119346606962577 0.2300517818156862 0.9731692042579976
1701508201.0 -7.747974965892748 86.79915316572011 -0.029893841502001806 -0.0006761875234138089 -0.0029846571190657186 0.22657371024966527 0.9739892137061968
1701508202.0 -8.203494873864273 87.76524001842287 0.3005268093001199 -0.0010461280052694102 -0.004739654138582243 0.22803730750800802 0.9736402968649878
1701508203.0 -8.680615541407109 88.79975447191462 0.022793638576636965 -0.001003639016667844 -0.0045367953739690985 0.2239831234988896 0.9745819465720367
1701508204.0 -9.363895403364394 89.60286589646236 0.13742640005665052 -0.0009541951594068892 -0.004251216230946778 0.22648486226528447 0.9740049403554536
1701508205.0 -9.61325611692147 90.80035577810915 0.07548111865527929 -0.0009334195149134398 -0.0035342066836775102 0.2611145114427428 0.9653009116462825
1701508206.0 -10.296535978878754 91.60346720265687 0.1901138801352893 -0.0008531611917385647 -0.0030831285257308725 0.2750939006014898 0.9614120408473843
1701508207.0 -10.77365664642159 92.63798165614864 -0.08761929058819717 -0.001188454645099822 -0.004299140787844599 0.2732004479152721 0.9619467865858993
1701508208.0 -11.45693650837888 93.44109308069638 0.02701347089181283 -0.0010645502628713948 -0.003850749064634921 0.27310491616741134 0.961975957719095
1701508209.0 -12.140216370336164 94.24420450524413 0.14164623237182283 -0.0010783633905079334 -0.0039072089192975275 0.27436362788302243 0.9616174762064827
1701508210.0 -12.617337037879 95.49405857690468 -0.009087533443935314 -0.0015848982710208977 -0.005189395326460604 0.3002247199850285 0.9538530682361552
1701508211.0 -13.300616899836285 96.29717000145241 0.10554522803607469 -0.0011691550171950566 -0.003838482684404949 0.3008037443764317 0.9536776218913526
1701508212.0 -13.983896761793574 97.10028142600015 0.2201779895160847 -0.0021228962026478186 -0.005772209984022992 0.3523812164933208 0.9358363388789199
1701508213.0 -14.667176623750859 97.68805323237909 0.20781134608836993 -0.0014923984276980498 -0.003438976179155996 0.39835070788089627 0.9172255228244365
1701508214.0 -15.578216439693907 98.54352884694062 0.23365562315399302 -0.002044070136150294 -0.0046586689105445715 0.40340184441872806 0.9150087816523013
1701508215.0 -16.489256255636956 99.18366484333335 0.1325004953118878 -0.001565169095595967 -0.0035726837126475687 0.4025307050967579 0.9153981743651767
1701508216.0 -17.172536117594237 99.98677626788108 0.2471332567918978 -0.0020452489046257883 -0.004684841338809811 0.4034421419767425 0.9149908782582296
1701508217.0 -18.083575933537286 100.8422518824426 0.2729775338575209 -0.0015944480159546756 -0.003657506067134895 0.40371478579441883 0.914876194966215
1701508218.0 -18.766855795494575 101.43002368882155 0.2606108904298061 -0.0019870749470697873 -0.004173538256545595 0.43375894036584556 0.9010171001508656
1701508219.0 -19.677895611437624 102.07015968521426 0.15945576258770444 -0.0019306985104542795 -0.004068578016158197 0.4315279804609833 0.9020883111732761
1701508220.0 -20.588935427380665 102.92563529977579 0.18530003965332398 -0.002203572082971645 -0.004384708399233394 0.451050084453993 0.8924851482889642
1701508221.0 -21.499975243323714 103.56577129616852 0.08414491181121875 -0.00201547490913228 -0.003555293595299219 0.49375615892312485 0.869590796451885
1701508222.0 -22.411015059266763 104.20590729256124 -0.01701021603088293 -0.0022109186687273284 -0.003906939244060163 0.4940623515391103 0.8694148839627881
1701508223.0 -23.09429492122405 104.57833948077138 -0.15637626436632246 -0.0022567561136676777 -0.00401041949480199 0.494970837414482 0.8688974011334857
1701508224.0 -24.211493931581543 104.98707244822009 0.13483453999506523 -0.002440452712554253 -0.00422649759768767 0.5018775254447879 0.8649249275873778
1701508225.0 -25.122533747524592 105.62720844461282 0.03367941215296 -0.0021549465463990554 -0.003672998441652454 0.5065838005619077 0.8621802121923717
1701508226.0 -26.03357356346764 106.26734444100553 -0.06747571568914168 -0.002278437644302536 -0.0038981551654070253 0.5069560831289415 0.8619600587537507
1701508227.0 -27.150772573825137 106.67607740845423 0.22373508867224956 -0.0015210321515812405 -0.0026188250724695117 0.5083821506296193 0.8611262492443467
1701508228.0 -28.061812389768185 107.10087378667816 -0.004419444077580437 -0.0009360721376493159 -0.0014938481415236638 0.538249665595497 0.8427835959918886
1701508229.0 -28.972852205711234 107.7410097830709 -0.10557457191968211 -0.0015137399864194507 -0.0022300706959476426 0.5689269719757715 0.8223836306337964
1701508230.0 -30.090051216068723 107.9344031323508 0.05863682753398436 -0.0016626940568266232 -0.002387169489805102 0.5741790179320231 0.8187246131862154
1701508231.0 -31.207250226426222 108.12779648163071 0.22284822698764728 -0.0030615569152956565 -0.004346956340828108 0.5751345593587323 0.818041545076448
1701508232.0 -32.11829004236927 108.76793247802343 0.12169309914554205 -0.00339695260814045 -0.004836339178503231 0.5785889200943968 0.8155978985261845
1701508233.0 -33.23548905272677 108.96132582730333 0.2859044985992085 -0.0033091438737855817 -0.004561465467496521 0.5910027791780426 0.806649835804509
1701508234.0 -34.37428882265558 109.43848639554103 -0.031038518565004836 -0.0032393686335702525 -0.004406376435795277 0.5990629217158321 0.8006832745617039
1701508235.0 -35.491487833013075 109.63187974482095 0.13317288088866164 -0.003809620992334024 -0.00459968749884167 0.6400956513497198 0.7682720135381645
1701508236.0 -36.60868684337057 109.60993347593204 0.1703848754345998 -0.002831748590791746 -0.003216412896852733 0.6661513531886115 0.7458042709270156
1701508237.0 -37.51972665931361 110.03472985415597 -0.057769657315230205 -0.002992412128182118 -0.003409302844853897 0.6647075523189792 0.7470898821519931
1701508238.0 -38.636925669671115 110.01278358526709 -0.0205576627692885 -0.003954914180394452 -0.004497503974935835 0.6648521125851393 0.7469510020763733
1701508239.0 -39.75412468002861 110.20617693454699 0.14365373668437798 -0.003316858178014257 -0.0037687075975117207 0.6665039143324873 0.7454846259141389
1701508240.0 -40.643563736400345 110.13186647564432 0.2696542156447066 -0.0032278777434493595 -0.0036685825837657667 0.6663381693367041 0.7456336676895091
1701508241.0 -41.554603552343394 110.34132323569943 -0.08549972201284817 -0.0029653486842012087 -0.003368918526307912 0.665960332583867 0.7459736540387532
1701508242.0 -42.44404260871512 110.48235239496557 0.16750016185520522 -0.00329738528275297 -0.0037410844971848167 0.665674949674769 0.7462251623421552
1701508243.0 -43.333481665086865 110.40804193606289 0.2935006408155374 -0.002910393773571111 -0.0032990554670315445 0.6654015503295205 0.7464726536586446
1701508244.0 -44.24452148102991 110.617498696118 -0.06165329684201737 -0.003215783679011257 -0.003465503447804207 0.6843083548886227 0.7291774300201631
1701508245.0 -45.13396053740164 110.54318823721535 0.06434718211831125 -0.0033676058800588358 -0.0036060898340585616 0.6877444275250496 0.7259361251205144
1701508246.0 -46.25115954775914 110.73658158649523 0.22855858157198128 -0.004443985583285078 -0.004730020558980759 0.6926065980457113 0.7212863358203827
1701508247.0 -46.934439409716425 110.89367415653659 -0.03780687167118657 -0.0044768215434931235 -0.0045083394813840005 0.7123428086425758 0.7018029323956939
1701508248.0 -48.051638420073914 110.6563882694789 -0.12759428203297318 -0.0040746886544126065 -0.003911937407499105 0.7261117093326975 0.6875535464442298
1701508249.0 -48.941077476445656 110.58207781057624 -0.0015938030726445618 -0.003908503553898977 -0.0036629255162816776 0.7344749023463543 0.6786147098316869
1701508250.0 -50.05827648680315 110.56013154168733 0.035618191473297145 -0.004565398113585359 -0.004021409758672896 0.75404911922494 0.6567898531491708
1701508251.0 -50.94771554317489 110.27048146461587 0.034619265525901 -0.00408124117708293 -0.003489690800359992 0.7624403101715878 0.6470362732907835
1701508252.0 -52.06491455353238 110.24853519572696 0.07183126007183915 -0.0038228258402016545 -0.0032623536967084496 0.764636275125161 0.6444424798332837
1701508253.0 -53.182113563889885 110.01124930866928 -0.017956150289943906 -0.00439026488341067 -0.0035810176927581717 0.7763081996822894 0.6303280740952131
1701508254.0 -54.071552620261606 109.72159923159779 -0.0189550762373365 -0.0040846928364851485 -0.003241384020936137 0.7842179410478879 0.6204635602939723
1701508255.0 -54.96099167663334 109.43194915452634 -0.019954002184736197 -0.004268312133044632 -0.003183343019118976 0.8041905583014023 0.5943477044438181
1701508256.0 -55.85043073300508 109.14229907745485 -0.020952928132132342 -0.004746963928707102 -0.0033700116038693894 0.8172203385061712 0.576295954945988
1701508257.0 -56.73986978937682 108.85264900038338 -0.021951854079528488 -0.005085636636007997 -0.0035182787633158113 0.823358274387605 0.5674882465849099
1701508258.0 -57.629308845748554 108.56299892331192 -0.022950780026924633 -0.004623652962826176 -0.0031553617818465803 0.8262299567584453 0.5633051784603461
1701508259.0 -58.51874790212028 108.27334884624044 -0.023949705974317226 -0.0038008525598045182 -0.002545112317094287 0.8285599308354 0.5598816990553891
1701508260.0 -59.180427004506264 107.93133457915519 0.0638398524926771 -0.00259728410206978 -0.0016969356522685626 0.8376836290759623 0.5461469693249345
1701508261.0 -60.069866060877985 107.42634488391491 -0.06415847836245092 -0.002046651361774977 -0.0013197154695126349 0.8401337498962049 0.5423738119181492
1701508262.0 -60.731545163263974 107.08433061682966 0.0236310801045434 -0.0015777470625614057 -0.0011068852355812222 0.822653306752581 0.5685400798609767
1701508263.0 -61.84874417362146 106.84704472977197 -0.06615633025723966 -0.0034765861474310464 -0.0024600602114601047 0.818747309564006 0.5741382277241406
1701508264.0 -62.7381832299932 106.5573946527005 -0.0671552562046358 -0.003929442926298726 -0.0027470949815414933 0.8223311721590004 0.5689889772597143
1701508265.0 -63.83378148077938 105.8210019285162 0.1972123451437362 -0.004992719255576936 -0.003319930531704657 0.8345329102896459 0.5509254690601929
1701508266.0 -64.72322053715112 105.53135185144474 0.19621341919634006 -0.003038805695292074 -0.0019432067468067766 0.8441106373936562 0.5361569000268119
1701508267.0 -65.17874044512264 105.4207406133035 -0.10836295454016209 -0.0011259214101817761 -0.0007149747578715143 0.8476607266350065 0.5305370049607157
1701508268.0 -65.84041954750862 105.07872634621823 -0.02057339607316777 -0.0006729398976834842 -0.00041924081243428123 0.8514220972554994 0.5244804893359545
1701508269.0 -66.72985860388034 104.57373665097798 -0.14857172692828868 -0.0004951354068583248 -0.0003077822418562452 0.8524173750405335 0.5228616249449053
1701508270.0 -67.39153770626632 104.2317223838927 -0.06078216846130147 -0.0019952211224097296 -0.0012229547036949886 0.8564523773274287 0.516220736550423
1701508271.0 -68.05321680865228 103.88970811680745 0.027007390005692855 -0.002735982089170801 -0.0016169993130767473 0.866623159162497 0.4989531037266356
1701508272.0 -68.94265586502402 103.38471842156719 -0.1009909408494245 -0.00276302692429316 -0.0015006524630819943 0.8789769902210499 0.4768538186764841
1701508273.0 -69.60433496741 103.04270415448192 -0.013201382382433735 -0.002349430950913168 -0.0012745789486697436 0.8824689323849962 0.4703630927251793
1701508274.0 -70.26601406979596 102.48535026922788 -0.05241122882316773 -0.0018481278611080655 -0.0010004642921534284 0.8821577854837523 0.47094928071397574
1701508275.0 -70.69993321819618 102.09097181212884 0.12416681405821706 -0.002421002835706158 -0.0013158669423114257 0.88249847045831 0.4703071941595227
1701508276.0 -71.36161232058215 101.7489575450436 0.2119563725252096 -0.0018052226547518558 -0.0009787891082070766 0.8818991630968767 0.47143361067288914
1701508277.0 -71.58937227456792 101.58598211688857 -0.003831516796907408 -0.001611645568030705 -0.0008743569947377292 0.8819344892345504 0.47136842787463124
1701508278.0 -72.25105137695388 101.24396784980333 0.08395804167008514 -0.0019741696943597975 -0.0010659086540506784 0.8810516815529528 0.4730146941961457
1701508279.0 -72.6849705253541 100.63424977453548 0.13353667964374338 -0.0013752085517887418 -0.0007442830359126084 0.8807683175199362 0.47354485077688513
1701508280.0 -72.91273047933986 100.47127434638047 -0.08225120967837185 -0.0010581972602793303 -0.0005753590584296784 0.8818596211339782 0.4715105065573287
1701508281.0 -73.57440958172583 100.34459969746402 0.13253775369634546 -0.0010123315989563602 -0.0005500169562173113 0.8818862301448637 0.47146086767298323
1701508282.0 -73.8021695357116 100.181624269309 -0.083250135625768 -0.0009709360429028977 -0.0005268152078415209 0.8818185341280489 0.47158758742909723
1701508283.0 -74.2360886841118 99.78724581220996 0.09332790725561146 -0.0009020220862084763 -0.0004891186195417645 0.8815984179116628 0.4719991278114666
1701508284.0 -74.46384863809756 99.62427038405494 -0.12245998206650022 -0.0012357848154882182 -0.0006709940527471377 0.8817578913651012 0.4717001628346563
1701508285.0 -74.89776778649778 99.22989192695591 0.05411806081487924 -0.0015355215651788629 -0.0008343271202425754 0.8828187200902041 0.4697106061502904
1701508286.0 -75.12552774048353 99.0669164988009 -0.16166982850723244 -0.0025138281755721264 -0.0013330218632268502 0.8874567893153693 0.46088214417426954
1701508287.0 -75.55944688888374 98.88787765987064 0.1419076192818718 -0.0023997488573543296 -0.0012713041251828131 0.8869485281738203 0.46186029636843295
1701508288.0 -75.78720684286952 98.72490223171563 -0.07388027004023989 -0.0018743870713628067 -0.000996679825589757 0.8868638634397913 0.46202595276356423
1701508289.0 -76.22112599126972 98.3305237746166 0.10269777284113779 -0.0025867643654099064 -0.0013618375378102623 0.8878635733465007 0.46009752137239496
1701508290.0 -76.44888594525548 98.16754834646159 -0.11309011648097389 -0.0034177495605140847 -0.001695709324739115 0.8980226400521598 0.4399327011164056
1701508291.0 -76.88280509365569 97.77316988936255 0.06348792640040912 -0.0031948878169868193 -0.0015251260891082229 0.9039338390195667 0.42765766841902564
1701508292.0 -77.54448419604167 97.43115562227729 0.15127748486739812 -0.004385217467054987 -0.001944206649737045 0.915350177660758 0.4026301555828732
1701508293.0 -77.97840334444187 96.82143754700947 0.20085612284105459 -0.0030762613936706 -0.0012302596291450777 0.9284030723831863 0.3715598986254339
1701508294.0 -78.20616329842764 96.65846211885444 -0.014931766481057096 -0.002951428485243986 -0.001085437436225209 0.9390584238705889 0.3437431998645995
1701508295.0 -78.64008244682785 96.2640836617554 0.1616462764003188 -0.0033712453556741643 -0.0011821198176643604 0.9443283715777933 0.3289850512268325
1701508296.0 -78.64008244682785 95.8334044254178 -0.09235253341513072 -0.003285015294508578 -0.0011216961773551919 0.9476667806360194 0.3192422643560269
1701508297.0 -79.07400159522805 95.43902596831877 0.08422550946625051 -0.002890844595923928 -0.0009814204203744863 0.9476045251067582 0.3194312818567963
1701508298.0 -79.50792074362828 94.82930789305092 0.13380414743990876 -0.002333679870939774 -0.0007391795542324027 0.954368807816753 0.2986204718673457
1701508299.0 -79.73568069761403 94.66633246489592 -0.0819837418822047 -0.0024428892784486875 -0.0007140118123180132 0.9609454640785999 0.27672610564576183
1701508300.0 -79.94183989202848 94.2195898177831 0.183382785413567 -0.002147035724117219 -0.0005826832673300099 0.9664831776035361 0.2567203110920151
1701508301.0 -80.37575904042869 93.60987174251527 0.23296142338721637 -0.0012917982013961246 -0.00034276582699842707 0.9676472796832306 0.2523033013867207
1701508302.0 -80.37575904042869 93.39453212434647 0.1059620184794916 -0.0009563505705570075 -0.00025436462762447966 0.9677904762299562 0.25175506908663625
1701508303.0 -80.37575904042869 93.17919250617767 -0.02103738642823405 -0.0008491399985629416 -0.00022677361243787908 0.9681570943196697 0.25034190271204254
1701508304.0 -80.37575904042869 93.17919250617767 -0.02103738642823405 -0.0008557962626140647 -0.00022859172988505793 0.9681650365717701 0.25031116099479256
1701508305.0 -80.37575904042869 93.17919250617767 -0.02103738642823405 -0.0008535754682456312 -0.00022799325274092873 0.9681708139593229 0.250288822014366
1701508306.0 -80.37575904042869 93.17919250617767 -0.02103738642823405 -0.0008632800027105114 -0.00023060575783404673 0.9681674906687956 0.25030164118660686
1701508307.0 -80.37575904042869 93.17919250617767 -0.02103738642823405 -0.0008592281645857636 -0.00022949968833302757 0.9681769199397149 0.2502651808640212
1701508308.0 -80.37575904042869 93.17919250617767 -0.02103738642823405 -0.0008739524877201412 -0.00023346952992261394 0.968167397596246 0.2503019614999858
1701508309.0 -80.37575904042869 93.17919250617767 -0.02103738642823405 -0.0008698039149868062 -0.00023233810870780148 0.9681758000619054 0.2502694740367716
1701508310.0 -80.37575904042869 93.17919250617767 -0.02103738642823405 -0.0008745361552308738 -0.00023360944563603593 0.9681748768483969 0.25027302781708566
1701508311.0 -80.37575904042869 93.17919250617767 -0.02103738642823405 -0.0008808587706944735 -0.00023532016683360695 0.9681708664479282 0.25028851766254356
1701508312.0 -80.37575904042869 93.17919250617767 -0.02103738642823405 -0.000880955101741663 -0.00023534703062161525 0.9681716431585593 0.2502855127919697
1701508313.0 -80.37575904042869 93.17919250617767 -0.02103738642823405 -0.0008832733693103299 -0.00023596809520362797 0.9681712060773489 0.25028719477820843
1701508314.0 -80.37575904042869 93.17919250617767 -0.02103738642823405 -0.000884190577786331 -0.00023621557689436487 0.968170658502075 0.25028930944984806
1701508315.0 -80.37575904042869 93.17919250617767 -0.02103738642823405 -0.0008835624971001305 -0.0002360481825040981 0.9681702278412276 0.2502909777048201
1701508316.0 -80.37575904042869 93.17919250617767 -0.02103738642823405 -0.0008848660595330806 -0.0002363992646455311 0.968169780020713 0.2502927050117293
1701508317.0 -80.37575904042869 93.17919250617767 -0.02103738642823405 -0.0008839475410006279 -0.000236156686656661 0.9681696885537406 0.2502930622940177
1701508318.0 -80.37575904042869 93.17919250617767 -0.02103738642823405 -0.0008842850361168356 -0.00023624945037389292 0.9681697778719036 0.2502927155185325
1701508319.0 -80.37575904042869 93.17919250617767 -0.02103738642823405 -0.0008844779824700435 -0.000236302113840665 0.9681698335228553 0.2502924995207327
1701508320.0 -80.37575904042869 93.17919250617767 -0.02103738642823405 -0.0008841879887467887 -0.0002362252678473925 0.9681696422942787 0.2502932403182155
1701508321.0 -80.37575904042869 93.17919250617767 -0.02103738642823405 -0.0008841394700460879 -0.0002362131579234313 0.9681698676329585 0.25029236885754447
1701508322.0 -80.37575904042869 93.17919250617767 -0.02103738642823405 -0.0008848155105176868 -0.0002363947542582096 0.968169708152658 0.2502929831909587
1701508323.0 -80.37575904042869 93.17919250617767 -0.02103738642823405 -0.000885395260505444 -0.00023654933505157854 0.968169088727694 0.2502953770085081
1701508324.0 -80.37575904042869 93.17919250617767 -0.02103738642823405 -0.0008846222700089824 -0.00023634319181649007 0.9681688901315022 0.250296148126315
1701508325.0 -80.37575904042869 93.17919250617767 -0.02103738642823405 -0.0008829801835017077 -0.00023590319746482133 0.9681690302188098 0.25029561246822984
1701508326.0 -80.37575904042869 93.17919250617767 -0.02103738642823405 -0.0008812895679106738 -0.00023545113203779535 0.9681688093823783 0.2502964730685791
1701508327.0 -80.37575904042869 93.17919250617767 -0.02103738642823405 -0.0008805647386997129 -0.00023525843651399782 0.9681691826645602 0.25029503190803915
1701508328.0 -80.37575904042869 93.17919250617767 -0.02103738642823405 -0.0008795496970304425 -0.00023498993919909023 0.9681694204252091 0.2502941160426539
1701508329.0 -80.37575904042869 93.17919250617767 -0.02103738642823405 -0.0008805153469283159 -0.00023524959442466743 0.9681699798077333 0.2502919486308847
1701508330.0 -80.37575904042869 93.17919250617767 -0.02103738642823405 -0.0007911544776535321 -0.0002115503666128666 0.9684022864028168 0.2493919425539481
1701508331.0 -80.80967818882891 92.78481404907863 0.15554065645314896 -0.000604831306939539 -0.00016238256002193736 0.9682000840563588 0.2501763478913505
1701508332.0 -80.80967818882891 92.56947443090984 0.028541251545423307 0.000536202113929777 0.0001684857002293927 0.957006888271614 0.29006464779518437
1701508333.0 -81.24359733722912 91.959756355642 0.07811988951908155 -7.200501911083414e-05 -2.4472009648819936e-05 0.9495699881851375 0.31355514946254004
1701508334.0 -81.67751648562933 91.35003828037416 0.12769852749273802 0.00020849358101298916 7.207483777634869e-05 0.9467919103706589 0.32184628286236683
1701508335.0 -82.3391955880153 90.79268439512012 0.08848868105200225 0.0008887277150706465 0.0004103753875956571 0.9112262085466201 0.4119051330256052
1701508336.0 -82.77311473641551 90.18296631985227 0.1380673190256596 -0.0007850149917620873 -0.0004194523821171413 0.8859292437365267 0.4638195585608565
1701508337.0 -83.66255379278724 89.8933162427808 0.1370683930782608 -0.00264297455503205 -0.0014672708757652155 0.8788515436547191 0.4770857637966114
1701508338.0 -84.32423289517322 89.33596235752675 0.09785854663753213 -0.00393541664453344 -0.001731745739455109 0.9199397127707842 0.3920362718164415
1701508339.0 -84.98591199755919 88.5632688541039 -0.0683507047109293 -0.002510767900948736 -0.0008259958873243471 0.9503636751959474 0.31113003494261615
1701508340.0 -85.62599034037385 87.50680813172325 0.2465944605584971 -0.0033637857432418576 -0.001068766688453225 0.9545194906261102 0.29812763155754335
1701508341.0 -86.28766944275982 86.7341146283004 0.08038520921004277 -0.0013710566346724655 -0.00043809882146299495 0.954730646833903 0.2974681836251475
1701508342.0 -86.72158859116003 85.90905693486376 0.0029644422759678157 -0.002153412322642257 -0.000679907188564416 0.9539524601414375 0.2999493362747826
1701508343.0 -87.58942688796044 84.6896207843281 0.10212171822328298 -0.0018850233627488774 -0.0005631589771440833 0.9595858663553226 0.2814091232174131
1701508344.0 -88.02334603636066 83.64922347272267 -0.10229845361851053 -0.00188424747506744 -0.00047847355055108393 0.969793929219303 0.24391792784438718
1701508345.0 -88.66342437917532 82.592762750342 0.21264671165090987 -0.004236537981332893 -0.0010432004279219572 0.9723336423135082 0.23355567110251635
1701508346.0 -89.09734352757553 81.55236543873659 0.008226539809116473 -0.0048282534129226685 -0.0007953939830321039 0.9879192789554307 0.15489207076404576
1701508347.0 -89.50966191640443 80.01286129000455 0.15796137967747992 -0.0031972198951981667 -0.0002596328147093511 0.9970445284477186 0.07675883446359531
1701508348.0 -89.71582111081888 78.92009978838534 0.04232969225007349 -0.0023560802499281597 -0.00014597289561320498 0.9983800307126388 0.05684841116513237
1701508349.0 -89.69422035124757 77.77497409675235 0.01548648923705398 -0.0011022431458001464 -6.978027776221554e-05 0.9981884570744463 0.060154670260060834
1701508350.0 -89.90037954566202 76.68221259513314 -0.1001451981903525 -0.0009900191898753708 -0.00013697424501708393 0.9912435476885458 0.13204253203375607
1701508351.0 -90.54045788847667 75.41041225458368 0.08780056217134957 -0.000330679827793621 -6.521912036494474e-05 0.9825401916226334 0.1860501498077238
1701508352.0 -90.74661708289112 74.31765075296445 -0.02783112525605702 -0.00497281046935931 -0.0005238782517730595 0.994101492440753 0.10833844855212206
1701508353.0 -90.93117551773426 72.72578241421866 0.21069219902669323 -0.0035069115331203197 -5.170152228264061e-05 0.9999113825378201 0.012842350632062521
1701508354.0 -90.90957475816295 71.58065672258566 0.18384899601368065 0.0016634526846257 -1.2441399822565631e-05 -0.9997865755128315 0.020592139148302033
1701508355.0 -90.88797399859162 70.43553103095266 0.15700579300066142 0.0003684396123888334 -2.763236397334164e-06 -0.999962985930972 0.008595988170723799
1701508356.0 -90.86637323902032 69.29040533931966 0.13016258998764219 0.0004665497384737582 4.795685303489434e-07 -0.9999964113934819 0.0026380923542413982
1701508357.0 -90.844772479449 68.14527964768668 0.10331938697462206 -0.00025894604729821935 -1.4289211601267073e-06 0.9999964474384523 -0.0026529333534069995
1701508358.0 -90.82317171987769 66.78481433788487 -0.05052322094611572 0.0006114676508321204 -6.286091722309686e-06 -0.9999468274944231 0.010294088188641037
1701508359.0 -90.80157096030638 65.63968864625188 -0.07736642395913407 0.0013317303967310145 -1.7815844025650767e-05 -0.9998726111850686 0.015905583255527628
1701508360.0 -90.55221024674931 64.44219876460511 -0.015421142557768164 -0.0004169618292143707 5.639243473237057e-06 -0.9998956338291157 0.014441175869814134
1701508361.0 -90.53060948717798 63.29707307297211 -0.04226434557078651 0.0012163862760686181 -5.7038284615804295e-06 -0.9999244756507717 0.01222961023185469
1701508362.0 -90.71516792202112 61.70520473422631 0.1962589787119704 -0.0019992861749168105 -5.147432477821339e-05 0.9997758178786879 0.021078761590415777
1701508363.0 -90.69356716244981 60.5600790425933 0.16941577569895117 -0.002736220548916742 -0.00012871942959926674 0.998910672214359 0.046582888110050846
1701508364.0 -90.89972635686426 59.4673175409741 0.053784088271545016 -0.0029506812654786084 -0.00012424056683174676 0.9991192405964959 0.04185715129141405
1701508365.0 -90.87812559729294 58.322191849341095 0.026940885258524006 0.0013856334387802533 3.185835505753293e-05 0.999878706808163 0.015512919668912353
1701508366.0 -90.85652483772164 56.961726539539306 -0.12690172266221822 0.002617547341430852 6.471039097047016e-05 0.9998999546766202 0.013900535823256736
1701508367.0 -91.04108327256476 55.585197818962286 0.23862100652826257 0.0003273294942737955 6.793514332646112e-06 0.9998295602605601 0.018459231794017924
1701508368.0 -91.01948251299346 54.440072127329294 0.21177780351524333 0.003222221376757609 7.91882487940411e-05 0.9998177300430896 0.01881801557295734
1701508369.0 -90.99788175342215 53.2949464356963 0.1849346005022241 0.001623714291329635 5.3617507976653585e-05 0.999786390229503 0.020604237159453906
1701508370.0 -91.20404094783659 52.20218493407709 0.06930291307481795 0.0031505833227552975 0.00023377649719292764 0.9976532968278122 0.06839531052545142
1701508371.0 -91.41020014225104 51.109423432457874 -0.0463287743525882 -6.11722717671673e-05 -5.835746613205507e-06 0.9960257292421529 0.0890659469805081
1701508372.0 -91.38859938267973 49.96429774082488 -0.07317197736560921 0.00010187579561586187 9.306574029741965e-06 0.9958070978304084 0.09147793966464864
1701508373.0 -91.80091777150862 48.64013321026165 0.2035622674104811 0.002690102345860895 0.00025695773094808715 0.9956854995716965 0.09275280731468194
1701508374.0 -92.00707696592306 47.54737170864244 0.08793057998307496 0.0033415351226037207 0.0003625339393407045 0.9949709302387587 0.10010769546836226
1701508375.0 -92.21323616033752 46.66994982519202 0.0992982974633918 0.0021398388341227117 0.0003928330547989391 0.9850955138028886 0.17199446344978023
1701508376.0 -92.64715530873774 45.62955251358659 -0.10512187437839948 0.004207990901833604 0.0012695640372182072 0.9587179359827929 0.28432481468316995
1701508377.0 -93.2872336515524 44.57309179120593 0.20982329089102691 0.006003952227753717 0.0019787076586189746 0.9517151452175434 0.30691744759332074
1701508378.0 -93.94891275393837 43.80039828778308 0.043614039542566374 0.0026505157742020505 0.0011437083360203522 0.9215409838694985 0.3882703719654767
1701508379.0 -94.61059185632433 43.24304440252904 0.004404193101835929 -0.006150756553689874 -0.0032615253272312086 0.8971757478068662 0.4416188494545355
1701508380.0 -95.27227095871031 42.901030135443776 0.09219375156882492 -0.002261920787714595 -0.0013865921442168655 0.8626599327571772 0.5057774228768602
1701508381.0 -95.93395006109628 42.55901586835853 0.17998331003582102 -0.0021542156077928934 -0.0017175306139779163 0.8042522654336707 0.5942816697396223
1701508382.0 -96.38946996906782 42.66374424838609 0.0024063412070471912 0.0015659642376811302 0.0017047129476426969 0.7066744175412689 0.7075350940430312
1701508383.0 -97.27890902543953 42.589433789483415 0.1284068201673758 0.0025422944904056667 0.003093326819846897 0.660098406750876 0.7511684641096594
1701508384.0 -98.16834808181127 42.73046294874953 0.3814067040354274 0.0025520448455246428 0.0031689930055218392 0.6610359185461887 0.7503432274247791
1701508385.0 -99.07938789775433 42.93991970880466 0.02625276637787266 -0.00025209639841388266 -0.0002970447048524258 0.6727191013789642 0.7398978705549356
1701508386.0 -99.96882695412606 42.865609249901986 0.15225324533820128 -0.0034930344804420333 -0.0036031004416735317 0.7063591767885389 0.7078358070512847
1701508387.0 -100.85826601049779 42.791298790999306 0.278253724298537 -0.0017589621317716374 -0.0017909901646698334 0.7055486604564126 0.7086570299761449
1701508388.0 -101.08602596448355 42.84366298101309 0.189465239884143 -0.001059178649845264 -0.0010858050675135525 0.7048623785235191 0.7093424606705214
1701508389.0 -101.3137859184693 42.89602717102687 0.10067675546975607 -0.0012239459882866367 -0.0012493813884041204 0.7057898153783289 0.7084191397122106
1701508390.0 -101.74770506686953 42.71698833209663 0.4042542032588621 0.0017984404719356543 0.001873084863332028 0.7099554476054831 0.7042418047661341
1701508391.0 -101.9754650208553 42.769352522110424 0.31546571884447516 -0.0024714275450261327 -0.002569075184911929 0.7084420510837194 0.7057599819732462
1701508392.0 -102.20322497484105 42.8217167121242 0.22667723443008114 0.000574267079553013 0.0005878541124980014 0.7053203009765895 0.7088882829297978
1701508393.0 -102.43098492882682 42.874080902137976 0.13788875001569423 0.0003009052765709464 0.00030808345840078376 0.7056356763914157 0.7085747008920277
1701508394.0 -102.86490407722701 42.695042063207744 0.4414661978048038 0.0023857784976340896 0.0024002427346559462 0.7164004465560749 0.6976811213369841
1701508395.0 -103.32042398519854 42.79977044323531 0.26388922897602285 0.0010014973313890888 0.0009384140882748456 0.7316326932775167 0.6816976738331892
1701508396.0 -103.5481839391843 42.852134633249094 0.17510074456163593 0.002804079192781652 0.0024359480461781657 0.7430182093214369 0.669260893758004
1701508397.0 -104.20986304157027 42.72545998433263 0.3898897079363586 0.006239091149410089 0.004977462707946235 0.764039213212883 0.6451204378096069
1701508398.0 -104.43762299555604 42.777824174346414 0.30110122352196456 0.004535984567634069 0.0035366206151598136 0.7819233746593163 0.623348019424152
1701508399.0 -104.43762299555604 42.777824174346414 0.30110122352196456 0.007086551986492177 0.00550336795126393 0.7922781576529274 0.6100941030924811
1701508400.0 -104.43762299555604 42.777824174346414 0.30110122352196456 0.005915055624822801 0.00459860064613485 0.789382007412552 0.6138565885957259
1701508401.0 -104.43762299555604 42.777824174346414 0.30110122352196456 0.005362930529239092 0.004189153858923286 0.7874039743912578 0.6163997656382881
1701508402.0 -104.43762299555604 42.777824174346414 0.30110122352196456 0.005344315722745329 0.004173266182993158 0.7874155449405325 0.616385254305151
1701508403.0 -104.43762299555604 42.777824174346414 0.30110122352196456 0.000356208940278825 0.00027628936936129435 0.7832915664488511 0.6216543402160726
1701508404.0 -104.20986304157027 42.72545998433263 0.3898897079363586 0.0053376848475752475 0.004158517647599329 0.7815659438957209 0.6237859337896563
1701508405.0 -104.20986304157027 42.72545998433263 0.3898897079363586 0.007522966380602909 0.005711704587548396 0.7878044353759944 0.6158530287409907
1701508406.0 -104.20986304157027 42.72545998433263 0.3898897079363586 0.005866770875291757 0.004566862063355743 0.7831031960931272 0.62184733579804
1701508407.0 -104.43762299555604 42.777824174346414 0.30110122352196456 0.0040716170792656145 0.003496235699307559 0.7560616045032287 0.6544784553110196
1701508408.0 -104.66538294954181 42.8301883643602 0.21231273910757764 0.0035348695347170536 0.003372838230550106 0.7285321310902465 0.6849942062738539
1701508409.0 -105.32706205192778 42.48817409727494 0.30010229757457196 -0.003316501386627199 -0.002926139591126186 0.7533160721177811 0.6576437744057825
1701508410.0 -105.7825819598993 42.59290247730251 0.12252532874579103 -0.0032094161585990333 -0.002542454213804885 0.7909077841243659 0.6119216555948783
1701508411.0 -106.44426106228526 42.250888210217255 0.21031488721278535 -0.0031477827002514545 -0.002088548622609569 0.8391383216978144 0.5439049608956497
1701508412.0 -106.67202101627103 42.30325240023104 0.12152640279839133 -0.0024483782548957917 -0.0013560916291061726 0.8800635380309499 0.47484769714916064
1701508413.0 -107.333700118657 41.74589851497698 0.08231655635766444 -0.004003371505475475 -0.0017119133953301764 0.920474351503233 0.39077872331259117
1701508414.0 -107.76761926705723 41.13618043970914 0.1318951943313209 -0.006546583011722428 -0.0020098169199868126 0.9574087479134377 0.28865479782196984
1701508415.0 -108.20153841545742 40.526462364441315 0.18147383230497738 -0.00393652428691363 -0.0008440167885841595 0.9785636071348066 0.20590545938249166
1701508416.0 -108.40769760987187 39.864380099159696 0.3198409546930243 -0.002779846110389186 -0.00037701905509960243 0.9924541084563084 0.12258455416743416
1701508417.0 -108.61385680428631 39.20229783387808 0.4582080770810677 0.004651274621423897 0.0011925904628915878 0.9704293954605256 0.2413373816848578
1701508418.0 -109.04777595268654 38.377240140441444 0.3807873101469923 -0.0028435384153381 -0.0010700089790379713 0.9410407916721072 0.33827946697841244
1701508419.0 -109.70945505507251 37.60454663701859 0.21457805879853709 -0.0004057748195624453 -0.00013486490101346176 0.9509372189624562 0.3093836174560698
1701508420.0 -110.14337420347272 36.77948894358196 0.1371572918644688 -0.0019029191078261398 -0.00045516758834148645 0.9744486669182862 0.22460179710436554
1701508421.0 -110.57729335187292 35.95443125014533 0.059736524930393387 -0.003018627924010582 -0.0004359499043779232 0.9905858446047636 0.13685898692378298
1701508422.0 -110.98961174070182 34.845606337750894 0.4634701746142085 -0.0017370011235360162 -0.0002377697677297599 0.9917396886287493 0.12825488798165055
1701508423.0 -111.19577093511627 33.752844836131686 0.3478384871868023 0.00013730856854882184 1.3797018784731686e-05 0.9958651538700434 0.09084369137917135
1701508424.0 -111.19577093511627 33.32216559979409 0.09383967737135279 -0.004744372969718535 -0.0001496376796958509 0.9997882091966095 0.020025116357353403
1701508425.0 -111.17417017554497 32.39237952632989 0.19399587926606543 0.0035957905881097633 -0.00021632856508656349 -0.9975246599900851 0.07022518211911857
1701508426.0 -111.15256941597364 31.46259345286569 0.2941520811607674 0.0035096261997220376 -0.0005518181719438576 -0.9861860072104871 0.1656035543183789
1701508427.0 -110.69704950800212 30.927185836500534 0.2177302401740917 0.003236388283567097 -0.0008256416576270513 -0.9669605718806096 0.25490409281738824
1701508428.0 -110.21992884045929 29.892671383008768 0.4954634108975817 0.0011758517866530844 -0.000282450669163013 -0.970551996151342 0.2408886887357745
1701508429.0 -109.76440893248777 29.141924148474814 0.2920421650031777 0.003395294876746602 -0.0005662738376109128 -0.9841584994284531 0.1772574379521949
1701508430.0 -109.5150482189307 27.944434266828036 0.3539874464045525 0.0032605774970510394 -0.0005159318539345143 -0.9859856521088972 0.1667974708564259
1701508431.0 -109.03792755138785 26.69458019516748 0.5047212122203106 0.0038714096676363014 -0.0007248898019175497 -0.9815526096504937 0.19115167069703007
1701508432.0 -108.35464768943056 25.676129152450937 0.2630890458325723 0.0021445937564294765 -0.0004892753368760471 -0.9739559721380511 0.22672654380087123
1701508433.0 -108.1052869758735 24.693978888972964 0.45203373214167186 0.0013596905517538843 -0.00036469195023516296 -0.9652330642580239 0.26138697347888334
1701508434.0 -107.42200711391621 23.67552784625643 0.2104015657539371 0.002186181253381894 -0.0005308042545738622 -0.9717861145997354 0.23585310328575412
1701508435.0 -106.94488644637336 22.641013392764663 0.48813473647742 0.0015844051952274719 -0.00036139725221812633 -0.9732929574906277 0.22956083714638825
1701508436.0 -106.26160658441607 21.837901968216926 0.37350197499741 0.0028056862913728177 -0.0006194079680456437 -0.9747761852883152 0.22316615570682685
1701508437.0 -106.012245870859 20.640412086570144 0.4354472563987848 -0.0021229445502232228 0.000354858328102277 -0.986206833227299 0.16550362315606973
1701508438.0 -105.78448591687325 20.157368660218765 0.2702369309977186 0.0008437172513486345 -5.487477146782438e-05 -0.9976897152680035 0.06793023758540088
1701508439.0 -105.76288515730194 19.44292220492337 0.49739253780015247 0.0003719303766554249 -2.3938835909102554e-05 -0.998181002158366 0.06028721278054862
1701508440.0 -105.53512520331617 18.95987877857199 0.3321822123990863 0.0002866552760883355 -1.923650722807823e-05 -0.9982537313737867 0.05907118804477499
1701508441.0 -105.30736524933042 18.47683535222061 0.16697188699803078 0.007064376128205873 -0.000503415743839498 -0.9985531624145544 0.05330499971297749
1701508442.0 -105.51352444374486 18.030092705107794 0.4323384142938025 -0.004261062828387373 3.252441035111929e-05 -0.9939098259045811 0.11011403296610517
1701508443.0 -105.28576448975909 17.547049278756422 0.2671280888927363 -0.0016648167819892361 3.3274656998693425e-05 -0.9994198431929819 0.03401770583086102
1701508444.0 -105.49192368417354 16.669627395306005 0.27849580637305493 0.003364064768102147 3.9233667759433816e-05 0.9999908682388748 0.00263533068447315
1701508445.0 -105.47032292460224 15.524501703673007 0.2516526033600357 0.0018478327999955112 7.106803112040458e-05 0.9993966792072948 0.034682244055275965
1701508446.0 -105.44872216503092 14.379376012040012 0.22480940034701646 -0.0037434343444808405 -0.0005215443555880456 0.9880163068951816 0.1543032468874198
1701508447.0 -105.88264131343114 13.76965793677218 0.27438803832067293 0.0020210207811304356 0.0005285725981551666 0.9691761973577601 0.24635976652278843
1701508448.0 -106.31656046183133 12.944600243335547 0.19696727138660464 0.0019048600360406045 0.0007973253383349959 0.9246236277774139 0.38087646650361906
1701508449.0 -106.9782395642173 12.602585976250293 0.2847568298535954 0.004878665745033373 0.0030346376982828913 0.8560922152465794 0.5167911653548197
1701508450.0 -107.86767862058905 12.097596281010023 0.15675849899847805 0.002926704382731764 0.0023102311966801048 0.7882403303560941 0.61535622108937
1701508451.0 -108.75711767696077 12.023285822107347 0.28275897795880667 -0.0011051624844531133 -0.0009389085218258163 0.766186268278243 0.6426169149411886
1701508452.0 -109.87431668731827 11.785999935049656 0.1929715675970236 0.0006209853805584856 0.0005838471154215045 0.7350653984743414 0.6779956736332915
1701508453.0 -110.99151569767578 11.764053666160763 0.23018356214296176 -0.000588915938165428 -0.0005792551000153229 0.7193407865929825 0.6946568580136068
1701508454.0 -112.33647466201903 11.579131969116855 0.05160766736679534 -0.001672701784930617 -0.001433160042339471 0.7643970897853214 0.6447419927759964
1701508455.0 -113.65983286679098 11.11044305311514 0.3541861892084981 0.0002055046902842992 0.0001432412797837647 0.8249642285425098 0.5651848891071131
1701508456.0 -114.77703187714847 10.873157166057453 0.2643987788467186 0.0008601906489898382 0.000548989933235271 0.8495922649838422 0.5274390409912081
1701508457.0 -115.66647093352022 10.36816747081718 0.13640044799159057 0.002842519305753586 0.001899534572879499 0.8348739171600642 0.5504306080680953
1701508458.0 -116.76206918430638 9.631774746632889 0.4007680493399661 0.002664632810317328 0.0017888385693664622 0.8379691142248891 0.5457082218491066
1701508459.0 -117.8792681946639 9.394488859575198 0.3109806389781795 0.0021618388937823993 0.0014396749907166228 0.837003018490732 0.5471921059608973
1701508460.0 -118.76870725103564 8.889499164334925 0.1829823081230586 0.0021518167811040425 0.0014474578976857652 0.8348532705134644 0.5504664306414582
1701508461.0 -120.09206545580757 8.420810248333215 0.48556082996477556 -0.0006908394563323418 -0.0004622056909525882 0.830972691969981 0.5563125868672287
1701508462.0 -121.20926446616505 7.968184743106725 0.26877401469526774 0.002204356323597589 0.0014848223151534932 0.8323373299847076 0.5542630289220265
1701508463.0 -122.0987035225368 7.463195047866453 0.14077568384013972 0.0056636425988781615 0.0037834108765216 0.8327280066420328 0.5536403850051386
1701508464.0 -123.42206172730874 6.994506131864743 0.4433542056818496 -0.0012425887315183235 -0.0008236844467571946 0.8346176093299235 0.550827762293786
1701508465.0 -124.31150078368047 6.4895164366244735 0.31535587482672867 0.0027738937265635363 0.0018287918060739912 0.8351320033222347 0.550039542270476
1701508466.0 -125.42869979403798 6.036890931397984 0.09856905955721373 2.280946005283619e-05 1.3782270831028668e-05 0.8566885217751272 0.5158340585387173
1701508467.0 -126.52429804482416 5.300498207213693 0.3629366609055893 0.0015466650682838012 0.0007486994993849481 0.902939363830974 0.42976453148292976
1701508468.0 -127.18597714721014 4.527804703790839 0.19672740955712698 0.0010269705644964213 0.000420038302930244 0.9275756874941933 0.37363366131674813
1701508469.0 -128.2815753979963 3.5760723614377525 0.3340956059977813 0.002326039405024885 0.0008263012089006366 0.9412854857685796 0.3376026377983554
1701508470.0 -128.9432545003823 2.8033788580148986 0.1678863546493261 0.007913041513153984 0.002637918142227805 0.9484846803124758 0.31671317682475203
1701508471.0 -129.58333284319693 1.746918135634246 0.4828315199187543 0.008132501631226002 0.0027494364512025134 0.9493920199241273 0.3139762658558836
1701508472.0 -130.24501194558292 0.7588850140426011 0.18962286366256365 0.007030265591932408 0.0021476337455612745 0.9567457077863604 0.2908326213948124
1701508473.0 -130.67893109398312 -0.06617267939403604 0.11220209672849535 0.0044819022092807805 0.001202376674066073 0.9666825155420005 0.2559362830634029
1701508474.0 -131.11285024238333 -0.4605511364930699 0.2887801396098766 0.004139740077869106 0.0011430042523404556 0.964237213209037 0.2650059485299093
1701508475.0 -131.54676939078354 -1.2856088299297035 0.2113593726758083 0.004338408620072954 0.0011848125150037236 0.9638433462056951 0.26643156420544134
1701508476.0 -131.98068853918375 -2.110666523366337 0.13393860574174 0.005968687662067684 0.0014692412900023017 0.9708778910620687 0.2394960056963258
1701508477.0 -132.62076688199843 -3.1671272457469897 0.44888377101116106 0.006088949675709356 0.001323410517879541 0.9764397253543102 0.21570033849404832
1701508478.0 -132.82692607641286 -4.0445491291974065 0.4602514884914797 0.012955664409289552 0.0023438266649875176 0.9812922956727822 0.1920731310972964
1701508479.0 -133.26084522481307 -4.8696068226340365 0.3828307215574114 0.014708407104448288 0.0023388330400177767 0.9886929807192274 0.14921254135289816
1701508480.0 -133.46700441922752 -5.74702870608445 0.3941984390377371 -0.0038278496219293066 -0.0007284179184964667 0.9862369725265259 0.16529201733998108
1701508481.0 -133.67316361364198 -6.4091109713660686 0.532565561425784 0.0016135979516222437 0.00037144703737605636 0.9803527783439079 0.19724524917505482
1701508482.0 -134.10708276204218 -7.4495082829715 0.3281453895839803 0.00786586524316953 0.0015735490157365983 0.9822271237789784 0.18752474348828446
1701508483.0 -134.31324195645664 -8.326930166421917 0.33951310706429183 0.004356307051448747 0.0006946016874988845 0.9877151143526844 0.15620305053561784
1701508484.0 -134.74716110485684 -9.151987859858547 0.26209234013023064 -0.000408158471927546 -7.776178238122872e-05 0.9787389988242938 0.20510923806641645
1701508485.0 -135.18108025325705 -9.97704555329518 0.18467157319616234 0.009318303389472546 0.002398761092494915 0.9737247669786729 0.2275247092943801
1701508486.0 -135.3872394476715 -10.639127818576796 0.3230386955842093 -0.009320873087969625 -0.0028276598632673046 0.9678718433243437 0.2512552896249406
1701508487.0 -135.8211585960717 -11.46418551201343 0.24561792865014098 -0.0015814399286462153 -0.0004228645009308345 0.970110838768852 0.24265671376774334
1701508488.0 -136.46123693888637 -12.520646234394086 0.5605630939195549 -0.0014236579537243318 -0.00031963960698162217 0.9814534273489964 0.19169517723057306
1701508489.0 -136.89515608728658 -13.561043545999516 0.35614292207776543 -0.0016533174035090407 -0.0003863071822584183 0.9765070686667667 0.2154786814331352
1701508490.0 -137.3290752356868 -14.386101239436144 0.27872215514369714 0.007900916742431598 0.0013416158975290786 0.984755771718079 0.17375800887827675
1701508491.0 -137.53523443010124 -15.478862741055357 0.16309046771629454 0.00934343588718648 0.0006028418982046551 0.9992406064340048 0.03782257580956158
1701508492.0 -137.51363367052994 -16.19330919635076 0.3902460745187213 0.008696931905477984 0.00035415493491512375 0.9996387835910744 -0.025427156551034048
1701508493.0 -137.7197928649444 -16.855391461632372 0.5286131969067682 -0.006846822261628375 -4.1282526225978715e-05 -0.9980123544126386 0.06264550870104502
1701508494.0 -137.4920329109586 -17.33843488798375 0.3634028715057056 -0.0035009268099891236 0.0001112145274911935 -0.9949273629240545 0.10053493744856501
1701508495.0 -137.4704321513873 -18.052881343279154 0.5905584783081466 0.0005057926569731766 -3.4968346166160144e-05 -0.9909077168678628 0.13454233386827455
1701508496.0 -137.24267219740153 -18.535924769630526 0.42534815290708394 0.004051406735487095 -0.0004293040239481119 -0.9853147554324346 0.1706992516932641
1701508497.0 -137.22107143783023 -19.250371224925928 0.6525037597095036 0.005541010400671087 -0.0007217643436937955 -0.9814206780224974 0.1917869364942076
1701508498.0 -136.7655515298587 -19.785778841291087 0.576081918722835 0.007777261896689233 -0.001210276367754288 -0.9743377591899377 0.22495328502876957
1701508499.0 -136.7439507702874 -20.50022529658649 0.8032375255252688 0.009183870034420156 -0.0015173018304277931 -0.9704694931723669 0.24104422239107048
1701508500.0 -136.51619081630162 -20.98326872293787 0.6380272001242062 0.009671221084888893 -0.0012368905041912656 -0.9779112038137457 0.20879323513983516
1701508501.0 -136.0606709083301 -21.518676339303028 0.5616053591375376 0.006889451457432292 -0.0007424777577641042 -0.9821703226003471 0.18786548801875527
1701508502.0 -136.03907014875878 -22.233122794598422 0.7887609659399644 0.003715678412763667 -0.00036682143725845387 -0.9851483045766549 0.1716650143905518
1701508503.0 -136.01746938918748 -22.94756924989382 1.0159165727423982 0.0021270989953172084 -0.00019257314962720814 -0.9840792042169003 0.17771763613462316
1701508504.0 -135.56194948121595 -23.69831648442778 0.8124953268480013 -1.8049222753260705e-05 1.3548463305914586e-06 -0.9891485537035261 0.14691881560444323
1701508505.0 -135.54034872164465 -24.412762939723184 1.0396509336504351 -0.0011150357206207832 5.5170549487765024e-05 -0.9938399950673353 0.1108188515375924
1701508506.0 -135.31258876765887 -25.111145984243354 0.7474412033416513 -0.001902727437957975 6.235374881884422e-05 -0.9954054215093485 0.09573099064620083
1701508507.0 -135.29098800808757 -26.04093205770755 0.8475974052363568 -0.0045332722747234945 7.75009533816731e-05 -0.9962887830295007 0.08595408219323665
1701508508.0 -135.04162729453049 -27.02308232118553 1.0365420915454493 -0.005666510325043829 3.5261944056517964e-05 -0.9976603542457182 0.06813007400289109
1701508509.0 -135.0200265349592 -27.952868394649727 1.1366982934401548 -0.005866015013578694 3.645950176294246e-06 -0.9988876671870004 0.046786944720508435
1701508510.0 -134.99842577538786 -28.882654468113927 1.2368544953348604 -0.0052861471593045675 -5.889492600419182e-05 -0.9990098346231886 0.0441746930464414
1701508511.0 -134.99842577538786 -29.313333704451523 0.9828556855194108 0.006179785235258252 0.00030506757501299063 0.9997450311337415 -0.021716121007558167
1701508512.0 -134.97682501581656 -29.812440541578123 1.337010697229573 0.010277130171657314 0.001138655418453474 0.9990613581387991 0.042065267539040704
1701508513.0 -135.182984210231 -30.68986242502853 1.3483784147098916 0.021172049685476955 0.004480807748365559 0.9856118391689176 0.1676334368916347
1701508514.0 -135.61690335863122 -31.514920118465167 1.2709576477758233 0.008098708001392256 0.0010317124539466393 0.9974809108648391 0.07046402598753113
1701508515.0 -135.5953025990599 -32.229366573760565 1.49811325457825 9.587197092640936e-05 7.306650097309432e-06 0.9999751411761049 0.007050374813248729
1701508516.0 -135.5953025990599 -32.66004581009816 1.2441144447628005 0.00010009950100731003 3.154541410337315e-07 -0.9983825533696763 0.056853030763855346
1701508517.0 -135.5737018394886 -33.37449226539356 1.4712700515652344 0.004238756005255506 -0.0003506774816557372 -0.9902041583027923 0.13956229738969816
1701508518.0 -135.3243411259315 -34.35664252887154 1.660214737874334 0.002704891713132351 -0.0002741235951935674 -0.9848985377933062 0.17311117430623052
1701508519.0 -135.09658117194576 -35.05502557339172 1.368005007565543 0.0006501747284785812 -7.335680164214114e-05 -0.9844960228953549 0.1754056806230371
1701508520.0 -134.84722045838868 -35.821836218700895 1.6839490987823709 -0.006553332787036551 0.0007972705743262686 -0.983004451302902 0.18346298511605613
1701508521.0 -134.61946050440292 -36.304879645052274 1.5187387733813082 -0.010779458094157248 0.0013043432593912167 -0.9824762658289113 0.18607119351134463
1701508522.0 -134.37009979084584 -37.28702990853026 1.7076834596904078 -0.010204839816990274 0.0012837364841936263 -0.982660700274538 0.18512741936542862
1701508523.0 -134.1423398368601 -37.77007333488164 1.5424731342893452 -0.005201536099026809 0.0005786713847252365 -0.981253521802156 0.19265029227204605
1701508524.0 -133.892979123303 -38.752223598359606 1.7314178205984376 0.0016297308617018679 -0.0001459068544604318 -0.983549370602488 0.180632107544472
1701508525.0 -133.64361840974593 -39.73437386183759 1.92036250690753 -0.0009934710444579051 4.4109579184144595e-05 -0.9920404038696244 0.12591603615037042
1701508526.0 -133.62201765017463 -40.66415993530179 2.0205187088022356 -0.01571743722067661 0.0003001497136982045 -0.9944682807186792 0.10385427637703606
1701508527.0 -133.39425769618884 -41.14720336165316 1.855308383401173 -0.013640725793272487 4.921663199697961e-06 -0.994756762582991 0.10135538402579711
1701508528.0 -133.37265693661755 -42.07698943511736 1.9554645852958856 -0.010266148067616136 0.0002979202117544899 -0.9865529717228452 0.1631188261122068
1701508529.0 -133.12329622306046 -43.05913969859534 2.144409271604985 0.007576006742381983 -0.0008009345901071508 -0.9672364533945719 0.25376289297356297
1701508530.0 -132.64617555551763 -43.8783145339183 2.549141847236193 0.017044702555197244 -0.003045434794459828 -0.951141891314933 0.3082682371370263
1701508531.0 -132.1906556475461 -44.62906176845226 2.345720601341796 0.015646716547295852 -0.0035523867487621923 -0.9304860160211531 0.365975866415749
1701508532.0 -131.71353498000326 -45.44823660377523 2.7504531769730036 0.008229160980005673 -0.0018120276897316471 -0.9349947432349351 0.3545614581257451
1701508533.0 -131.25801507203175 -46.19898383830918 2.547031931078614 0.009019064175978269 -0.0018154698263718545 -0.9458431206326254 0.3244936851506295
1701508534.0 -130.7808944044889 -47.01815867363214 2.9517645067098073 0.008823018731512951 -0.0017918313533445778 -0.944911077750055 0.3272032989229997
1701508535.0 -130.09761454253163 -47.82127009817988 2.8371317452298044 0.00994082368002639 -0.0023308257645668117 -0.9368461653993997 0.3495926338644146
1701508536.0 -129.6204938749888 -48.64044493350284 3.241864320861012 0.018367326319560562 -0.005479402870698905 -0.9121045362476443 0.40950938014228794
1701508537.0 -128.9372140130315 -49.443556358050586 3.127231559381002 0.023760981320094885 -0.009448927158169862 -0.8802489452844708 0.47382267555261876
1701508538.0 -128.02617419708844 -50.08369235444331 3.2283866872231 0.02005594575080915 -0.008667983147231897 -0.8718366108466541 0.48930925711212503
1701508539.0 -127.1151343811454 -50.72382835083603 3.3295418150652054 0.018011277091438627 -0.008783606010853715 -0.8581202401231297 0.5130575948702093
1701508540.0 -126.20409456520235 -51.14862472905996 3.557696347815039 0.023487347958446196 -0.012783514234046455 -0.8294764674002397 0.557901170709406
1701508541.0 -125.29305474925931 -51.78876072545268 3.658851475657137 0.012444882628636038 -0.00690132753449194 -0.8292798371955521 0.5586523500313408
1701508542.0 -124.17585573890182 -52.19749369290138 3.367640671295746 0.008240731738943383 -0.004645960667802139 -0.8350895973431789 0.550032607941645
1701508543.0 -123.26481592295875 -52.622290071125306 3.5957952040455794 0.005548153539308694 -0.0031960225539941793 -0.8165592807485104 0.5772260774216754
1701508544.0 -122.3537761070157 -53.04708644934924 3.823949736795406 0.01236302003901128 -0.008943798253805884 -0.753895055808155 0.6568176375801196
1701508545.0 -121.00881714267246 -53.29284398864293 3.748526821756144 0.010397990109277982 -0.008143159100441786 -0.7287434632746311 0.6846594302980488
1701508546.0 -120.09777732672941 -53.50230074869806 4.103680759413692 0.005373851887843613 -0.004233556701367314 -0.7308962861829841 0.6824542604141799
1701508547.0 -118.9805783163719 -53.480354479809165 4.066468764867743 0.0006479565403793961 -0.0005147729525556693 -0.7332073346775331 0.6800046467019156
1701508548.0 -117.86337930601442 -53.673747829089066 3.90225736541408 -0.005433426773111767 0.004459058563363931 -0.7237889418456994 0.6899856247285971
1701508549.0 -116.72457953608561 -53.935568779157975 4.346199787486029 -0.007893702766804749 0.00651962517862186 -0.7239395968848603 0.6897873904373328
1701508550.0 -115.6073805257281 -53.913622510269086 4.308987792940087 -0.004768523680662527 0.004108696152275605 -0.7355966292036838 0.6773905659972047
1701508551.0 -114.26242156138485 -54.15938004956277 4.233564877900804 -0.010917242796121277 0.009252116757369986 -0.7306049993914179 0.6826503841715061
1701508552.0 -113.14522255102736 -54.137433780673874 4.196352883354862 -0.01000012903924834 0.008691167346491734 -0.7356295716121919 0.6772544532146073
1701508553.0 -111.8002635866841 -54.383191319967565 4.120929968315593 -0.007230216846549759 0.006337474309414725 -0.7374002414065648 0.6753876252621671
1701508554.0 -110.88922377074104 -54.59264808002269 4.476083905973148 -0.008913838930593273 0.007703221806226729 -0.7411734803712439 0.6712101577328081
1701508555.0 -109.54426480639779 -54.83840561931638 4.400660990933872 -0.009735429985727389 0.007594610578662827 -0.7768341543804481 0.6295841801388958
1701508556.0 -108.4270657960403 -54.81645935042749 4.36344899638793 -0.007943704121843044 0.006253332761703205 -0.7789824121144133 0.6269642693252994
1701508557.0 -107.08210683169703 -55.06221688972118 4.288026081348647 -0.008036509895228264 0.007006695408977776 -0.7423312308809114 0.6699482550070422
1701508558.0 -106.17106701575399 -55.271673649776304 4.643180019006202 -0.008675793297963955 0.0082521533481682 -0.7132824354935379 0.7007744286089328
1701508559.0 -105.05386800539648 -55.465066999056205 4.478968619552532 -0.012860930741164357 0.012181551202795137 -0.7118715062176362 0.702086294486795
1701508560.0 -103.70890904105323 -55.4954849201811 4.530545109420977 -0.008769441701290766 0.00836253462110948 -0.7119875587349581 0.7020875167054268
1701508561.0 -102.59171003069574 -55.4735386512922 4.493333114875043 -0.007614890210919246 0.007238503847596913 -0.7117467605732222 0.7023575772515367
1701508562.0 -101.24675106635249 -55.503956572417096 4.544909604743495 -0.008643422631820758 0.008307062628914225 -0.7139726683199301 0.7000709341543941
1701508563.0 -100.12955205599498 -55.482010303528206 4.507697610197553 -0.006581275991922256 0.006174933848235852 -0.7062660698411461 0.7078889712302554
1701508564.0 -99.0123530456375 -55.46006403463931 4.4704856156516115 -0.002940508673620432 0.002821376327064956 -0.712938263154062 0.7012149643121081
1701508565.0 -97.89515403527999 -55.43811776575042 4.43327362110567 -0.0031037106695768835 0.0029899746826298904 -0.7154274129840174 0.6986737749353936
1701508566.0 -96.77795502492249 -55.41617149686152 4.396061626559728 0.00030549422958999774 -0.0002921447329719124 -0.7111077502142173 0.7030829175211164
1701508567.0 -95.66075601456501 -55.394225227972626 4.358849632013786 -0.0025621905459203157 0.0025178136120534147 -0.706177140132496 0.708026088889746
1701508568.0 -94.74971619862194 -55.60368198802776 4.714003569671341 -0.0038547173231645846 0.004021632879951505 -0.6852342236148049 0.7283014667089124
1701508569.0 -93.86027714225021 -55.529371529125086 4.5880030907110125 -0.0025417181555987523 0.002792044328027398 -0.6605461927314323 0.7507759129229554
1701508570.0 -92.74307813189272 -55.29208564206739 4.677790501072799 -0.005333663370275237 0.005811849863072116 -0.6690750294693621 0.7431529986327136
1701508571.0 -91.62587912153523 -55.270139373178495 4.640578506526857 -0.0039069296953397024 0.004239601277448231 -0.6759060576628791 0.7369652385940524
1701508572.0 -90.50868011117772 -55.03285348612081 4.730365916888644 -0.0021970185554832655 0.0022114081124329555 -0.6981046639911254 0.7159889390887719
1701508573.0 -89.39148110082023 -55.01090721723192 4.693153922342702 -0.004673126485965491 0.004448334231790248 -0.7202758476062312 0.6936577524734614
1701508574.0 -88.27428209046273 -54.98896094834302 4.655941927796768 -0.005288375790024695 0.004940057175851008 -0.7225868087701726 0.6912423111383886
1701508575.0 -87.384843034091 -55.129990107609146 4.402942043928711 -0.0073788073667560355 0.006482798996516604 -0.7467893962025914 0.6649880632299983
1701508576.0 -86.47380321814795 -55.33944686766427 4.758095981586266 -0.006059233728831853 0.005153176881133029 -0.7589142600361118 0.6511419786563388
1701508577.0 -86.03988406974774 -55.16040802873403 4.454518533797156 -0.005825027741634257 0.004903852969113885 -0.7577162397168009 0.6525397469482592
1701508578.0 -85.35660420779045 -55.53284021694418 4.5938845821325955 -0.006093016166651771 0.005121895720601276 -0.7570776376254731 0.6532764284325994
1701508579.0 -84.23940519743296 -55.51089394805528 4.556672587586654 -0.0067203140330535024 0.005712612438608721 -0.7611525105606354 0.6485129598594505
1701508580.0 -83.55612533547567 -55.883326136265424 4.696038635922093 -0.005056999273147975 0.004370195447620547 -0.7650069445944233 0.6439873468263223
1701508581.0 -82.66668627910394 -55.80901567736275 4.570038156961765 -0.006508498222569556 0.005842689574073118 -0.7371176510819156 0.6757078295335247
1701508582.0 -82.2111663711324 -55.91374405739032 4.747615125790539 -0.004388375292872738 0.0040123607185124175 -0.7337230209777634 0.6794226752258258
1701508583.0 -81.7772472227322 -55.73470521846008 4.444037678001429 -0.004757856127821192 0.004300159840862156 -0.7390775799038021 0.6735897878634659
1701508584.0 -81.32172731476068 -55.839433598487645 4.62161464683021 -0.006787587614797139 0.005696967232623389 -0.759842512628744 0.6500467900241942
1701508585.0 -81.09396736077491 -56.10713740667022 4.583403726336876 -0.006191022960837248 0.0048760002748207375 -0.7793986435069029 0.6264787708738566
1701508586.0 -81.32172731476068 -56.05477321665644 4.494615241922482 -0.0060274235992347205 0.004745217321466209 -0.7793893875792823 0.6264928855191564
1701508587.0 -81.32172731476068 -56.05477321665644 4.494615241922482 -0.006034797526045491 0.004750884480594907 -0.7793729362549717 0.6265132373292487
1701508588.0 -81.32172731476068 -56.05477321665644 4.494615241922482 -0.006038781122687483 0.004754068828024431 -0.7793485122055975 0.6265435567261485
1701508589.0 -81.32172731476068 -56.05477321665644 4.494615241922482 -0.006036983681066086 0.004752391619154908 -0.7793524180268309 0.626538728346193
1701508590.0 -81.32172731476068 -56.05477321665644 4.494615241922482 -0.006040319975609488 0.004755105670580932 -0.7793338074355691 0.6265618246371486
1701508591.0 -81.32172731476068 -56.05477321665644 4.494615241922482 -0.00603739465631582 0.0047526780688401 -0.7793309186609677 0.6265654643658474
1701508592.0 -81.32172731476068 -56.05477321665644 4.494615241922482 -0.006037263200922443 0.0047525221030819695 -0.7793280797864987 0.6265689978310379
1701508593.0 -81.32172731476068 -56.05477321665644 4.494615241922482 -0.006036038962572049 0.004751490616577943 -0.7793271072713359 0.6265702270636985
1701508594.0 -81.32172731476068 -56.05477321665644 4.494615241922482 -0.006034948733442963 0.004750611851877306 -0.7793234828184286 0.6265747522910352
1701508595.0 -81.32172731476068 -56.05477321665644 4.494615241922482 -0.006040969449603237 0.004755573208817887 -0.7793043355016378 0.6265984710162602
1701508596.0 -81.32172731476068 -56.05477321665644 4.494615241922482 -0.0060307709581968565 0.004747108050581949 -0.7793277913244938 0.6265694601846566
1701508597.0 -81.32172731476068 -56.05477321665644 4.494615241922482 -0.006037795711818852 0.004752895815588884 -0.7793080569410453 0.6265938935156333
1701508598.0 -81.32172731476068 -56.05477321665644 4.494615241922482 -0.006035387349424401 0.0047508624339503425 -0.7793161405511388 0.6265838782494756
1701508599.0 -81.32172731476068 -56.05477321665644 4.494615241922482 -0.0060343832543519734 0.004750036857944782 -0.7793177767287406 0.6265818591717769
1701508600.0 -81.32172731476068 -56.05477321665644 4.494615241922482 -0.006038920681144951 0.004753810999836312 -0.7793038953273785 0.6265990515836731
1701508601.0 -81.32172731476068 -56.05477321665644 4.494615241922482 -0.006036329351484277 0.004751687843537043 -0.7793103803778337 0.6265910270870101
1701508602.0 -81.32172731476068 -56.05477321665644 4.494615241922482 -0.006034160458183667 0.004749916374968648 -0.779314948581471 0.6265853797523965
1701508603.0 -81.32172731476068 -56.05477321665644 4.494615241922482 -0.006036680852881531 0.004752049092012576 -0.7793041434855007 0.6265987778954231
1701508604.0 -81.32172731476068 -56.05477321665644 4.494615241922482 -0.006032906806168714 0.004749002806058351 -0.7793099459872671 0.626591620669427
1701508605.0 -81.32172731476068 -56.05477321665644 4.494615241922482 -0.0060333825321957895 0.004749448654673317 -0.7793055545933497 0.6265970743728768
1701508606.0 -81.32172731476068 -56.05477321665644 4.494615241922482 -0.0060343927052457415 0.004750348565082292 -0.7792958259924389 0.6266091571976521
1701508607.0 -81.32172731476068 -56.05477321665644 4.494615241922482 -0.006026217911475618 0.004743596162250234 -0.7793154945144442 0.6265848250658806
1701508608.0 -81.32172731476068 -56.05477321665644 4.494615241922482 -0.006024882990976369 0.004742544176058162 -0.7793113199989997 0.6265900378884903
1701508609.0 -81.32172731476068 -56.05477321665644 4.494615241922482 -0.006024515773015909 0.004742282692444335 -0.7793047275720039 0.6265982425354307
1701508610.0 -81.32172731476068 -56.05477321665644 4.494615241922482 -0.006028391823596099 0.004745441808559093 -0.7792897441944511 0.6266168158192132
1701508611.0 -81.32172731476068 -56.05477321665644 4.494615241922482 -0.006029702811234014 0.004746444398436342 -0.7792859807104733 0.6266214760265535
1701508612.0 -81.09396736077491 -56.10713740667022 4.583403726336876 -0.006537687680890777 0.00512136805888402 -0.7772737600851354 0.6291077269531092
1701508613.0 -80.6384474528034 -56.211865786697786 4.7609806951656495 -0.007245269103772971 0.005665238846238095 -0.7760863414673248 0.6305595941164418
1701508614.0 -79.74900839643166 -56.35289494596391 4.5079808112975925 -0.009137864357040169 0.007222986188472323 -0.7825531887312152 0.6224747663256084
1701508615.0 -78.63180938607417 -56.330948677075014 4.470768816751658 -0.00452263547115977 0.0031490601703394096 -0.8218533735385352 0.5696724160355384
1701508616.0 -77.94852952411688 -56.91872048345395 4.483135460179376 -0.008810563269224322 0.005309476354221686 -0.8492413030203653 0.5279047193196846
1701508617.0 -77.26524966215959 -57.2911526716641 4.622501508514816 -0.007483587758672629 0.004370414235779619 -0.8509675638894205 0.5251467419700621
1701508618.0 -76.35420984621655 -57.93128866805682 4.723656636356921 -0.008353448928834018 0.005256018143865191 -0.83266489808645 0.5536892284115219
1701508619.0 -75.23701083585905 -58.124682017336724 4.559445236903251 -0.006727176923332864 0.004486229774283594 -0.8303498402120439 0.5571837773059152
1701508620.0 -74.09821106593023 -58.81718220374323 4.749388849159743 -0.006837322856873389 0.004521278361454931 -0.8279638980465476 0.5607214928908071
1701508621.0 -72.98101205557273 -59.010575553023145 4.585177449706073 -0.008222048308523555 0.005394933487206627 -0.8280948595366616 0.5605017361464972
1701508622.0 -71.84221228564394 -59.70307573942965 4.775121061962572 -0.005627851301997912 0.0035561607044560517 -0.839177915033275 0.543816244637076
1701508623.0 -70.72501327528644 -60.11180870687835 4.483910257601174 -0.0075563497142196335 0.004200522346765999 -0.8656620147785354 0.5005542261939034
1701508624.0 -69.81397345934339 -60.75194470327108 4.585065385443279 -0.009250224001531837 0.0047711891609219645 -0.8812989494288922 0.47244452673879406
1701508625.0 -68.90293364340035 -61.39208069966379 4.6862205132853845 -0.006547434428688318 0.0030575934577858712 -0.9014193871439418 0.4328866718965708
1701508626.0 -67.99189382745729 -62.24755631422532 4.660376236219761 -0.004695851384780024 0.0019989990800600137 -0.9161436070629476 0.4008177194438156
1701508627.0 -67.08085401151425 -63.103031928786834 4.634531959154138 -0.004272624908922465 0.0017229367775077559 -0.9225490691900543 0.3858522918187902
1701508628.0 -66.16981419557119 -63.95850754334836 4.608687682088522 -0.0047522515672137585 0.0019369456544508163 -0.918862529176047 0.3945444421389962
1701508629.0 -65.25877437962815 -64.59864353974109 4.70984280993062 -0.0003616752656018327 0.0001567948161216934 -0.9204327545186268 0.3909007406179234
1701508630.0 -64.80325447165663 -65.13405115610624 4.633420968943952 -0.002645511830691289 0.001100540345400651 -0.9185284171483837 0.39534458004250717
1701508631.0 -64.11997460969934 -65.72182296248519 4.645787612371663 -0.008692518837404833 0.0032152947900211328 -0.9344740002691213 0.3559107259084794
1701508632.0 -63.66445470172782 -66.25723057885034 4.569365771384987 -0.0029106280529645847 0.000845322710514058 -0.956290930664604 0.2924012134080119
1701508633.0 -63.43669474774205 -66.74027400520173 4.404155445983932 0.0034045434600738014 -0.0005299535279201723 -0.9798423102361149 0.19974277284607772
1701508634.0 -63.415093988170746 -67.23938084232833 4.758310457694087 0.0037004919568012612 -0.00011857834131791576 -0.9940773950581666 0.10861134808492334
1701508635.0 -63.39349322859943 -68.16916691579252 4.8584666595887995 0.0002001834317459497 -2.575209840492014e-06 -0.9994559304981177 0.032981857317375005
1701508636.0 -63.37189246902811 -69.31429260742551 4.831623456575784 0.002034669307103085 -5.631712423345544e-05 -0.9994967145781911 0.031657139741204626
1701508637.0 -62.91637256105659 -70.06503984195948 4.62820221068138 0.00023837326519450687 -2.4214622655099463e-05 -0.9940688280252505 0.10875250682326118
1701508638.0 -62.89477180148528 -70.99482591542368 4.728358412576085 0.0034028941844756137 -0.00043070722365315926 -0.9897221746056598 0.14296241427837003
1701508639.0 -62.6454110879282 -72.19231579707045 4.790303693977457 0.004277400901513089 -0.0005548444313954279 -0.99001087259219 0.1409250443974925
1701508640.0 -62.18989117995668 -72.9430630316044 4.58688244808306 0.003924104496144899 -0.0004988832864589325 -0.9901026754440077 0.1402891464012375
1701508641.0 -62.16829042038537 -73.6575094868998 4.8140380548854935 0.002440628942721952 -0.0002983537295140592 -0.9910228647171949 0.13366987664818225
1701508642.0 -62.16829042038537 -73.6575094868998 4.8140380548854935 0.002606636588825826 -0.0003182874796737716 -0.9910006820956816 0.133831058520315
1701508643.0 -62.16829042038537 -73.6575094868998 4.8140380548854935 0.002594332446989661 -0.00031674775305612764 -0.9909980199971565 0.1338510122178041
1701508644.0 -62.16829042038537 -73.6575094868998 4.8140380548854935 0.00257695503717488 -0.0003146777449408336 -0.9909972294426928 0.13385720569905885
1701508645.0 -62.16829042038537 -73.6575094868998 4.8140380548854935 0.002580685710901452 -0.00031506376803116425 -0.9910001442368174 0.13383555177414885
1701508646.0 -62.16829042038537 -73.6575094868998 4.8140380548854935 0.002561620127991642 -0.0003127963151386863 -0.9909970687364561 0.13385869421347518
1701508647.0 -62.16829042038537 -73.6575094868998 4.8140380548854935 0.002560237206803439 -0.00031257123522453206 -0.991000878081462 0.1338305164244658
1701508648.0 -62.16829042038537 -73.6575094868998 4.8140380548854935 0.002542313959121175 -0.00031043605683904273 -0.9909982811967315 0.13385009127494737
1701508649.0 -62.16829042038537 -73.6575094868998 4.8140380548854935 0.002536113659985481 -0.00030964815167588733 -0.991000875649212 0.1338310005492781
1701508650.0 -62.16829042038537 -73.6575094868998 4.8140380548854935 0.0025214672762112113 -0.0003079042458587828 -0.9909984460343984 0.1338492710296103
1701508651.0 -62.16829042038537 -73.6575094868998 4.8140380548854935 0.002523109939817435 -0.00030806331138651924 -0.9910008665422192 0.13383131743279847
1701508652.0 -62.16829042038537 -73.6575094868998 4.8140380548854935 0.0025222632560194785 -0.0003079858607942082 -0.9909981078175505 0.13385175992422205
1701508653.0 -62.16829042038537 -73.6575094868998 4.8140380548854935 0.0025400858233534567 -0.0003101214943039745 -0.9909992081632716 0.1338432710614825
1701508654.0 -61.94053046639961 -73.92521329508239 4.775827134392152 0.0017767246595083532 -0.00021259925660677413 -0.990355657003998 0.13853689288857238
1701508655.0 -61.918929706828294 -74.85499936854659 4.875983336286865 0.004239288285930093 -0.0005031021257177262 -0.989950519158711 0.1413497256469865
1701508656.0 -61.66956899327122 -76.05248925019336 4.937928617688236 0.0052722389787781924 -0.0006135982364852085 -0.9917429478576997 0.12813177735392103
1701508657.0 -61.21404908529969 -77.23391572106492 4.480508561978382 0.002900788268102554 -0.00026144013105588987 -0.9949864962734769 0.09996694108510012
1701508658.0 -60.96468837174262 -78.2160659845429 4.669453248287482 0.003114468523604904 -9.590773444754529e-05 -0.9992391906409351 0.03887583793014422
1701508659.0 -60.94308761217131 -79.57653129434468 4.515610640366738 0.0028502320325654858 -7.970037908008438e-05 -0.9994010822940184 0.03448690381514165
1701508660.0 -60.9214868526 -80.72165698597767 4.488767437353715 0.0024378520674766648 -7.140735670834364e-05 -0.9993450235019763 0.03610506585122087
1701508661.0 -60.672126139042916 -81.91914686762445 4.550712718755086 0.0032826796158754866 -0.00010611193499909735 -0.9992675043904649 0.03812699075522653
1701508662.0 -60.85668457388606 -83.29567558820148 4.916235447945567 0.002980912258574768 -9.082441474838888e-05 -0.9991929039250572 0.040058041125894776
1701508663.0 -60.607323860328975 -84.70850508801705 4.851181324439217 0.003674968154119363 -0.0001249553154410875 -0.9992806902102231 0.03774362420615434
1701508664.0 -60.58572310075766 -85.85363077965005 4.8243381214261944 0.002851750121866002 -9.542252013385314e-05 -0.9992432307131872 0.03879206477692324
1701508665.0 -60.56412234118635 -86.99875647128303 4.797494918413172 0.0028521400920894905 -9.720938926153045e-05 -0.9992418005163606 0.03882885458073017
1701508666.0 -60.31476162762928 -88.19624635292982 4.859440199814543 0.003210996725828399 -0.000104427773994906 -0.9991400600585495 0.04133786376997322
1701508667.0 -60.29316086805797 -89.3413720445628 4.832596996801527 0.0034684069005163 -0.00011439976505741647 -0.9991318359632732 0.041515436056065315
1701508668.0 -60.27156010848665 -90.4864977361958 4.8057537937885115 0.00261262886644845 -9.053100670867915e-05 -0.9991506713675694 0.04112300913452538
1701508669.0 -60.02219939492957 -91.68398761784258 4.867699075189883 0.002476125898558126 -8.39149506868227e-05 -0.9991104533220698 0.04209707616193344
1701508670.0 -60.00059863535826 -92.82911330947556 4.840855872176867 0.0030505409379548475 -0.00010047706224953066 -0.9990148618850501 0.044271772464406514
1701508671.0 -59.978997875786945 -93.97423900110857 4.814012669163844 0.002538288281593716 -6.208049482372868e-05 -0.9994241301625356 0.033837276596539706
1701508672.0 -59.72963716222987 -95.17172888275533 4.8759579505652155 0.0032814257737800606 -0.00014760550796682229 -0.9985127836335509 0.05441903506938191
1701508673.0 -59.4802764486728 -96.36921876440212 4.937903231966587 0.00294508460390205 -0.00022668605563186446 -0.9965984020401459 0.08235836412372294
1701508674.0 -59.45867568910148 -97.5143444560351 4.911060028953571 0.0023000174745520393 -0.00017410667530564703 -0.9965114735640997 0.08342399332079939
1701508675.0 -59.20931497554441 -98.71183433768189 4.973005310354942 0.002532541309109619 -0.00018917948397535376 -0.9970647765081581 0.07652046714688401
1701508676.0 -58.959954261987335 -100.12466383749745 4.907951186848592 0.001788440429031268 -0.00010378037208096487 -0.9979509301521972 0.06395882831033241
1701508677.0 -58.93835350241602 -101.26978952913046 4.8811079838355695 0.00015645691359041656 -3.671987540609993e-06 -0.9998025712423917 0.01986942487474238
1701508678.0 -58.91675274284471 -102.41491522076345 4.854264780822554 0.0013903276084228297 4.3230633553972696e-05 0.999599391538803 0.028268738130812845
1701508679.0 -58.895151983273394 -103.56004091239645 4.827421577809531 0.0011897717857851462 7.284514709539135e-05 0.9985421943890451 0.05396355401002359
1701508680.0 -59.10131117768785 -104.65280241401567 4.7117898903821285 -0.0004886360715081088 -1.4459951775337082e-05 0.9997559915877127 0.022084345364280025
1701508681.0 -59.05810965854522 -106.08169532460647 5.166101103986996 -0.002469799823418983 0.00010301805491149483 -0.9986381165474549 0.05211335389959413
1701508682.0 -59.036508898973906 -107.22682101623946 5.139257900973973 -0.0028284972815246535 0.00023077766015483953 -0.9956850594336735 0.09275348384487898
1701508683.0 -58.58098899100238 -108.408247487111 4.681837845264127 -0.001770831345896565 0.00016334521052776673 -0.9956624014224777 0.09302268469739686
1701508684.0 -58.331628277445304 -109.60573736875779 4.743783126665498 -0.00016176844958377086 1.4308332669122702e-05 -0.9958874606434398 0.09059878232847055
1701508685.0 -58.08226756388823 -110.80322725040455 4.805728408066869 0.001587573546439093 -4.4579253462122894e-05 -0.999695164083403 0.024638517227767415
1701508686.0 -58.06066680431692 -111.94835294203756 4.778885205053854 -0.0007286585233983871 -1.4354307091293787e-05 0.9998204956734548 0.01893265121417041
1701508687.0 -58.24522523916006 -113.32488166261457 5.1444079342443345 -0.0006669992598672156 -8.224603015871131e-06 0.9999578348435513 0.009158797920045862
1701508688.0 -58.223624479588736 -114.68534697241637 4.990565326323583 0.002676258464868457 -1.4326563608741727e-05 -0.999980322496039 0.005673804375969044
1701508689.0 -58.20202372001742 -115.83047266404935 4.963722123310568 0.0017019909623033414 -5.263018395713288e-06 -0.9999718661387877 0.007305486292869715
1701508690.0 -58.18042296044611 -116.97559835568235 4.936878920297559 0.004014951784174884 -2.648060720401173e-05 -0.9999176723882647 0.012187202574145826
1701508691.0 -58.1588222008748 -118.12072404731535 4.910035717284529 0.004378819096220651 -9.202819244927952e-05 -0.9995804425468431 0.02863138753172073
1701508692.0 -57.90946148731773 -119.53355354713092 4.844981593778172 0.003183549885927557 -0.00020963698732120466 -0.9975791557805438 0.0694668914997273
1701508693.0 -57.66010077376065 -120.7310434287777 4.9069268751795505 0.0031908918799653505 -0.0002889096558250995 -0.9954195535331637 0.09554918724959534
1701508694.0 -57.63850001418934 -121.8761691204107 4.880083672166528 0.0005109366144465919 -1.6406879792235885e-05 -0.9994472072460702 0.03324182008586678
1701508695.0 -57.61689925461802 -123.02129481204369 4.853240469153519 0.000951798416103775 -1.6393037753948067e-06 -0.9999953460422025 0.0028986153631611208
1701508696.0 -57.36753854106095 -124.21878469369045 4.915185750554883 0.0016170983728560006 -1.7020460572820612e-06 -0.9999762185839272 0.006704271514906259
1701508697.0 -57.34593778148963 -125.57925000349225 4.761343142634132 0.0018693980254945247 -1.7306898560461348e-06 -0.9999725784797017 0.007165726528682412
1701508698.0 -57.324337021918325 -126.72437569512525 4.734499939621124 0.005135077082628271 1.4980093672635197e-06 -0.9999343767017115 0.010240765170196108
1701508699.0 -57.30273626234701 -127.86950138675824 4.707656736608101 0.005802367070782939 -1.9111309566554424e-06 -0.9999563844885986 0.007318582732578723
1701508700.0 -57.48729469719015 -129.24603010733526 5.073179465798582 -0.004301025026278577 -9.780109659767605e-05 0.9998595994507979 0.016194845005701824
1701508701.0 -57.46569393761884 -130.39115579896827 5.046336262785573 -0.004989379810420724 -7.057916383469757e-05 0.9999856308049017 0.001959410985981445
1701508702.0 -57.44409317804752 -131.75162110877005 4.892493654864822 0.004401984550122642 -0.00010495593078462783 -0.9995306865993886 0.030315310693245934
1701508703.0 -57.4224924184762 -132.89674680040304 4.865650451851792 0.003889096414001098 -0.00012297103441453037 -0.9992575781592175 0.0383295225457216
1701508704.0 -57.17313170491913 -134.09423668204983 4.92759573325317 0.00207404735374884 -6.281926807026077e-05 -0.9992236393698606 0.03934225344035096
1701508705.0 -57.151530945347815 -135.2393623736828 4.900752530240155 0.002993094025093216 -0.0001081023419615794 -0.9991827546809163 0.040309458571111276
1701508706.0 -56.90217023179074 -136.6521918734984 4.835698406733812 0.0008347281318119407 -8.554335571708748e-05 -0.9942981123502141 0.10663282650329241
1701508707.0 -56.65280951823367 -137.84968175514518 4.897643688135176 0.0015834797400483935 -0.00040134136776658763 -0.967524013805003 0.252773840077797
1701508708.0 -55.74176970229061 -138.70515736970668 4.871799411069546 0.0020993050651787045 -0.0009312790375761809 -0.9075900734170061 0.4198511453747756
1701508709.0 -54.83072988634757 -139.5606329842682 4.84595513400393 0.0034437645749249572 -0.0018831954396129659 -0.8750872719925559 0.483949233346965
1701508710.0 -53.69193011641876 -140.25313317067472 5.035898746260415 0.004754415252346167 -0.0029947222053000352 -0.8508075897484353 0.5254473069690048
1701508711.0 -52.574731106061265 -140.44652651995463 4.871687346806766 0.0036368459991667442 -0.0024054762526317663 -0.8134004191820658 0.581687841638121
1701508712.0 -51.22977214171801 -140.90762367741712 4.6692650268597475 0.0023334780695410144 -0.0019089716784293752 -0.7748466375254189 0.6321420718657967
1701508713.0 -50.0909723717892 -141.16944462748603 5.113207448931689 0.006083125649534732 -0.005456109613661655 -0.7438089908934167 0.6683422861949803
1701508714.0 -48.973773361431704 -141.36283797676592 4.948996049478026 0.006695796627904883 -0.006105979472517804 -0.7343738100815655 0.6786847503727217
1701508715.0 -47.62881439708844 -141.3932558978908 5.000572539346479 0.006439030249986709 -0.005904226481887034 -0.7333737442181091 0.6797695420439207
1701508716.0 -46.511615386730945 -141.3713096290019 4.963360544800537 0.005505777801932828 -0.005210206925942115 -0.7261488372679004 0.6874957500152716
1701508717.0 -45.16665642238769 -141.4017275501268 5.014937034668989 0.005796430856197961 -0.005530582912472494 -0.7210201938888511 0.6928677319997383
1701508718.0 -44.04945741203019 -141.3797812812379 4.97772504012304 0.005943640634811628 -0.005744417908853788 -0.7203794191077426 0.6935309418655263
1701508719.0 -42.70449844768693 -141.6255388205316 4.9023021250837715 0.007829434103439028 -0.007545589751296094 -0.7210026779253206 0.6928469545732604
1701508720.0 -41.587299437329435 -141.6035925516427 4.865090130537823 0.005571173098915022 -0.005884014971947697 -0.6916232827796681 0.7222129707469861
1701508721.0 -40.24234047298618 -141.4186708545988 5.043666025314003 0.00634864728127204 -0.006738090616329438 -0.689476337946049 0.7242490401961537
1701508722.0 -39.125141462628676 -141.3967245857099 5.0064540307680545 0.007398267439537051 -0.007858938903900431 -0.6901211060382045 0.7236134062597259
1701508723.0 -37.57402330387097 -141.19573947789078 4.6656645884330175 0.006801356593575346 -0.0071839953127192085 -0.6890014623166264 0.7246924290244686
1701508724.0 -36.456824293513485 -141.17379320900187 4.628452593887069 0.006404010835414862 -0.006768539374203801 -0.6891000190622403 0.7246063339830668
1701508725.0 -35.11186532917022 -140.98887151195797 4.807028488663249 0.005233744526258859 -0.005455519572248582 -0.6841980954157804 0.7292570270171206
1701508726.0 -33.994666318812726 -140.96692524306906 4.7698164941173005 0.004738718528032451 -0.004990080204824596 -0.6898755128303005 0.7238953104167697
1701508727.0 -32.87746730845523 -140.94497897418017 4.732604499571366 0.004167213098153631 -0.00428139602069071 -0.7001602288954913 0.713960753722585
1701508728.0 -31.532508344111967 -140.97539689530507 4.784180989439818 0.003228443856619842 -0.0030424414059183 -0.7267281500857018 0.6869108505283418
1701508729.0 -30.41530933375447 -140.95345062641618 4.746968994893869 0.0027048620658861587 -0.0025909797028921757 -0.7189860196590343 0.6950144416343031
1701508730.0 -29.070350369411216 -140.98386854754108 4.798545484762315 0.002279114790414892 -0.002326374696464796 -0.6969207346224955 0.7171407694935389
1701508731.0 -27.95315135905372 -140.9619222786522 4.76133349021638 0.002411966834507058 -0.0024419362436690958 -0.6959858559915475 0.7180472878739144
1701508732.0 -26.608192394710457 -140.99234019977706 4.812909980084825 0.0015488922327879966 -0.0015933846833296043 -0.6939466443516307 0.7200229974460632
1701508733.0 -25.490993384352965 -140.97039393088818 4.7756979855388835 0.001539195672962295 -0.001615139336378732 -0.6869880354069825 0.7266653021916339
1701508734.0 -24.146034420009705 -141.00081185201307 4.827274475407329 0.002248835190510035 -0.0023691877503405137 -0.689085963638671 0.7246722461953773
1701508735.0 -23.028835409652213 -140.76352596495536 4.917061885769115 0.0031691584880296298 -0.003325204577201436 -0.688289523333472 0.7254215543519364
1701508736.0 -21.68387644530895 -140.79394388608026 4.9686383756375605 0.0027096366195708127 -0.002832423214247302 -0.6867546864448197 0.7268786940708902
1701508737.0 -20.56667743495146 -140.77199761719137 4.931426381091626 0.003332569173970927 -0.0034948543537826884 -0.6877922460550215 0.7258915251208925
1701508738.0 -19.449478424593956 -140.75005134830246 4.894214386545684 0.004095255110815876 -0.004291929016843009 -0.6871193968678146 0.7265202974995965
1701508739.0 -17.898360265836253 -140.33372662231454 4.680424349118361 0.004663345671207584 -0.004854165040398011 -0.6852707802913768 0.7282572677067899
1701508740.0 -16.781161255478757 -140.31178035342566 4.6432123545724195 0.004358167268054411 -0.0048451115415322965 -0.6621324745272553 0.749358470592431
1701508741.0 -15.66396224512126 -140.07449446636795 4.732999764934206 0.004507717553048732 -0.005002116234389867 -0.6631867766962866 0.748423649099111
1701508742.0 -14.319003280778002 -140.10491238749285 4.7845762548026585 0.004115952432901684 -0.004538296979285376 -0.6722093595681976 0.7403357614657091
1701508743.0 -13.201804270420507 -139.86762650043516 4.874363665164438 0.004606122752274092 -0.004917201696765314 -0.6773884660284051 0.7355946375908056
1701508744.0 -12.084605260063011 -139.84568023154628 4.837151670618496 0.0043179642127868356 -0.004798287964702863 -0.6629062667518639 0.7486745709043224
1701508745.0 -10.739646295719751 -139.87609815267115 4.888728160486949 0.0025106655318646778 -0.0026604188586624943 -0.6819756767914225 0.731365705372466
1701508746.0 -9.622447285362252 -139.63881226561347 4.978515570848728 0.002213840333747257 -0.002314061908123035 -0.6887199777450504 0.7250203695644138
1701508747.0 -8.505248275004757 -139.61686599672456 4.941303576302786 0.0029650539024347567 -0.0029598448279037843 -0.7065380539883472 0.7076626498836218
1701508748.0 -7.160289310661497 -139.64728391784945 4.992880066171239 0.002753096162473553 -0.002603905267147022 -0.7228304165465553 0.6910150715100309
1701508749.0 -6.043090300304005 -139.62533764896057 4.955668071625297 0.0032671655197331175 -0.0031882856269616782 -0.7134843371314863 0.7006563074234551
1701508750.0 -4.6981313359607455 -139.65575557008546 5.007244561493742 0.0032284637162915096 -0.003173066229999724 -0.7085350942733485 0.7056610580553456
1701508751.0 -3.58093232560325 -139.63380930119655 4.9700325669478005 0.004438160693879438 -0.004928032608765645 -0.6662442678917992 0.7457040919329749
1701508752.0 -2.463733315245751 -139.61186303230767 4.932820572401859 0.0035181891656184227 -0.004098107628619434 -0.6442687950325464 0.7647800648592835
1701508753.0 -1.3465343048882588 -139.37457714525 5.022607982763645 0.0018484326453067012 -0.002222415491427682 -0.6366525781326845 0.7711453422819496
1701508754.0 -0.02317610011630933 -138.90588822924826 4.720029460921943 0.0015866809038241622 -0.001959884849448886 -0.6287121333940945 0.7776340364323907
1701508755.0 1.0940229102411863 -138.66860234219058 4.809816871283722 0.0013436213668007477 -0.0016505562021328537 -0.6312693328372355 0.7755607647148467
1701508756.0 2.211221920598682 -138.64665607330167 4.77260487673778 0.004144234309354366 -0.0038747363311232813 -0.7309613523675452 0.6823952762771462
1701508757.0 3.3284209309561774 -138.6247098044128 4.735392882191839 0.0038469426068312856 -0.003762649365419723 -0.7085541886787254 0.7056358871317175
1701508758.0 4.4456199413136765 -138.6027635355239 4.698180887645897 0.0018267894435897792 -0.001845588069243402 -0.6934366274913626 0.7205129424919532
1701508759.0 5.790578905656933 -138.6331814566488 4.749757377514349 0.0032988484448536865 -0.0038809308912542326 -0.6387217585471132 0.7694209323464227
1701508760.0 6.907777916014432 -138.1805559514223 4.966544192783864 0.005785216425338738 -0.008235046014658387 -0.5732934879886454 0.8192882837669908
1701508761.0 8.23113612078637 -137.71186703542057 4.663965670942147 0.005874542412817435 -0.010541657153315424 -0.4842939060407935 0.8748221395161722
1701508762.0 9.12057517715811 -136.99153772201151 4.918963406704989 0.004423633279455791 -0.01288756074800799 -0.3216198050552252 0.9467708504399649
1701508763.0 9.760653519972767 -135.71973738146207 4.73101764634329 0.002436899646755185 -0.009486444503109615 -0.25127258916082157 0.9678668063464198
1701508764.0 10.194572668372981 -134.67934006985664 4.935437818185093 0.0025293817591931127 -0.008794147865558469 -0.27333763505835507 0.9618746292796897
1701508765.0 11.062410965173399 -133.67524353748976 4.709281137330052 0.0015625037047332692 -0.006981987686364474 -0.2199393682578491 0.9754873062836126
1701508766.0 11.26857015958785 -132.58248203587056 4.824912824757455 0.0009563986087114564 -0.006506335503892367 -0.143471304416502 0.9896326276497959
1701508767.0 11.680888548416746 -131.04297788713853 4.675177984889089 0.00068253433990619 -0.005894631547029333 -0.12175876603617554 0.992541984179585
1701508768.0 11.887047742831196 -129.9502163855193 4.790809672316506 0.0007058371589725563 -0.00597557108283171 -0.10470259128521128 0.9944853753184614
1701508769.0 12.093206937245643 -128.8574548839001 4.9064413597439085 0.0003566187769382561 -0.0057860379243221466 -0.05263867321124274 0.9985967978472323
1701508770.0 12.071606177674333 -127.7123291922671 4.933284562756924 8.470174881995483e-05 -0.0033386194456997463 -0.026341756207612466 0.9996474170054707
1701508771.0 12.48392456650323 -126.38816466170387 4.656550317980837 7.276626233879517e-05 -0.0021208005931973393 -0.0285806403282303 0.9995892375912934
1701508772.0 12.462323806931916 -125.02769935190207 4.810392925901574 3.398736106272916e-05 -0.0004947339100164825 -0.06450906317965723 0.9979169979767357
1701508773.0 12.668483001346367 -123.93493785028286 4.926024613328991 0.00018500569105821344 -0.0030355627245548943 -0.060780534505005236 0.9981465211867071
1701508774.0 12.646882241775046 -122.78981215864985 4.952867816342007 9.826202811161921e-05 -0.002487257069335933 -0.050871621883341524 0.9987020987180327
1701508775.0 12.625281482203736 -121.86002608518567 4.852711614447294 0.00017648399187494607 -0.004370224014473698 -0.037427249992271726 0.9992897832728402
1701508776.0 12.831440676618186 -120.76726458356646 4.968343301874704 0.00015326695147484327 -0.00549663583475011 -0.022712554284398223 0.9997269144029384
1701508777.0 12.809839917046872 -119.62213889193346 4.9951865048877195 0.00010294840916484695 -0.004200526369094811 -0.02080736382823632 0.9997746739092599
1701508778.0 12.788239157475562 -118.47701320030046 5.022029707900735 0.00013125466862697285 -0.005700858428196186 -0.021723838264553694 0.9997477471024624
1701508779.0 12.972797592318692 -117.10048447972345 4.6565069787102615 0.00012760478258950432 -0.004689746843019881 -0.020932240357668934 0.9997698891770929
1701508780.0 12.951196832747378 -115.95535878809045 4.683350181723277 9.415135243003603e-05 -0.004577865679990735 -0.018408316084256915 0.9998200679023606
1701508781.0 12.929596073176068 -114.81023309645745 4.710193384736293 6.0180078537660475e-05 -0.0036291931525023065 -0.013505600698557583 0.9999022072608856
1701508782.0 12.907995313604754 -113.44976778665567 4.864035992657037 -0.00011730538822325896 -0.003828744053229484 0.033036449623981876 0.999446806966065
1701508783.0 12.886394554033444 -112.30464209502267 4.890879195670053 -8.095312682373533e-05 -0.0013503753060922418 0.06269155663328398 0.9980320328827225
1701508784.0 12.637033840476366 -111.1071522133759 4.8289339142686885 -3.699045874993354e-05 -0.0008979883689136069 0.043452003289688214 0.9990551114221418
1701508785.0 12.615433080905053 -109.9620265217429 4.855777117281704 2.4564991630184244e-05 0.0012481580436906929 0.021590759295250336 0.9997661129539817
1701508786.0 12.593832321333743 -108.8169008301099 4.882620320294727 2.950688380911142e-06 9.590462183013458e-05 0.02865128094337169 0.9995894631767088
1701508787.0 12.344471607776661 -107.61941094846313 4.820675038893349 -1.0955166440162325e-05 -0.0004070025631059547 0.02607544574910764 0.9996598948431829
1701508788.0 12.322870848205351 -106.25894563866133 4.974517646814093 1.7281601332888557e-06 6.882830091407535e-05 0.02415255514690273 0.9997082821201165
1701508789.0 12.301270088634038 -105.11381994702835 5.001360849827108 5.796873825888112e-06 -0.0001674997295539463 -0.032073348576948865 0.9994855037574574
1701508790.0 12.485828523477174 -103.73729122645133 4.635838120636638 -4.8476315977482326e-05 0.0012890884129454258 -0.03777578046614469 0.9992854078346607
1701508791.0 12.691987717891624 -102.64452972483211 4.751469808064044 8.593827425841345e-06 -0.00023409229958766453 -0.03776481547850622 0.999286627469224
1701508792.0 12.67038695832031 -101.28406441503033 4.905312415984785 -3.873241175099889e-06 0.0002926243507898403 -0.012686509275523249 0.9999194801774737
1701508793.0 12.648786198748997 -100.13893872339733 4.9321556189978 -7.537204676044637e-09 2.2099999646197623e-05 -0.0017752490223572755 0.9999984240000074
1701508794.0 12.627185439177683 -98.99381303176433 4.958998822010816 -1.9520490480194602e-05 -0.001151184231825603 0.0170446162611411 0.9998540670769536
1701508795.0 12.377824725620606 -97.79632315011756 4.897053540609452 -5.1907434674552926e-05 -0.00295999059308573 0.01816047597495078 0.9998307021059467
1701508796.0 12.356223966049296 -96.65119745848456 4.923896743622468 -8.046686341380582e-05 -0.004013582507230197 0.014405338648356523 0.9998881791975379
1701508797.0 12.334623206477982 -95.29073214868278 5.077739351543212 -8.750762090152499e-05 -0.004478179821809881 0.014990391576217156 0.999877605713965
1701508798.0 12.313022446906668 -94.14560645704977 5.104582554556227 -8.901500968816826e-05 -0.004868867057178965 0.015870798208236777 0.9998621924916159
1701508799.0 12.06366173334959 -92.948116575403 5.042637273154856 -2.517461847449357e-05 -0.0057684631686911614 0.007915839259542694 0.9999520306933364
1701508800.0 12.24822016819273 -91.57158785482598 4.677114543964382 0.00017388331282122254 -0.0058621880502860374 -0.029990037096391947 0.9995329920471929
1701508801.0 12.454379362607177 -90.26348673503797 4.91974563629951 0.0002307357303441221 -0.006496757943595776 -0.0327292598392549 0.9994431121617776
1701508802.0 12.432778603035867 -89.11836104340497 4.946588839312529 0.0003111857216148867 -0.006481038000719557 -0.04324874434076902 0.999043265040522
1701508803.0 12.41117784346455 -87.97323535177199 4.973432042325548 0.00020851199166480855 -0.0069453147614699316 -0.02698162287989438 0.9996117802188911
1701508804.0 12.38957708389324 -86.82810966013898 5.000275245338564 8.780967267778543e-05 -0.006248542456120192 -0.011807794828054562 0.9999107580119009
1701508805.0 12.574135518736373 -85.23624132139318 4.7617519210558115 4.4196882557205745e-05 -0.005745898035301268 -0.008844088570885589 0.9999443808531322
1701508806.0 12.552534759165061 -84.09111562976018 4.788595124068831 -6.716718902539662e-05 -0.0053425527827492695 0.008852810965783716 0.9999465387491155
1701508807.0 12.53093399959375 -82.94598993812718 4.81543832708185 -6.145365495773296e-05 -0.004319049570893678 0.010360371386170396 0.9999370003850208
1701508808.0 12.509333240022434 -81.58552462832539 4.96928093500259 -0.00012014340251201495 -0.005732559678933781 0.01566090697999629 0.9998609199872022
1701508809.0 12.466131720879806 -80.1566317177346 4.514969721397726 -0.0001230346212816199 -0.006161032407230248 0.016296721008012494 0.9998482101932002
1701508810.0 12.444530961308494 -79.0115060261016 4.541812924410742 -3.890780590463584e-05 -0.005753586681918383 0.0038089815389645153 0.9999761929096673
1701508811.0 12.422930201737179 -77.8663803344686 4.568656127423758 -1.022313433348151e-06 -0.004431285244857929 0.0005724979212696634 0.999990017928261
1701508812.0 12.401329442165869 -76.50591502466682 4.722498735344505 -6.664803556683273e-05 -0.003262663430372172 0.01946262016519187 0.9998052595389189
1701508813.0 12.585887877009005 -75.12938630408979 4.356976006154024 -0.00010459661800328062 -0.004252801011745239 0.022896693840912936 0.9997287852984216
1701508814.0 12.33652716345193 -73.93189642244302 4.295030724752657 -0.00026789759160267013 -0.005616634586940915 0.04220744183602878 0.9990930454669652
1701508815.0 12.087166449894854 -72.73440654079624 4.2330854433512854 -0.0007765601916649786 -0.004815618929304004 0.15874226815454578 0.9873080061813266
1701508816.0 11.403886587937569 -71.71595549807971 4.47471760973902 -0.0008494479551586691 -0.0026949426177239294 0.29393740380417 0.9558204948458278
1701508817.0 10.49284677199452 -70.64514026534938 4.627561291712368 -0.0014461972517195757 -0.002929074580893594 0.43959395977781335 0.8981906699373307
1701508818.0 9.581806956051471 -70.00500426895667 4.526406163870266 0.0010136600993029424 0.0015253519854892148 0.5520852949940914 0.8337856276320733
1701508819.0 8.236847991708213 -69.75924672966298 4.601829078909542 0.00820325193020372 0.012036505656404267 0.6171486887777833 0.7867117166594226
1701508820.0 7.325808175765168 -69.11911073327025 4.500673951067441 0.011546098450391246 0.016768917012973807 0.6352447796302013 0.7720424606104012
1701508821.0 6.208609165407671 -68.92571738399035 4.664885350521104 0.013698156501534718 0.018034751272658644 0.6699123025928579 0.7420947480542682
1701508822.0 5.091410155050173 -68.94766365287924 4.702097345067045 0.012167862669977776 0.015265782945882043 0.6799019824743084 0.7330431046102261
1701508823.0 3.9742111446926796 -68.75427030359934 4.866308744520712 0.008765296880662105 0.01089087821170796 0.6771082881888941 0.7357505857342398
1701508824.0 2.8570121343351804 -68.56087695431944 5.030520143974375 0.0050025120854393324 0.005921885133854989 0.682059730911109 0.7312553792067188
1701508825.0 1.5120531699919226 -68.53045903319455 4.9789436541059295 0.003377043484638266 0.003617252331392331 0.7068738382993345 0.7073223365558593
1701508826.0 0.39485415963442705 -68.55240530208343 5.016155648651871 0.0022860037481709974 0.002367312661430711 0.7096068398854903 0.70459016655454
1701508827.0 -0.7223448507230703 -68.57435157097233 5.053367643197809 0.0016098554716645313 0.0016691664231279885 0.710283813233795 0.7039115902632032
1701508828.0 -2.067303815066328 -68.54393364984745 5.001791153329361 0.0027014872723274126 0.0027825035580377818 0.7080312132137503 0.7061704898645453
1701508829.0 -3.1845028254238237 -68.56587991873633 5.039003147875306 0.0031107290488923286 0.0031996920402436227 0.7075366945313326 0.7066625157932941
1701508830.0 -4.5294617897670815 -68.32012237944264 5.114426062914578 0.001657778612231367 0.001697417850916208 0.7073915108907057 0.7068179545416746
1701508831.0 -5.646660800124579 -68.34206864833155 5.15163805746052 0.000845372268623884 0.000860385630048612 0.7065650168555305 0.7076471027554899
1701508832.0 -6.991619764467837 -68.31165072720665 5.100061567592075 0.000544154114072421 0.0005503587148551273 0.7048227871731083 0.7093829992910151
1701508833.0 -8.108818774825332 -68.33359699609554 5.137273562138013 0.00022688217771456157 0.0002303201163509188 0.7059868120191732 0.7082249054729197
1701508834.0 -9.453777739168592 -68.30317907497066 5.085697072269564 0.0007826112571451717 0.0007929299358707053 0.7062637494046797 0.7079479324488356
1701508835.0 -10.570976749526086 -68.32512534385955 5.1229090668155095 0.0006861558298156263 0.000693882597014364 0.7061341477937948 0.708077406105187
1701508836.0 -11.688175759883585 -68.56241123091723 5.033121656453719 0.0010176185486302763 0.0009459093337463275 0.7372015924575216 0.6756714303462268
1701508837.0 -13.03313472422684 -68.53199330979234 4.981545166585278 0.001156979238949136 0.001078870880577903 0.7381656546775737 0.6746176425880759
1701508838.0 -14.150333734584338 -68.55393957868124 5.018757161131212 0.0012240627120433192 0.0011465164804149105 0.7357424007139686 0.6772594089136624
1701508839.0 -15.495292698927598 -68.73886127572516 4.840181266355039 0.0013854357066424364 0.0013367716070227145 0.7254547035981264 0.688267220370786
1701508840.0 -16.61249170928509 -68.76080754461404 4.8773932609009805 0.0015318158426253202 0.0015596684953362704 0.706591665917489 0.707618144644664
1701508841.0 -17.72969071964259 -68.78275381350294 4.914605255446922 0.0010214595932635472 0.001094635299812387 0.6858419136482415 0.7277490143429792
1701508842.0 -19.074649683985847 -68.75233589237804 4.863028765578477 -0.0002891305129074555 -0.00027124921087906854 0.7337076513714792 0.6794651758157736
1701508843.0 -20.191848694343346 -68.77428216126694 4.900240760124419 -0.0009271441893791015 -0.0008228068109009459 0.7532444153982099 0.6577395488063744
1701508844.0 -21.515206899115288 -69.24297107726865 5.202819281966125 -0.001881572401307151 -0.0016561900432931352 0.7527329794883995 0.6583211817269409
1701508845.0 -22.860165863458548 -69.21255315614377 5.151242792097676 -0.0013801093133820983 -0.001282992335396842 0.7354698065503364 0.6775548781329532
1701508846.0 -23.977364873816043 -69.23449942503265 5.188454786643618 0.0009481149553836168 0.0009798331480213116 0.693912540951826 0.720058002187889
1701508847.0 -25.322323838159303 -69.20408150390777 5.136878296775173 0.002275410443073789 0.002340818255923259 0.6960430851203517 0.7179925951800277
1701508848.0 -26.4395228485168 -69.22602777279666 5.174090291321114 0.0017216036333840843 0.0017639597467117873 0.6990606726660671 0.7150581098474496
1701508849.0 -27.556721858874297 -69.24797404168555 5.211302285867049 0.0024693135587152168 0.0025341676245132783 0.7033377877737613 0.7108469854859844
1701508850.0 -28.901680823217553 -69.21755612056066 5.159725795998604 0.0025927211036071316 0.002663911636524381 0.7032876402278887 0.7108956860712826
1701508851.0 -30.01887983357505 -69.23950238944956 5.1969377905445455 0.002036114497936005 0.002086219863639835 0.7021146852434836 0.7120579124550726
1701508852.0 -31.363838797918305 -69.20908446832468 5.1453613006761 0.0027610738854349595 0.0028204265517087898 0.7046228604643302 0.7095710296905665
1701508853.0 -32.4810378082758 -69.23103073721356 5.182573295222042 0.0029751760138235685 0.0028359828081224265 0.7288824684644575 0.6846265059829031
1701508854.0 -33.598236818633296 -69.25297700610245 5.219785289767984 0.0033471931385220506 0.002530337774428909 0.805902607540112 0.592033259917793
1701508855.0 -34.7154358289908 -69.70560251132895 5.002998474498469 0.0006121015721255674 0.0004959439305217693 0.7824533233765353 0.6227087409923666
1701508856.0 -36.060394793334055 -69.67518459020405 4.9514219846300165 8.019763752640719e-05 7.775106890686147e-05 0.723086943979328 0.6907570187625649
1701508857.0 -37.17759380369155 -69.69713085909294 4.988633979175958 -0.0008490087277565631 -0.0008744465706867796 0.7009929916559787 0.7131671193882793
1701508858.0 -38.522552768034814 -69.66671293796806 4.937057489307513 -1.7002153878738786e-05 -1.750105070826969e-05 0.7010709535824 0.7130915210880748
1701508859.0 -39.63975177839231 -69.68865920685695 4.974269483853455 -0.00022841771240264587 -0.0002353918887222905 0.7015967995057711 0.7125740827024697
1701508860.0 -40.756950788749805 -69.71060547574584 5.011481478399396 0.0002178157022338401 0.000224360431576897 0.7012014931547944 0.7129630903603661
1701508861.0 -42.101909753093054 -69.68018755462096 4.959904988530944 0.0004948082835399415 0.0005101559392565478 0.7012518591215587 0.7129132661020117
1701508862.0 -43.44686871743632 -69.64976963349606 4.908328498662499 0.0015722516337500273 0.001555019525222397 0.71083552575821 0.7033547933007392
1701508863.0 -44.56406772779381 -69.67171590238496 4.945540493208441 0.002242318396427222 0.0022332265583835907 0.713542175193278 0.7006051305320231
1701508864.0 -45.68126673815131 -69.69366217127384 4.982752487754382 0.0022302707367726077 0.0021981444439385127 0.7171137130373492 0.6969491492406248
1701508865.0 -47.02622570249457 -69.66324425014896 4.93117599788593 0.0025603229252578437 0.0024832234682130158 0.7153079718701879 0.6988002459406292
1701508866.0 -48.14342471285207 -69.90053013720666 4.8413885875241505 0.002306772629176295 0.002155689036013548 0.7251848000609145 0.6885470481858367
1701508867.0 -49.69454287160977 -70.10151524502578 5.182178029859195 0.0024111131116161346 0.0022661227623203555 0.7247833106451531 0.688968942573931
1701508868.0 -50.811741881967265 -70.12346151391468 5.219390024405136 0.005827275782447119 0.005360326811091021 0.7171931550086756 0.6968294541436487
1701508869.0 -52.15670084631053 -70.3083832109586 5.040814129628963 0.0059700534624106925 0.005331970759411327 0.7222083145635316 0.69162929299212
1701508870.0 -53.273899856668024 -70.33032947984748 5.0780261241749045 0.005819491352658803 0.004926069479119687 0.7433209633687806 0.6688914805679552
1701508871.0 -54.39109886702552 -70.56761536690517 4.988238713813118 0.01098786584355673 0.008102388196202601 0.7591521566188978 0.6507700217516159
1701508872.0 -55.508297877383015 -70.80490125396287 4.898451303451331 0.013100160008579938 0.008663515845041202 0.8213999056964734 0.5701364084346633
1701508873.0 -56.39773693375476 -71.30989094920314 4.77045297259621 0.010268241755444935 0.005836397514827398 0.865464523199338 0.5008309682504102
1701508874.0 -57.287175990126485 -71.8148806444434 4.6424546417410895 0.012105797375704804 0.005556877803845795 0.9054877178071643 0.4241633690918449
1701508875.0 -58.15501428692691 -72.81897717681028 4.868611322596131 0.0055867362945466225 0.0018758886656396318 0.9496449477164749 0.3132726331741459
1701508876.0 -59.02285258372733 -74.03841332734595 4.9677685985434366 0.00024344571420683903 4.0551409736007965e-05 0.9872276439117088 0.1593157813473096
1701508877.0 -59.001251824156014 -75.18353901897893 4.940925395530421 -0.0018526588490128154 -2.6537706152226923e-05 0.9999982083335628 -0.00038766042312750847
1701508878.0 -58.9796510645847 -76.32866471061193 4.914082192517405 -0.0018918042872644893 -5.978724810780319e-05 0.9997830439094236 0.020743254644131504
1701508879.0 -58.95805030501339 -77.47379040224493 4.887238989504382 -0.0024845015452173436 -8.477500934301977e-05 0.9996755357817594 0.025350408768340684
1701508880.0 -59.16420949942784 -78.78189152203294 4.6446078971692515 -0.0024361223763265183 -3.9792103142947316e-05 0.9999656986490219 0.007916138561807652
1701508881.0 -58.91484878587076 -79.97938140367971 4.70655317857063 0.001811282625703991 -1.5507231737106408e-05 -0.9998931994647853 0.014502023267486312
1701508882.0 -59.0994072207139 -81.35591012425672 5.072075907761096 0.0016804199846061924 -9.899027266045885e-06 -0.9998792279427866 0.015450100945353292
1701508883.0 -59.077806461142586 -82.50103581588974 5.045232704748081 0.001748972284378571 -2.105697854482111e-05 -0.999831420745918 0.01827760218822879
1701508884.0 -59.05620570157127 -83.64616150752272 5.018389501735065 0.0019237821813865264 -8.362340029934048e-05 -0.9989662839519191 0.04541646834067274
1701508885.0 -58.828445747585505 -84.55988417021169 4.599180366518553 0.0007572180344967852 -7.003494228799882e-05 -0.9945429362727121 0.10432530673814137
1701508886.0 -58.57908503402844 -85.75737405185848 4.661125647919924 0.0003694232694338166 -1.430200625602492e-05 -0.999049415222668 0.0435904721831019
1701508887.0 -58.55748427445712 -86.90249974349146 4.634282444906908 0.0011964835587382 -1.2579631148745376e-05 -0.999854273073081 0.017029412389964763
1701508888.0 -58.74204270930026 -88.27902846406849 4.999805174097382 -0.0014591166688090378 -8.42918799513734e-05 0.9986450239237559 0.05201903560954219
1701508889.0 -58.720441949728944 -89.42415415570147 4.972961971084366 -0.0020290942862939924 -7.94402695186202e-05 0.9995061161286699 0.03135921374975854
1701508890.0 -58.69884119015763 -90.56927984733447 4.946118768071351 -0.0023170998990346605 -9.256434027234336e-05 0.9994823434673993 0.032088433692165554
1701508891.0 -58.90500038457208 -91.6620413489537 4.830487080643941 -0.0019363352392350482 -4.8745127747825646e-05 0.9998428699053805 0.01762054849107035
1701508892.0 -58.88339962500076 -93.02250665875547 4.676644472723204 -0.0008045457342911335 -1.8127598163832174e-05 0.9999532285516417 0.009638105970575557
1701508893.0 -58.86179886542945 -94.16763235038846 4.649801269710181 -0.001274976870822533 -2.3831947991097063e-05 0.9998985363840657 0.014187699003731171
1701508894.0 -59.04635730027259 -95.54416107096549 5.015323998900655 -0.0011061339961329355 -2.4251551595946272e-05 0.9999364770378012 0.011216851994915941
1701508895.0 -59.024756540701276 -96.68928676259847 4.988480795887639 -0.002422167724118509 -3.997470123522175e-05 0.9999527112849987 0.009418423398815259
1701508896.0 -59.00315578112996 -97.83441245423148 4.961637592874624 -0.003325269743363952 -3.8593610884858853e-05 0.9999555047497571 0.008827775049552438
1701508897.0 -58.98155502155865 -99.19487776403327 4.80779498495388 0.0031572931462803123 -3.1299054300191674e-06 -0.9999909450229841 0.002853307244448585
1701508898.0 -58.959954261987335 -100.34000345566625 4.780951781940864 0.0021312921499222356 -5.175352800766801e-06 -0.9999863410932548 0.004772336315914991
1701508899.0 -58.93835350241602 -101.48512914729925 4.754108578927841 0.00032264840472308564 -1.0073932032864912e-06 -0.9999398893637664 0.010959633030838826
1701508900.0 -58.91675274284471 -102.63025483893225 4.7272653759148255 -0.0013525253167637609 8.08265641085939e-06 -0.9999634104639119 0.00844679485487131
1701508901.0 -58.895151983273394 -103.77538053056524 4.70042217290181 0.0015221310164638298 8.313230408878657e-05 0.9987144765266833 0.050666266708944224
1701508902.0 -59.079710418116534 -105.15190925114226 5.065944902092291 -0.001453494415953978 -0.0001360679482367393 0.9963052764238882 0.08587004721913216
1701508903.0 -59.28586961253098 -106.24467075276146 4.950313214664881 0.0022002762511941385 0.00013058944625272923 0.998583604516698 0.053159444327924396
1701508904.0 -59.26426885295966 -107.60513606256328 4.796470606744137 -0.0021622402230189394 -5.9125476895790514e-06 -0.9999600820917536 0.008669423585970148
1701508905.0 -59.24266809338836 -108.75026175419626 4.769627403731121 -0.0004349897531626636 2.9829339969694092e-06 -0.9999013171066153 0.01404161043016854
1701508906.0 -59.22106733381704 -109.89538744582924 4.7427842007180985 -0.004169772400284805 0.00020861677460944794 -0.9988750577390935 0.047235458120927484
1701508907.0 -58.971706620259965 -111.30821694564483 4.6777300772117485 -0.005851721233276717 0.0006016149231205019 -0.9949094158309928 0.10060143989488898
1701508908.0 -58.722345906702884 -112.50570682729162 4.73967535861312 -0.004160270271212614 0.00027934009153540533 -0.9976204191358853 0.06881942635276947
1701508909.0 -58.47298519314582 -113.70319670893838 4.801620640014491 -0.001844467666354619 0.00012048922685875055 -0.9972685145695516 0.07383829135085798
1701508910.0 -58.4513844335745 -114.84832240057139 4.774777437001468 -0.0007127457585386225 4.476127174769781e-05 -0.9977933204000787 0.06639261822596045
1701508911.0 -58.20202372001742 -116.04581228221815 4.836722718402839 0.0002786918860724947 -7.763356130793682e-06 -0.9993698025919865 0.03549535093243697
1701508912.0 -58.18042296044611 -117.19093797385115 4.809879515389831 -0.0029417555835251153 -0.00012106390335045686 0.9995410909078246 0.030148615298448873
1701508913.0 -58.36498139528925 -118.56746669442816 5.175402244580297 -0.0014676856958182399 -2.782422369816098e-05 0.9998931777461977 0.014542290779707768
1701508914.0 -58.343380635717935 -119.92793200422994 5.0215596366595605 -0.001649310712757224 -3.580163232197838e-05 0.999884185878293 0.01512922082987731
1701508915.0 -58.54953983013239 -121.02069350584917 4.905927949232151 0.0006786051619828693 1.1341798832085314e-05 0.9998823282127427 0.015325439447632436
1701508916.0 -58.527939070561075 -122.16581919748216 4.879084746219135 0.002877446433322504 1.6878752772919245e-05 0.999986898739367 0.0042334816350180285
1701508917.0 -58.278578357003994 -123.36330907912892 4.941030027620506 -0.0012920870881548332 5.682536101274674e-06 -0.9999279258499001 0.011936229898169042
1701508918.0 -58.25697759743268 -124.72377438893074 4.787187419699755 -0.0013647805808570264 5.6499191086387255e-05 -0.9988561115960372 0.047797515720509755
1701508919.0 -58.23537683786137 -125.86890008056372 4.760344216686747 -9.058555362592894e-05 3.417568922143391e-06 -0.9986609095090274 0.05173373755278025
1701508920.0 -57.9860161243043 -127.06638996221051 4.822289498088111 0.0016165112780935763 -2.4653695019305545e-05 -0.9996947746188628 0.024652462011414255
1701508921.0 -57.96441536473298 -128.2115156538435 4.795446295075102 -0.0008449936089737836 -3.2686270276222607e-06 0.999996791258129 -0.0023881893900166624
1701508922.0 -58.14897379957612 -129.80338399258932 5.033969619357862 0.0009875362245749858 5.187692092854713e-06 0.9999936625329953 -0.003420473525516394
1701508923.0 -58.1273730400048 -130.9485096842223 5.007126416344832 0.0012984978588194205 2.1430173295876377e-06 -0.9999857712335829 0.0051740921034032486
1701508924.0 -58.105772280433484 -132.09363537585529 4.980283213331802 -0.0015265433087903412 4.805170385491677e-05 -0.9993624182435414 0.03567105772164758
1701508925.0 -58.084171520862185 -133.2387610674883 4.9534400103188005 -0.006289596655846505 0.00032052645557035863 -0.9982338625744747 0.05907193789222407
1701508926.0 -57.834810807305104 -134.65159056730386 4.8883858868124435 -0.007412552602457376 0.0004990317134809218 -0.9969061834453583 0.07824874720833866
1701508927.0 -57.58545009374802 -135.84908044895064 4.950331168213822 -0.0028844510355705067 0.000350313297678982 -0.9924099701133869 0.1229390436043942
1701508928.0 -57.33608938019095 -137.04657033059743 5.012276449615186 -0.001209400712521344 0.00023119038535183856 -0.9811138398659133 0.19342729157098165
1701508929.0 -56.65280951823367 -138.06502137331398 4.7706442832274405 -0.00014270542748299458 4.125847962558793e-05 -0.9575423738710879 0.28829252535267136
1701508930.0 -55.74176970229061 -138.92049698787548 4.7448000061618245 0.0011502135038709833 -0.0004887565086815996 -0.9143605604011863 0.40489900433169657
1701508931.0 -54.6029699323618 -139.82833679245078 4.807744213510588 0.007648721555725654 -0.004256522341343046 -0.8722835055537019 0.4889221461695773
1701508932.0 -53.69193011641876 -140.4684727888435 4.908899341352694 0.002222249090021635 -0.0016101236402652872 -0.8146126933909678 0.5799988179963457
1701508933.0 -52.346971152075504 -140.4988907099684 4.960475831221146 0.004139665321816611 -0.0034871489079721036 -0.7444191194405646 0.6676907050235548
1701508934.0 -51.22977214171801 -140.69228405924832 4.796264431767469 0.0004552189947500491 -0.00040627408254658375 -0.7470080455842294 0.6648147167064418
1701508935.0 -49.88481317737475 -140.7227019803732 4.847840921635935 0.0005392393042301577 -0.0005234243555066758 -0.7179575262670062 0.696086507357008
1701508936.0 -48.76761416701725 -140.7007557114843 4.810628927089979 -0.002734381933869001 0.0027496907112502097 -0.701072197797379 0.7130797541874155
1701508937.0 -47.422655202673994 -140.7311736326092 4.862205416958432 -0.0006282106524025866 0.0006371955807757371 -0.6998484887088782 0.7142907616545711
1701508938.0 -46.3054561923165 -140.7092273637203 4.824993422412504 0.0004669704269380312 -0.00047605408848727063 -0.7011429224056717 0.7130204468818265
1701508939.0 -44.96049722797324 -140.7396452848452 4.876569912280935 0.0006167130788005858 -0.0006273250947263061 -0.6998273690384105 0.7143114724495052
1701508940.0 -43.84329821761574 -140.7176990159563 4.839357917735001 0.008633555143555892 -0.008916577327663008 -0.7045325079917278 0.7095631765792452
1701508941.0 -42.49833925327248 -140.7481169370812 4.890934407603446 0.0073420026342473675 -0.006741346986624248 -0.732350686210143 0.6808546993637169
1701508942.0 -41.38114024291499 -140.72617066819228 4.853722413057511 0.003918401444560389 -0.0035440351893144375 -0.7439201971532489 0.6682475785307175
1701508943.0 -40.036181278571725 -140.97192820748597 4.778299498018221 0.004732882123141585 -0.004383819190165937 -0.7359147634480827 0.6770434571689389
1701508944.0 -38.918982268214236 -140.9499819385971 4.741087503472286 0.008701138004093646 -0.008347076647474659 -0.7213764422503275 0.6924381886314005
1701508945.0 -37.57402330387097 -140.98039985972198 4.792663993340739 0.005960005463288073 -0.006673711227507488 -0.6666541720338631 0.7453134607822228
1701508946.0 -36.456824293513485 -140.74311397266428 4.882451403702518 0.002941555999497716 -0.003466403031609769 -0.6456826703905041 0.7635923129888827
1701508947.0 -35.33962528315598 -140.5058280856066 4.972238814064312 0.002820878776881527 -0.0031831855262251687 -0.6557230550543302 0.7549895264459288
1701508948.0 -33.994666318812726 -140.53624600673146 5.02381530393275 0.0009249217783357008 -0.0009937105551628038 -0.6837820313836237 0.7296850626235415
1701508949.0 -32.87746730845523 -140.51429973784258 4.986603309386815 0.001853740958941611 -0.0018291385119434463 -0.7147816369738156 0.6993428553590818
1701508950.0 -31.532508344111967 -140.54471765896747 5.038179799255268 0.0012055426630454863 -0.0011978289836926765 -0.7094290209775199 0.7047748406884932
1701508951.0 -30.41530933375447 -140.5227713900786 5.000967804709319 0.00045870139443663857 -0.0004582037541799344 -0.7051814968268842 0.7090265412347732
1701508952.0 -29.070350369411216 -140.55318931120348 5.052544294577764 0.00037766227743727066 -0.00037611189854971157 -0.7059484259133776 0.7082630414340907
1701508953.0 -27.95315135905372 -140.5312430423146 5.0153323000318295 0.00031300832497413287 -0.00031079735568185807 -0.7050608685833439 0.709146654101458
1701508954.0 -26.629793154281774 -140.27789374448167 4.585754373282391 0.0016393847452312721 -0.0016528735368068577 -0.7026693999905597 0.7115126806625695
1701508955.0 -25.28483418993852 -140.30831166560654 4.6373308631508365 0.0017131069211670147 -0.0017260206236783448 -0.7032700494989087 0.7109186476632089
1701508956.0 -24.167635179581023 -140.28636539671766 4.600118868604895 0.0027803600243802196 -0.0028085262037838453 -0.7049723553846372 0.709223772812315
1701508957.0 -22.82267621523776 -140.10144369967375 4.778694763381068 0.003618943145738857 -0.003630980326156408 -0.7033726449252784 0.7108028148531752
1701508958.0 -21.705477204880268 -140.07949743078487 4.741482768835134 0.0032051301399458106 -0.003210142834646342 -0.7030073892752021 0.7111680762999922
1701508959.0 -20.360518240537004 -140.10991535190976 4.793059258703579 0.003487876338550215 -0.003495336773089238 -0.7036964270295306 0.710483607077153
1701508960.0 -19.24331923017951 -140.08796908302085 4.755847264157637 0.004036925874708217 -0.004039037844910976 -0.7033933799800166 0.7107778432133752
1701508961.0 -17.898360265836253 -140.11838700414575 4.80742375402609 0.0046740984931143165 -0.004655665253066124 -0.701869267197219 0.7122752342657767
1701508962.0 -16.781161255478757 -140.09644073525686 4.770211759480148 0.005005915470391507 -0.004959360885781221 -0.702992912238597 0.7111619442097589
1701508963.0 -15.436202291135498 -140.12685865638173 4.821788249348593 0.004571180824780834 -0.00454303578643866 -0.7039988612900457 0.7101718583793849
1701508964.0 -14.319003280778002 -140.10491238749285 4.7845762548026585 0.004968030849722697 -0.005072749643174115 -0.7006035903341307 0.7135153783146229
1701508965.0 -13.201804270420507 -140.08296611860396 4.747364260256717 0.004310453737318003 -0.004970700424712192 -0.6503609790225374 0.7595968069250375
1701508966.0 -11.856845306077247 -139.89804442156003 4.925940155032883 0.0036339023029184022 -0.0043769193154674455 -0.6334891810116261 0.7737306345703122
1701508967.0 -10.739646295719751 -139.66075853450235 5.01572756539467 0.0019991512470425026 -0.002376706633924335 -0.6401412776403569 0.7682509351252618
1701508968.0 -9.416288090947806 -139.19206961850065 4.71314904355296 0.0020324386971461435 -0.002229540258740736 -0.671932675715158 0.7406060880450858
1701508969.0 -8.299089080590306 -139.17012334961174 4.675937049007025 0.00392798026460985 -0.0040553978431749835 -0.6927507495483184 0.7211549928549462
1701508970.0 -6.95413011624705 -139.20054127073664 4.7275135388754705 0.002165471093063541 -0.0020835148194917876 -0.7156245716014475 0.6984786626813926
1701508971.0 -5.836931105889555 -139.17859500184775 4.690301544329529 0.0032371679012604326 -0.003156741382740281 -0.7119812959369118 0.7021838719052277
1701508972.0 -4.491972141546299 -139.20901292297265 4.741878034197974 0.002082121991958708 -0.0021412890095637437 -0.6925949959284 0.7213204913658892
1701508973.0 -3.3747731311887996 -139.18706665408374 4.704666039652032 0.0019716469364185643 -0.0020063090903224188 -0.6971244164142238 0.7169446529344647
1701508974.0 -2.0298141668455436 -139.21748457520863 4.7562425295204775 0.0023408606197292837 -0.002360430998352785 -0.6963278719790407 0.7177161301254151
1701508975.0 -0.9126151564880445 -139.19553830631975 4.719030534974543 0.001564617466596607 -0.00159010456339379 -0.6995410729826097 0.714588910318373
1701508976.0 0.4323438078552151 -139.22595622744464 4.770607024842988 0.002765663899738607 -0.002826008175855695 -0.6992021000604554 0.7149131332211157
1701508977.0 1.5495428182127071 -138.98867034038693 4.860394435204775 0.0024361646998093188 -0.002524454217728142 -0.6951598225274964 0.7188466549800435
1701508978.0 2.8945017825559667 -139.01908826151183 4.91197092507322 0.004417873727706783 -0.004565840935500088 -0.6953250801268293 0.7186672863258048
1701508979.0 4.011700792913462 -138.99714199262291 4.874758930527278 0.003038660250512603 -0.0032953327367211014 -0.6666166276447594 0.7453872678504541
1701508980.0 5.128899803270958 -138.75985610556523 4.964546340889065 0.0032610276044301944 -0.004094753710473351 -0.6130641678967159 0.7900157749894119
1701508981.0 6.452258008042904 -138.29116718956354 4.661967819047355 0.007129356642722801 -0.010944451791232806 -0.5466601136950402 0.8372527165341276
1701508982.0 7.569457018400399 -137.83854168433703 4.878754634316863 0.0038637182400301875 -0.007564425196699422 -0.457379123965698 0.8892312343328791
1701508983.0 8.43729531520082 -136.83444515197016 4.652597953461829 0.003974414918103944 -0.010453257607228204 -0.3567212657635662 0.9341439246623053
1701508984.0 9.098974417586795 -135.84641203037853 4.945806609718012 0.002981754494666852 -0.01056756757101958 -0.2690077439658777 0.9630754224577399
1701508985.0 9.739052760401453 -134.57461168982906 4.757860849356312 0.0019688298392119634 -0.008912090118814173 -0.21193588118912232 0.9772409532062032
1701508986.0 10.172971908801664 -133.53421437822362 4.962281021198109 0.0009306069313865432 -0.005669347655237759 -0.1655060663168269 0.9861920373234786
1701508987.0 10.58529029763056 -132.2100498476604 4.685546776422015 0.0005759982282427872 -0.004877437007848277 -0.11386691309740483 0.9934838725092339
1701508988.0 10.791449492045007 -131.1172883460412 4.801178463849425 0.000216964135079632 -0.002548277365155439 -0.08865052930826518 0.9960595076913822
1701508989.0 10.997608686459458 -130.02452684442198 4.916810151276827 0.0002517006631775927 -0.002417580251318613 -0.07633962383800282 0.9970789105104856
1701508990.0 11.409927075288355 -128.70036231385876 4.640075906500741 0.00030984160091209584 -0.002434358486973176 -0.1159841689919717 0.9932480306752091
1701508991.0 11.616086269702805 -127.60760081223953 4.75570759392815 0.00025514268315012103 -0.0014694129323195109 -0.17186812483818772 0.9851188371929809
1701508992.0 12.05000541810302 -126.5672035006341 4.96012776576994 -6.144299184826527e-05 0.00039125483291125267 -0.1515956091195473 0.9884425195427845
1701508993.0 12.234563852946149 -125.19067478005708 4.594605036579459 -8.306996998693427e-05 0.0014169165681483264 -0.05552742165059796 0.9984561537151522
1701508994.0 12.4407230473606 -123.88257366026907 4.837236128914597 9.776998396764271e-05 -0.0017934359630381452 -0.055098643356702316 0.9984793005008806
1701508995.0 12.419122287789286 -122.73744796863608 4.86407933192762 0.00015779304641519922 -0.004173055623474195 -0.04661224371586714 0.9989043294749955
1701508996.0 12.397521528217975 -121.59232227700309 4.890922534940636 0.00018292760503282955 -0.008002124247041487 -0.0191481160008166 0.9997846179045993
1701508997.0 12.375920768646665 -120.44719658537008 4.917765737953651 1.2901978860749168e-05 -0.007146927681439532 0.002343391500006255 0.9999717144872313
1701508998.0 12.354320009075344 -119.3020708937371 4.944608940966667 -0.00024969745680032316 -0.005782628808623448 0.04500344584411288 0.9989700639745908
1701508999.0 12.332719249504034 -118.15694520210411 4.971452143979683 -0.00011694666797552124 -0.004069258374410878 0.029517021056717996 0.9995559878904715
1701509000.0 12.28951773036141 -116.72805229151331 4.517140930374822 -9.800841051512386e-05 -0.004771125306966856 0.02256712893484979 0.9997339403307735
1701509001.0 12.267916970790097 -115.36758698171153 4.670983538295566 -4.3102450636720963e-07 -0.005121877821727334 0.001947526818506988 0.9999849866406418
1701509002.0 12.24631621121878 -114.22246129007851 4.697826741308582 9.21583019374506e-05 -0.0021394143662269286 -0.03745405306094812 0.9992960563928613
1701509003.0 12.452475405633226 -113.1296997884593 4.813458428735984 0.00010213271332702236 -0.0020448495719240247 -0.04583808733164219 0.9989467843228256
1701509004.0 12.430874646061916 -111.98457409682631 4.840301631749 6.18644818137647e-05 -0.001260882854684049 -0.044639927899385756 0.9990023439333615
1701509005.0 12.409273886490606 -110.83944840519332 4.86714483476203 3.4364016686662934e-06 -9.303656111156523e-05 -0.03669711004006601 0.9993264298751918
1701509006.0 12.821592275319503 -109.29994425646129 4.717409994893664 -7.091239574452577e-06 0.00018636513001563432 -0.0353257494435294 0.9993758335301117
1701509007.0 12.79999151574819 -108.1548185648283 4.74425319790668 -6.149160872250407e-06 0.000238220642728743 -0.022466758213479862 0.9997475621318065
1701509008.0 12.77839075617688 -107.00969287319529 4.771096400919696 8.306531945324201e-06 0.0009262626328299851 0.012040256822962905 0.9999270844337469
1701509009.0 12.756789996605558 -105.86456718156231 4.797939603932711 6.31079217010334e-05 0.0012360397489219132 0.0513681950892701 0.9986790158786756
1701509010.0 12.507429283048488 -104.66707729991552 4.735994322531347 4.753448540091771e-05 0.0008521251448165825 0.0570721522756505 0.9983696915761391
1701509011.0 12.485828523477174 -103.52195160828254 4.762837525544363 -4.379651083755165e-06 0.0011731415828978948 -0.0033749412122715833 0.9999936167253564
1701509012.0 12.46422776390586 -102.37682591664954 4.789680728557379 6.214286389835878e-06 -0.00021781136796578237 -0.03084815490437669 0.999524058669218
1701509013.0 12.44262700433455 -101.44703984318534 4.6895245266626695 1.1329443153204648e-05 -0.0003847832279575454 -0.03137704592778772 0.9995075451452864
1701509014.0 12.648786198748997 -100.35427834156613 4.805156214090076 3.2582035013690263e-06 -0.00014131244221997921 -0.021682750701666104 0.999764891533098
1701509015.0 12.627185439177683 -99.20915264993313 4.831999417103091 5.212165298673011e-06 -0.002892591177077535 -0.007218606776042233 0.9999697618454912
1701509016.0 12.60558467960637 -98.06402695830015 4.858842620116114 1.2612108617223126e-05 -0.002159361402302597 -0.008194988584460196 0.9999640889358825
1701509017.0 12.790143114449503 -96.68749823772312 4.493319890925637 1.3979625408354173e-05 -0.0032505642863188923 -0.008647196441248587 0.9999573289046374
1701509018.0 12.540782400892432 -95.27466873790755 4.55837401443199 2.6332728743091914e-05 -0.003374840658108581 -0.010469049218256716 0.9999395025528223
1701509019.0 12.746941595306879 -94.18190723628834 4.674005701859393 0.0001048946588880658 -0.0036516857458797542 -0.033275233556823054 0.999439549457626
1701509020.0 12.725340835735565 -93.03678154465533 4.700848904872412 5.861270999842128e-06 -0.003655637113408066 -0.001362140531818548 0.999992390399103
1701509021.0 12.475980122178491 -91.83929166300857 4.638903623471045 -0.00034218299528934173 -0.005522781343601062 0.06035173060027093 0.9981618357814431
1701509022.0 12.454379362607177 -90.69416597137557 4.66574682648406 -0.00010370716847736322 -0.00533316634153423 0.0226053051208947 0.9997302369949544
1701509023.0 12.432778603035867 -89.33370066157377 4.819589434404804 0.0003636824860413045 -0.006234610979287745 -0.05420246478757922 0.9985104356850445
1701509024.0 12.617337037879 -87.95717194099676 4.4540667052143235 0.0003966757942961292 -0.006890186342766232 -0.05335233205622167 0.9985518998252615
1701509025.0 12.823496232293449 -86.86441043937755 4.569698392641733 0.0003217445654587446 -0.005686975191104413 -0.055568905248371846 0.9984386068072026
1701509026.0 12.801895472722137 -85.71928474774455 4.596541595654749 0.00031056769879494626 -0.005921376587743713 -0.053591720485337314 0.9985453261331867
1701509027.0 12.780294713150822 -84.35881943794276 4.750384203575493 -0.00010909615164071646 -0.004922371526330932 0.01740921336247299 0.9998363254286605
1701509028.0 12.75869395357951 -83.21369374630977 4.777227406588512 -0.0004867040589200087 -0.005015418703361778 0.09085115008658491 0.9958517345580786
1701509029.0 12.509333240022434 -82.01620386466298 4.715282125187141 -0.0005265554768255777 -0.005223302390663659 0.09335178676559462 0.9956193468184196
1701509030.0 12.259972526465358 -80.81871398301621 4.65333684378577 -0.0006891931303117406 -0.007154620337222812 0.0894886048434497 0.995961909926194
1701509031.0 12.010611812908282 -79.62122410136944 4.591391562384398 -0.0007009697797557175 -0.0067500993844015755 0.09964928625824501 0.994999479672171
1701509032.0 11.76125109935121 -78.20839460155386 4.656445685890752 -0.000360837539648267 -0.0036936579356096656 0.0941625435021688 0.9955499194357492
1701509033.0 11.511890385794134 -77.01090471990707 4.594500404489381 -0.00028662743066962677 -0.003012540487071773 0.09624943153345633 0.9953526457361813
1701509034.0 11.26252967223706 -75.81341483826031 4.532555123088013 0.0003239888275873055 0.0031744037672988682 0.08310222611561281 0.9965359191753156
1701509035.0 11.013168958679984 -74.61592495661353 4.470609841686638 -0.0009523172931749756 -0.010102739989162057 0.09812631732212511 0.9951222304748709
1701509036.0 10.763808245122908 -73.41843507496675 4.408664560285267 -0.0012175144301906633 -0.007693226577254248 0.15486163868750683 0.9879054634864936
1701509037.0 10.080528383165623 -72.61532365041901 4.5232973217652805 -0.000983011459685453 -0.0037539686426070113 0.24934938820637895 0.9684058157657899
1701509038.0 9.603407715622787 -71.36546957875845 4.372563555949522 -2.2798880559621588e-05 -6.480664267114826e-05 0.3357151680119625 0.94196354560408
1701509039.0 8.692367899679738 -70.50999396419694 4.3984078330151455 0.005645282049686979 0.012888178748442156 0.4303311036601513 0.9025614476930444
1701509040.0 8.009088037722453 -69.7068825396492 4.5130405944951555 0.013499437193445447 0.025266187759903795 0.540345039296742 0.8409557797286037
1701509041.0 6.891889027364956 -69.51348919036928 4.677251993948818 0.01395435507483742 0.021438880817818896 0.6222841166489593 0.782373394569466
1701509042.0 5.774690017007462 -69.32009584108938 4.841463393402485 0.012850584049672795 0.015959168026444762 0.6825366018243855 0.7305641344984752
1701509043.0 4.863650201064413 -68.89529946286547 4.613308860652655 0.01045353247963093 0.013409314201113326 0.6661791628818924 0.7455979056390477
1701509044.0 3.518691236721155 -68.64954192357177 4.6887317756919344 0.007185016982581892 0.008944626601249768 0.6722659252447023 0.7402208420064977
1701509045.0 2.401492226363656 -68.67148819246066 4.725943770237873 0.003955079609003609 0.0042068044629585645 0.711146166060008 0.7030204766858844
1701509046.0 1.2842932160061604 -68.69343446134957 4.763155764783814 0.0023869020030973 0.0023275626056274805 0.7332287576324431 0.6799738775364305
1701509047.0 -0.2668249427515459 -68.89441956916869 5.103945207118862 0.001755102610739938 0.0016193048181689788 0.7504940771659708 0.6608728603941376
1701509048.0 -1.3840239531090415 -69.13170545622638 5.014157796757075 0.0005727744534814064 0.0005295349926403674 0.7495003906635832 0.6620034410161726
1701509049.0 -2.501222963466539 -69.15365172511528 5.051369791303017 -0.0003738373883071919 -0.000347790069208874 0.7457346893981754 0.6662428328439126
1701509050.0 -3.6184219738240344 -69.17559799400416 5.088581785848959 -0.0008117279885877455 -0.0008204628578222004 0.7119955275170433 0.7021830507311457
1701509051.0 -4.963380938167292 -69.14518007287927 5.03700529598051 -0.00098513617186114 -0.0009931195507371323 0.710593757809007 0.703601133159374
1701509052.0 -6.080579948524788 -69.16712634176818 5.074217290526452 -0.0012477977933715075 -0.0012592218673123298 0.7107543298045352 0.7034380854240562
1701509053.0 -7.197778958882285 -69.18907261065706 5.11142928507239 -0.0006763898342608737 -0.0007091519635687504 0.6939143589902649 0.7200568741338523
1701509054.0 -8.08721801525402 -69.26338306955974 5.237429764032722 -0.0007906576460633452 -0.0008149969262410423 0.6999404504134568 0.7142003055974595
1701509055.0 -8.99825783119707 -69.0539263095046 4.882275826375167 0.0005003840037114284 0.0004959904060003505 0.7149936793379632 0.6991305615663842
1701509056.0 -9.8876968875688 -69.12823676840729 5.008276305335496 0.0005717343966928972 0.0005662700371199814 0.713864795202878 0.7002830903484516
1701509057.0 -10.777135943940536 -69.20254722730996 5.134276784295825 0.0009517859152423525 0.000936480290443519 0.7150304234791907 0.6990920616109201
1701509058.0 -11.0048958979263 -69.15018303729619 5.045488299881438 7.122811269186504e-05 7.061619743131856e-05 0.7151978357019473 0.6989220598515682
1701509059.0 -11.23265585191206 -69.0978188472824 4.956699815467047 0.0004004580088254372 0.00037452132860178467 0.7351756682852595 0.6778764165601865
1701509060.0 -11.894334954298031 -69.22449349619885 5.17148877884177 0.0001682820961116393 0.00015010458101042545 0.7508318378587208 0.6604933765053564
1701509061.0 -12.783774010669767 -69.51414357327033 5.170489852894367 0.0014401860800062785 0.001169376569331061 0.7831845855698064 0.621786509461523
1701509062.0 -13.239293918641291 -69.62475481141156 4.865913479157864 0.0010741477830879841 0.000844624733980527 0.7891022432524448 0.6142603540108691
1701509063.0 -14.128732975013026 -69.69906527031424 4.991913958118197 0.0005077379690880301 0.00039574761647767143 0.7943129552532772 0.6075084482563053
1701509064.0 -14.790412077398997 -70.04107953739948 5.079703516585191 0.0014052321672662364 0.001108710945473179 0.7907243704026438 0.6121697200400703
1701509065.0 -15.01817203138476 -69.9887153473857 4.9909150321708005 0.00048339059576046217 0.0004026168295331351 0.7728919274220906 0.6345373690800146
1701509066.0 -15.245931985370522 -69.93635115737193 4.9021265477564135 0.001071505920535346 0.0008891859160644623 0.7739980911884838 0.6331863991432951
1701509067.0 -15.245931985370522 -69.93635115737193 4.9021265477564135 0.0010695817138145433 0.0008875898233742658 0.7739944912382983 0.6331908051385702
1701509068.0 -15.679851133770732 -70.11538999630217 5.2057039955455195 -0.0008736102655391332 -0.0007256850901321129 0.7754002076539213 0.631469103089383
1701509069.0 -15.907611087756495 -70.27836542445718 4.989916106223404 -0.0013334873458779324 -0.0011083280439774183 0.7762334333519204 0.6304432174011668
1701509070.0 -16.569290190142468 -70.40504007337364 5.204705069598123 -0.00017844937052334205 -0.00015641966717997005 0.7588711000670185 0.6512408135027957
1701509071.0 -17.458729246514203 -70.47935053227631 5.330705548558456 -0.00019946005417453296 -0.00017794654833340286 0.7496171958471429 0.6618715798710344
1701509072.0 -17.686489200499963 -70.64232596043134 5.11491765923634 -0.0009132427613040483 -0.0008055445556335017 0.7509597772913356 0.6603468255213887
1701509073.0 -17.686489200499963 -70.64232596043134 5.11491765923634 -0.0008448264642730139 -0.000745693425003736 0.7511181351994821 0.6601668555630565
1701509074.0 -17.686489200499963 -70.64232596043134 5.11491765923634 -0.0008522280586814411 -0.0007522681057142327 0.7511175089574644 0.6601675511092366
1701509075.0 -17.686489200499963 -70.64232596043134 5.11491765923634 -0.0008456292076846023 -0.000746446233017931 0.7511173299183087 0.6601677699082672
1701509076.0 -17.686489200499963 -70.64232596043134 5.11491765923634 -0.0008368920795603878 -0.0007387400242610172 0.7511202241244711 0.6601644967627599
1701509077.0 -17.686489200499963 -70.64232596043134 5.11491765923634 -0.0008379790830176201 -0.000739699775122826 0.7511235526427182 0.6601607071771848
1701509078.0 -17.686489200499963 -70.64232596043134 5.11491765923634 -0.0008391072304858454 -0.0007406882063490882 0.7511281463945838 0.6601554778791684
1701509079.0 -17.686489200499963 -70.64232596043134 5.11491765923634 -0.0008391727444723552 -0.0007407650975335378 0.7511180018066406 0.6601670200927753
1701509080.0 -17.686489200499963 -70.64232596043134 5.11491765923634 -0.0008369732320121203 -0.0007387991991646153 0.7511291806043889 0.6601543059740893
1701509081.0 -17.686489200499963 -70.64232596043134 5.11491765923634 -0.0008430231721952651 -0.000744185145428376 0.7511035392114703 0.6601834660792435
1701509082.0 -17.686489200499963 -70.64232596043134 5.11491765923634 -0.0008392847203927116 -0.0007408648205606927 0.7511160290001344 0.6601692644311343
1701509083.0 -17.686489200499963 -70.64232596043134 5.11491765923634 -0.0008396669516195026 -0.0007411873528933402 0.7511238566260667 0.6601603574949819
1701509084.0 -17.686489200499963 -70.64232596043134 5.11491765923634 -0.0008415694068852421 -0.0007378894881166671 0.7532980689639266 0.6576783154211913
1701509085.0 -17.686489200499963 -70.64232596043134 5.11491765923634 -0.0008370647292658978 -0.0007336226885258815 0.7534355822766113 0.6575207863481531
1701509086.0 -17.686489200499963 -70.64232596043134 5.11491765923634 -0.000834570719039323 -0.000731461751708139 0.7534356151222298 0.6575207542890247
1701509087.0 -17.686489200499963 -70.64232596043134 5.11491765923634 -0.0008374875333655129 -0.0007340505912623679 0.7534167589276455 0.6575423538840087
1701509088.0 -17.686489200499963 -70.64232596043134 5.11491765923634 -0.0008301402260350836 -0.0007275654305788106 0.7534484386662595 0.6575060697720783
1701509089.0 -17.686489200499963 -70.64232596043134 5.11491765923634 -0.0008381494286047256 -0.000734585083144896 0.7534430626441119 0.6575122122392495
1701509090.0 -17.686489200499963 -70.64232596043134 5.11491765923634 -0.0008386324831303673 -0.0007350200131900534 0.7534339239138843 0.657522683058817
1701509091.0 -17.686489200499963 -70.64232596043134 5.11491765923634 -0.0008411402663749139 -0.0007372411827394566 0.7534269427625492 0.6575306767581032
1701509092.0 -17.686489200499963 -70.64232596043134 5.11491765923634 -0.0008357051027110259 -0.000732443228700055 0.753441224547632 0.657514324008278
1701509093.0 -17.686489200499963 -70.64232596043134 5.11491765923634 -0.0008354650936684373 -0.0007322619167262432 0.7534340849670355 0.6575225056227721
1701509094.0 -17.686489200499963 -70.64232596043134 5.11491765923634 -0.0008370165337621141 -0.0007336019074624061 0.7534410400628014 0.6575145324482551
1701509095.0 -17.686489200499963 -70.64232596043134 5.11491765923634 -0.0008395632846790456 -0.0007358545636265519 0.7534342321076024 0.6575223277881745
1701509096.0 -17.686489200499963 -70.64232596043134 5.11491765923634 -0.0008354980951552607 -0.0007323000336863934 0.7534306513047586 0.657526440041829
1701509097.0 -17.686489200499963 -70.64232596043134 5.11491765923634 -0.0008413329839436183 -0.0007374006820285643 0.7534450425626321 0.6575099362266988
1701509098.0 -17.686489200499963 -70.64232596043134 5.11491765923634 -0.0008389720282403142 -0.0007353154231406122 0.7534502776007461 0.6575039426653828
1701509099.0 -17.686489200499963 -70.64232596043134 5.11491765923634 -0.00084163442557511 -0.0007376636194462098 0.7534383689840128 0.6575175827661103
1701509100.0 -17.686489200499963 -70.64232596043134 5.11491765923634 -0.0008420864564145775 -0.0007380581757275965 0.7534461908767175 0.6575086186613024
1701509101.0 -17.686489200499963 -70.64232596043134 5.11491765923634 -0.0008308485300450726 -0.0007281986893039562 0.753450415763638 0.6575038025768293
1701509102.0 -17.686489200499963 -70.64232596043134 5.11491765923634 -0.0008390683736212922 -0.0007354331612912718 0.7534377568826649 0.657518289940248
1701509103.0 -17.686489200499963 -70.64232596043134 5.11491765923634 -0.0008389305588562368 -0.0007352867909678282 0.7534536966791712 0.657500024721934
1701509104.0 -17.686489200499963 -70.64232596043134 5.11491765923634 -0.0008358157640944534 -0.0007325446331874015 0.7534587871910713 0.6574941982975431
1701509105.0 -17.686489200499963 -70.64232596043134 5.11491765923634 -0.0008369781457805507 -0.0007335697595265581 0.7534558921996666 0.6574975131911875
1701509106.0 -17.686489200499963 -70.64232596043134 5.11491765923634 -0.0008353226321762918 -0.000732121024540897 0.753454304859091 0.657499335911611
1701509107.0 -17.686489200499963 -70.64232596043134 5.11491765923634 -0.0008358870584977597 -0.0007326150067274255 0.753451793309192 0.6575022127166112
1701509108.0 -17.686489200499963 -70.64232596043134 5.11491765923634 -0.0008385130364729504 -0.000734928808980171 0.7534468802509035 0.6575078367713301
1701509109.0 -17.686489200499963 -70.64232596043134 5.11491765923634 -0.0008377207410830073 -0.0007342396635467451 0.7534474983064734 0.657507130312511
1701509110.0 -17.686489200499963 -70.64232596043134 5.11491765923634 -0.0008482071427132505 -0.0007434396102946379 0.7534380625917504 0.657517918904252
1701509111.0 -17.686489200499963 -70.64232596043134 5.11491765923634 -0.0008477558908441186 -0.000743044165256639 0.7534413857641938 0.6575141119497353
1701509112.0 -17.686489200499963 -70.64232596043134 5.11491765923634 -0.0008475667971886365 -0.0007428807079160728 0.7534446594019453 0.6575103611179559
1701509113.0 -17.686489200499963 -70.64232596043134 5.11491765923634 -0.0008446474971014972 -0.0007402945278950057 0.7534520149686866 0.6575019389129156
1701509114.0 -17.686489200499963 -70.64232596043134 5.11491765923634 -0.0008402975828891263 -0.0007364581637565447 0.7534627780772303 0.6574896148088482
1701509115.0 -17.686489200499963 -70.64232596043134 5.11491765923634 -0.0008468570858837421 -0.0007422490551390319 0.75344216906936 0.6575132164203806
1701509116.0 -17.686489200499963 -70.64232596043134 5.11491765923634 -0.0008424697813889367 -0.0007383794050791221 0.75345637899338 0.6574969429546466
1701509117.0 -17.686489200499963 -70.64232596043134 5.11491765923634 -0.0008477289860870243 -0.0007429990922605584 0.753452259416437 0.6575016517760098
1701509118.0 -17.686489200499963 -70.64232596043134 5.11491765923634 -0.0008454802571368938 -0.0007410130985117541 0.7534565258645213 0.6574967678208681
1701509119.0 -17.686489200499963 -70.64232596043134 5.11491765923634 -0.0008462355812472209 -0.0007416686560806122 0.753456987487759 0.6574962371138079
1701509120.0 -17.686489200499963 -70.64232596043134 5.11491765923634 -0.0008506472952685004 -0.0007455862260956245 0.7534429075635257 0.6575123615131345
1701509121.0 -17.686489200499963 -70.64232596043134 5.11491765923634 -0.000836275209940264 -0.0007329307290040946 0.7534584674300615 0.657494563714608
1701509122.0 -17.686489200499963 -70.64232596043134 5.11491765923634 -0.0008486632264483008 -0.0007438295425097688 0.753447163611805 0.6575074890323803
1701509123.0 -17.686489200499963 -70.64232596043134 5.11491765923634 -0.0008421337308754797 -0.0007380800078929358 0.7534584627856481 0.6574945557990343
1701509124.0 -17.686489200499963 -70.64232596043134 5.11491765923634 -0.0008416009828226318 -0.0007376258292278816 0.7534509260393779 0.6575031936548488
1701509125.0 -17.686489200499963 -70.64232596043134 5.11491765923634 -0.0008392345889297515 -0.0007355469516849525 0.7534545849306964 0.657499006161149
1701509126.0 -17.686489200499963 -70.64232596043134 5.11491765923634 -0.0008422449476632932 -0.0007381807786683599 0.7534585853565497 0.6574944150828148
1701509127.0 -17.686489200499963 -70.64232596043134 5.11491765923634 -0.0008405107136804047 -0.0007366701429745711 0.7534535418261415 0.6575001986071817
1701509128.0 -17.686489200499963 -70.64232596043134 5.11491765923634 -0.0008369926351394275 -0.0007335532273314991 0.7534702596362431 0.6574810485380425
1701509129.0 -17.686489200499963 -70.64232596043134 5.11491765923634 -0.0008449772039367621 -0.00074060116281847 0.7534481868741906 0.6575063248512802
1701509130.0 -17.686489200499963 -70.64232596043134 5.11491765923634 -0.0008326170808771792 -0.0007297461180110898 0.7534670354485445 0.6574847532162108
1701509131.0 -17.686489200499963 -70.64232596043134 5.11491765923634 -0.0008401516248900332 -0.0007363212606666427 0.7534714217471447 0.6574797096386965
1701509132.0 -17.686489200499963 -70.64232596043134 5.11491765923634 -0.0008304790004883824 -0.0007278617198266421 0.7534708099953847 0.657480432413654
1701509133.0 -17.686489200499963 -70.64232596043134 5.11491765923634 -0.0008391315013140453 -0.0007354369056603524 0.7534668630283625 0.6574849361841534
1701509134.0 -17.686489200499963 -70.64232596043134 5.11491765923634 -0.0008500960437389335 -0.0007450773890212766 0.7534600538407077 0.6574927143799836
1701509135.0 -17.686489200499963 -70.64232596043134 5.11491765923634 -0.0008422739124082134 -0.0007382235015275429 0.7534565201960919 0.6574967815698527
1701509136.0 -17.686489200499963 -70.64232596043134 5.11491765923634 -0.0008413734370664867 -0.000737430297137308 0.7534492019189615 0.6575051698769953
1701509137.0 -17.686489200499963 -70.64232596043134 5.11491765923634 -0.0008369162051520526 -0.0007334887133865187 0.7534732384533197 0.6574776349810234
1701509138.0 -17.686489200499963 -70.64232596043134 5.11491765923634 -0.0008384455413416093 -0.0007348541006873612 0.7534598919761712 0.6574929263359274
1701509139.0 -17.686489200499963 -70.64232596043134 5.11491765923634 -0.0008480326940507104 -0.0007432594438684283 0.7534671787726801 0.6574845541290587
1701509140.0 -17.686489200499963 -70.64232596043134 5.11491765923634 -0.000850503374544305 -0.0007454469990180442 0.7534751241089115 0.6574754431169594
1701509141.0 -17.686489200499963 -70.64232596043134 5.11491765923634 -0.0008511330096215558 -0.0007460182977332156 0.7534708394889625 0.6574803518502265
1701509142.0 -17.686489200499963 -70.64232596043134 5.11491765923634 -0.0008485585450942795 -0.0007437214917944044 0.7534927691825649 0.657455225560135
1701509143.0 -17.686489200499963 -70.64232596043134 5.11491765923634 -0.0008498343823027399 -0.0007448448344910488 0.7534920347326495 0.6574560643739983
1701509144.0 -17.686489200499963 -70.64232596043134 5.11491765923634 -0.0008517848968158073 -0.0007465640319768039 0.7534880164023797 0.6574606651676151
1701509145.0 -17.686489200499963 -70.64232596043134 5.11491765923634 -0.000849562073300189 -0.0007446247814597602 0.7534806665051147 0.6574690935559073
1701509146.0 -17.686489200499963 -70.64232596043134 5.11491765923634 -0.000853659432229257 -0.0007482183775241343 0.7534837188333703 0.6574655860863502
1701509147.0 -17.686489200499963 -70.64232596043134 5.11491765923634 -0.0008536606940177927 -0.0007482169379183326 0.7534833154723413 0.6574660483550779
1701509148.0 -17.686489200499963 -70.64232596043134 5.11491765923634 -0.000853193131093067 -0.0007477641560709793 0.7534775202270058 0.6574726910091477
1701509149.0 -17.686489200499963 -70.64232596043134 5.11491765923634 -0.000853520644437788 -0.0007480732939462759 0.7534753892737375 0.6574751323416318
1701509150.0 -17.686489200499963 -70.64232596043134 5.11491765923634 -0.0008529200798769289 -0.0007475447736043614 0.7534750788217146 0.657475489504179
1701509151.0 -17.686489200499963 -70.64232596043134 5.11491765923634 -0.0008532591687726474 -0.0007478405274470537 0.7534753122674622 0.6574752211960437
1701509152.0 -17.686489200499963 -70.64232596043134 5.11491765923634 -0.0008545373975098549 -0.0007489611414903018 0.7534762286823592 0.6574741680352575
1701509153.0 -17.686489200499963 -70.64232596043134 5.11491765923634 -0.0008560408435614071 -0.0007502801208830897 0.7534780373678295 0.6574720917865169
1701509154.0 -17.686489200499963 -70.64232596043134 5.11491765923634 -0.0008569801542079468 -0.0007511049628140437 0.7534791919687317 0.6574707664196923
1701509155.0 -17.686489200499963 -70.64232596043134 5.11491765923634 -0.0008582959633908486 -0.00075225864614681 0.7534807113827987 0.6574690220908054
1701509156.0 -17.686489200499963 -70.64232596043134 5.11491765923634 -0.000858672835207712 -0.0007525872382745858 0.7534814555281866 0.6574681684070616
1701509157.0 -17.686489200499963 -70.64232596043134 5.11491765923634 -0.0008651010928650391 -0.0007582246163471017 0.7534811448192629 0.6574685095861119
1701509158.0 -17.686489200499963 -70.64232596043134 5.11491765923634 -0.0008625840456047751 -0.0007560138400884226 0.7534760690769312 0.657474332366073
1701509159.0 -17.686489200499963 -70.64232596043134 5.11491765923634 -0.0008769052386080976 -0.0007685760379104921 0.7534879670414556 0.657460663349383
1701509160.0 -17.686489200499963 -70.64232596043134 5.11491765923634 -0.0008712347821735507 -0.0007635913913799852 0.7534779401342447 0.6574721679350364
1701509161.0 -17.686489200499963 -70.64232596043134 5.11491765923634 -0.0008648802547410312 -0.0007580214311235144 0.7534835101420982 0.6574657993611511
1701509162.0 -17.686489200499963 -70.64232596043134 5.11491765923634 -0.0008644664872645688 -0.0007576591650084217 0.7534832817666041 0.6574660620507423
1701509163.0 -17.686489200499963 -70.64232596043134 5.11491765923634 -0.000867285032261412 -0.0007601326380152028 0.7534857337300762 0.6574632454215933
1701509164.0 -17.686489200499963 -70.64232596043134 5.11491765923634 -0.0008653649178933366 -0.0007584547023066756 0.7534908411349199 0.6574573965024764
1701509165.0 -17.686489200499963 -70.64232596043134 5.11491765923634 -0.0008756693181965311 -0.0007674827457176995 0.7534832298193255 0.657466095365014
1701509166.0 -17.686489200499963 -70.64232596043134 5.11491765923634 -0.0008674377676410235 -0.00076026180814997 0.7534874830773831 0.6574612402259258
1701509167.0 -17.686489200499963 -70.64232596043134 5.11491765923634 -0.0008639852630420113 -0.0007572219699943756 0.7534847938220987 0.6574643303048636
1701509168.0 -17.686489200499963 -70.64232596043134 5.11491765923634 -0.0008750021433267512 -0.0007668786840159255 0.7534801955945073 0.657469574288572
1701509169.0 -17.686489200499963 -70.64232596043134 5.11491765923634 -0.0008711947336854363 -0.0007635609614079777 0.7534743688182701 0.6574762608096992
1701509170.0 -17.686489200499963 -70.64232596043134 5.11491765923634 -0.0008658251692295486 -0.0007588398791822188 0.7534895239278626 0.6574589050577815
1701509171.0 -17.686489200499963 -70.64232596043134 5.11491765923634 -0.0008646597419238788 -0.0007578178746600704 0.7534870801742041 0.6574617084562051
1701509172.0 -17.686489200499963 -70.64232596043134 5.11491765923634 -0.0008634960979767879 -0.000756794011963505 0.7534867677841832 0.6574620691807677
1701509173.0 -17.686489200499963 -70.64232596043134 5.11491765923634 -0.0008632339544926082 -0.0007565620073916102 0.7534864241221597 0.6574624636469141
1701509174.0 -17.686489200499963 -70.64232596043134 5.11491765923634 -0.0008622206536029568 -0.0007556700443757152 0.7534859283995485 0.6574630341260252
1701509175.0 -17.686489200499963 -70.64232596043134 5.11491765923634 -0.0008736097214664299 -0.0007656606952309322 0.753476426023339 0.6574738975783373
1701509176.0 -17.686489200499963 -70.64232596043134 5.11491765923634 -0.0008550152740413133 -0.0007493262076562508 0.7534790997150146 0.6574708767327773
1701509177.0 -17.686489200499963 -70.64232596043134 5.11491765923634 -0.0008558457070719891 -0.0007500476096574301 0.753480950646914 0.657468753606536
1701509178.0 -17.686489200499963 -70.64232596043134 5.11491765923634 -0.0008478009571162981 -0.000742992744981759 0.7534782401728524 0.6574718783197798
1701509179.0 -17.686489200499963 -70.64232596043134 5.11491765923634 -0.0008539254260028333 -0.0007483700409417447 0.7534834309428503 0.6574659155030317
1701509180.0 -17.686489200499963 -70.64232596043134 5.11491765923634 -0.0008468597020997721 -0.0007421702982179397 0.7534761806257605 0.6574742407437038
1701509181.0 -17.686489200499963 -70.64232596043134 5.11491765923634 -0.0008498286253789296 -0.0007447756310394522 0.7534782267784472 0.657471889035093
