1701507516.0 0.0 0.0 0.0 8.430287347446098e-08 -0.00023561944273812793 0.000130899690333399 0.9999999636743705
1701507517.0 0.0 0.0 0.0 1.391339965692844e-07 -0.00025307269513849285 0.0002879793332647915 0.999999926511045
1701507518.0 0.0 0.0 0.0 2.1056676671322967e-07 -0.0003054325452219619 0.00041015232120193695 0.9999998692429861
1701507519.0 0.0 0.0 0.0 2.1490757674942808e-07 -0.0002967059023270572 0.00044505892793085625 0.9999998569440457
1701507520.0 0.0 0.0 0.0 1.884819965581865e-07 -0.00028797925170230917 0.0003926990348175715 0.9999998814276845
1701507521.0 0.0 0.0 0.0 1.6830111652720513e-07 -0.0002967059324242 0.0003054326043605641 0.9999999093382386
1701507522.0 0.0 0.0 0.0 1.3822013816439795e-07 -0.0002879792802124458 0.00021816614403215247 0.9999999347357221
1701507523.0 0.0 0.0 0.0 1.2184696108492862e-07 -0.00027925264910771903 0.00019198620291043393 0.9999999425796188
1701507524.0 0.0 0.0 0.0 9.504063350922143e-08 -0.00027925265951757517 0.00011344639903551913 0.9999999545739278
1701507525.0 0.0 0.0 0.0 8.970983192171053e-08 -0.0002705260231025875 0.00012217304424700441 0.999999955944704
1701507526.0 0.0 0.0 0.0 1.0859611285038635e-07 -0.00027052601618040347 0.00019198621792289636 0.9999999449784759
1701507527.0 0.0 0.0 0.0 1.0859611285038635e-07 -0.00027052601618040347 0.00024434610122233715 0.9999999335553206
1701507528.0 0.0 0.0 0.0 1.1453614457432953e-07 -0.00027925265220196633 0.0002705260201529957 0.999999924416805
1701507529.0 0.0 0.0 0.0 9.915297343062383e-08 -0.000270526019806309 0.0002792526836620339 0.9999999244167979
1701507530.0 0.0 0.0 0.0 9.275599938811986e-08 -0.00025307271638652423 0.00031415924900705407 0.9999999186290757
1701507531.0 0.0 0.0 0.0 9.595447911113447e-08 -0.0002617993535544722 0.00031415924830127917 0.9999999163825245
1701507532.0 0.0 0.0 0.0 9.991450751295446e-08 -0.0002792526578162721 0.0003403391758048891 0.9999999030935895
1701507533.0 0.0 0.0 0.0 9.58021840056293e-08 -0.00029670596469050177 0.0003228859079212396 0.9999999038551213
1701507534.0 0.0 0.0 0.0 9.321292980759222e-08 -0.0002967059655152378 0.00031415924160095034 0.9999999066347618
1701507535.0 0.0 0.0 0.0 9.328908151902502e-08 -0.0003054326035580948 0.000322885886154538 0.9999999012278054
1701507536.0 0.0 0.0 0.0 8.041899747253568e-08 -0.00028797930215428646 0.0003141592587733293 0.9999999091859334
1701507537.0 0.0 0.0 0.0 6.396965512381326e-08 -0.00026179936332368115 0.00029670596635115944 0.9999999217133264
1701507538.0 0.0 0.0 0.0 5.970501532954762e-08 -0.0002443460883172327 0.00029670596766169434 0.9999999261302744
1701507539.0 0.0 0.0 0.0 5.7420377859208065e-08 -0.00025307272687081426 0.00029670594518985344 0.999999923959884
1701507540.0 0.0 0.0 0.0 5.742038338324736e-08 -0.000253072726870813 0.00031415925628301114 0.9999999186290733
1701507541.0 0.0 0.0 0.0 6.374119741006599e-08 -0.0002705260304677082 0.0003054326102663954 0.9999999167632881
1701507542.0 0.0 0.0 0.0 7.318433623938769e-08 -0.00027052602807790707 0.00034033918844474516 0.9999999054924453
1701507543.0 0.0 0.0 0.0 8.041900091712351e-08 -0.00027925266411109686 0.00035779249107468814 0.9999998970012329
1701507544.0 0.0 0.0 0.0 8.285594424932044e-08 -0.0002967059685882174 0.00036651913363918164 0.9999998888146369
1701507545.0 0.0 0.0 0.0 7.539280524002287e-08 -0.00028797930351400234 0.00036651911638434475 0.9999998913658202
1701507546.0 0.0 0.0 0.0 6.374119839423395e-08 -0.000270526030467708 0.00035779248829500383 0.9999998994000939
1701507547.0 0.0 0.0 0.0 5.940039378481548e-08 -0.00026179936440028805 0.0003839724151093725 0.9999998920131311
1701507548.0 0.0 0.0 0.0 7.790590463715988e-08 -0.0002705260267593964 0.000462512212162121 0.9999998564490479
1701507549.0 0.0 0.0 0.0 7.082355449247164e-08 -0.00027052602870625915 0.00045378558262999504 0.9999998604471442
1701507550.0 0.0 0.0 0.0 7.036661455603795e-08 -0.00028797930478599413 0.0004188789675335603 0.9999998708041544
1701507551.0 0.0 0.0 0.0 3.19848298803527e-08 -0.0003054326161301371 0.00029670595176546166 0.9999999093382429
1701507552.0 0.0 0.0 0.0 4.660646763760042e-08 -0.0002967059764966269 0.00038397241864245653 0.9999998822653645
1701507553.0 0.0 0.0 0.0 7.036662293733881e-08 -0.0002879793047859921 0.0004712388757420483 0.9999998475009068
1701507554.0 0.0 0.0 0.0 9.06236799200966e-08 -0.0002967059663173769 0.0005148720793564316 0.999999823436136
1701507555.0 0.0 0.0 0.0 9.861988578271239e-08 -0.00030543260188337323 0.0005497786599809619 0.9999998022271509
1701507556.0 0.0 0.0 0.0 9.047136895724083e-08 -0.00031415924240242555 0.0005148720838877077 0.9999998181053332
1701507557.0 0.0 0.0 0.0 6.853891621107484e-08 -0.00031415924795293157 0.0004799654868255426 0.9999998354685333
1701507558.0 0.0 0.0 0.0 6.198965397795553e-08 -0.0003228859161832 0.0004537855755802128 0.9999998449116543
1701507559.0 0.0 0.0 0.0 5.498344563442914e-08 -0.0003316125260476455 0.00042760563503302314 0.9999998535932645
1701507560.0 0.0 0.0 0.0 3.5640239927600564e-08 -0.00031415925340773886 0.0003752457577838445 0.9999998802472845
1701507561.0 0.0 0.0 0.0 4.6606465416667875e-08 -0.0003141592519722632 0.0004101523346450128 0.9999998665395033
1701507562.0 0.0 0.0 0.0 4.797724693323352e-08 -0.00030543261403673445 0.0004363322899727329 0.9999998581625142
1701507563.0 0.0 0.0 0.0 5.4831136782740996e-08 -0.00031415925064444785 0.0004712388793037107 0.9999998396189275
1701507564.0 0.0 0.0 0.0 6.396965940995248e-08 -0.0003054326111059716 0.0005061454560565524 0.9999998252638314
1701507565.0 0.0 0.0 0.0 6.853891621107484e-08 -0.00031415924795293157 0.0005323253639962994 0.9999998089668163
1701507566.0 0.0 0.0 0.0 8.026668893835222e-08 -0.0002967059692999762 0.0005497786541494517 0.9999998048544774
1701507567.0 0.0 0.0 0.0 7.508819772765549e-08 -0.000296705970655702 0.000532325381385932 0.9999998142976075
1701507568.0 0.0 0.0 0.0 6.663505925122448e-08 -0.00030543261053610156 0.000514872092555609 0.9999998208088061
1701507569.0 0.0 0.0 0.0 6.396965496532302e-08 -0.0003054326111059726 0.0004886921392877297 0.9999998339454407
1701507570.0 0.0 0.0 0.0 6.282734315762515e-08 -0.0002879793065294969 0.000497418807542921 0.9999998348212088
1701507571.0 0.0 0.0 0.0 5.277497005191601e-08 -0.0002879793085471376 0.0004625122317357642 0.9999998515751642
1701507572.0 0.0 0.0 0.0 4.52356838937886e-08 -0.000287979309830095 0.0004712388539141788 0.9999998475009171
1701507573.0 0.0 0.0 0.0 4.7977242488604005e-08 -0.00030543261403673515 0.0004712388514738684 0.999999842322418
1701507574.0 0.0 0.0 0.0 5.917193605860406e-08 -0.0003228859167118685 0.0004974187876877192 0.9999998241596
1701507575.0 0.0 0.0 0.0 5.071881046602171e-08 -0.00032288591815033367 0.0004886921511600858 0.9999998284623166
1701507576.0 0.0 0.0 0.0 5.635422753196336e-08 -0.00032288591721594596 0.0005061454241774718 0.9999998197807292
1701507577.0 0.0 0.0 0.0 5.353651430242255e-08 -0.0003228859176954352 0.0005148720751805921 0.9999998153256966
1701507578.0 0.0 0.0 0.0 4.660646998828668e-08 -0.0003141592519722625 0.0004974188036222774 0.9999998269392331
1701507579.0 0.0 0.0 0.0 3.731563409501142e-08 -0.00030543261552537656 0.0004886921538396425 0.9999998339454336
1701507580.0 0.0 0.0 0.0 3.9981038420494404e-08 -0.00030543261518810593 0.0004799655026750312 0.999999838172003
1701507581.0 0.0 0.0 0.0 3.731563409501142e-08 -0.00030543261552537656 0.0004886921538396425 0.9999998339454336
1701507582.0 0.0 0.0 0.0 4.112334810677885e-08 -0.0003141592527378508 0.0004974187890703647 0.9999998269392403
1701507583.0 0.0 0.0 0.0 4.660646998828668e-08 -0.0003141592519722625 0.0004974188036222774 0.9999998269392331
1701507584.0 0.0 0.0 0.0 4.5311847062123186e-08 -0.00030543261444378455 0.0004974188049670377 0.9999998296427097
1701507585.0 0.0 0.0 0.0 5.597345096846005e-08 -0.00030543261267602353 0.0005148720634517839 0.9999998208088211
1701507586.0 0.0 0.0 0.0 5.597344207920108e-08 -0.00030543261267602516 0.0004799654881231183 0.99999983817201
1701507587.0 0.0 0.0 0.0 6.579735759204076e-08 -0.00031415924853908455 0.0004886921379665617 0.999999831241964
1701507588.0 0.0 0.0 0.0 6.396965496532302e-08 -0.0003054326111059726 0.0004886921392877297 0.9999998339454407
1701507589.0 0.0 0.0 0.0 6.990969354116519e-08 -0.0002967059719210493 0.0005323253668340195 0.9999998142976153
1701507590.0 0.0 0.0 0.0 6.990970217644549e-08 -0.0002967059719210473 0.0005672319412974119 0.9999997951067221
1701507591.0 0.0 0.0 0.0 6.28273389669747e-08 -0.00028797930652949775 0.0005323253681920757 0.9999998168487919
1701507592.0 0.0 0.0 0.0 6.663505925122448e-08 -0.00030543261053610156 0.0005497786381530933 0.9999998022271629
1701507593.0 0.0 0.0 0.0 5.330804666429018e-08 -0.00030543261315285435 0.0005235987144635436 0.9999998162776342
1701507594.0 0.0 0.0 0.0 5.483113221112221e-08 -0.00031415925064444866 0.0005235987130480064 0.9999998135741576
1701507595.0 0.0 0.0 0.0 4.112334810677885e-08 -0.0003141592527378508 0.0004974187890703647 0.9999998269392403
1701507596.0 0.0 0.0 0.0 3.015712716594683e-08 -0.00031415925398192913 0.0004974188036222774 0.9999998269392331
1701507597.0 0.0 0.0 0.0 1.812473711808176e-08 -0.00029670597960350186 0.00042760563972223933 0.9999998645594799
1701507598.0 0.0 0.0 0.0 3.624947416852992e-08 -0.00029670597794273604 0.0004886921551235946 0.999999836572756
1701507599.0 0.0 0.0 0.0 5.4374211083710855e-08 -0.00029670597517479305 0.0005672319412974119 0.9999997951067221
1701507600.0 0.0 0.0 0.0 4.5311842617493674e-08 -0.0003054326144437852 0.0005672319689109348 0.9999997924793832
1701507601.0 0.0 0.0 0.0 4.051411385708069e-08 -0.0003316125281310799 0.000558505298895964 0.9999997890524581
1701507602.0 0.0 0.0 0.0 3.381252629210471e-08 -0.00032288592036336107 0.000558505285939018 0.9999997919082417
1701507603.0 0.0 0.0 0.0 3.465022532205714e-08 -0.0003054326158393876 0.0005497786381530933 0.9999998022271629
1701507604.0 0.0 0.0 0.0 4.508337928880469e-08 -0.00032288591898636674 0.000593411888708748 0.9999997718034798
1701507605.0 0.0 0.0 0.0 4.7977242488604005e-08 -0.00030543261403673515 0.0005934118774105834 0.999999777286605
1701507606.0 0.0 0.0 0.0 2.3988616873659392e-08 -0.0003054326168628283 0.0004974187904151251 0.9999998296427169
1701507607.0 0.0 0.0 0.0 2.193245572095429e-08 -0.0003141592546637803 0.00047123886475179786 0.9999998396189343
1701507608.0 0.0 0.0 0.0 3.564023535598174e-08 -0.00031415925340773934 0.0005148720766117515 0.9999998181053369
1701507609.0 0.0 0.0 0.0 6.077116577104745e-08 -0.00033161252503749775 0.0005846852218607984 0.999999774088135
1701507610.0 0.0 0.0 0.0 7.813435984195998e-08 -0.000331612521400959 0.0006370450956741369 0.9999997421033046
1701507611.0 0.0 0.0 0.0 7.32604833185315e-08 -0.000322885913822643 0.0006283184325477762 0.9999997504802832
1701507612.0 0.0 0.0 0.0 5.597345096846005e-08 -0.00030543261267602353 0.0005672319398071105 0.9999997924793997
1701507613.0 0.0 0.0 0.0 5.2089578140740946e-08 -0.0003141592511109778 0.0005672319528255241 0.9999997897759149
1701507614.0 0.0 0.0 0.0 3.838178487541354e-08 -0.00031415925308475823 0.000541052000352141 0.9999998042833284
1701507615.0 0.0 0.0 0.0 4.6606465416667875e-08 -0.0003141592519722632 0.0005672319673774363 0.9999997897759066
1701507616.0 0.0 0.0 0.0 4.660646084504907e-08 -0.00031415925197226385 0.0005497786512186917 0.9999997995236783
1701507617.0 0.0 0.0 0.0 3.838179859027e-08 -0.00031415925308475655 0.0005235987421518314 0.9999998135741424
1701507618.0 0.0 0.0 0.0 3.624947416852992e-08 -0.00029670597794273604 0.0005585053050206544 0.9999998000186728
1701507619.0 0.0 0.0 0.0 7.767737081452516e-09 -0.0002967059800554111 0.0004974187917220048 0.9999998322700394
1701507620.0 0.0 0.0 0.0 1.0052373306661325e-08 -0.00028797931320745027 0.000523598731726912 0.9999998214561255
1701507621.0 0.0 0.0 0.0 4.873882173824558e-09 -0.0002792526756480698 0.0005235987330228264 0.9999998239311394
1701507622.0 0.0 0.0 0.0 2.4369451506663346e-09 -0.00027925267567996924 0.0005323253695095887 0.9999998193238058
1701507623.0 0.0 0.0 0.0 0.0 -0.00028797931338289727 0.0005410520337205256 0.9999998121652883
1701507624.0 0.0 0.0 0.0 2.3988616873659392e-08 -0.0003054326168628283 0.0006195918146073381 0.9999997614084212
1701507625.0 0.0 0.0 0.0 2.817711387327219e-08 -0.0003228859209043218 0.0006108651461693902 0.9999997612941988
1701507626.0 0.0 0.0 0.0 4.051411385708069e-08 -0.0003316125281310799 0.0006283184453053511 0.9999997476244986
1701507627.0 0.0 0.0 0.0 3.8610260361592035e-08 -0.0003403391950704185 0.0006195918076240156 0.9999997501375801
1701507628.0 0.0 0.0 0.0 2.604479165379386e-08 -0.00033161252958316954 0.0006021385084664681 0.9999997637311453
1701507629.0 0.0 0.0 0.0 1.91909061883693e-08 -0.00031415925484321435 0.0005846852397076555 0.999999779723542
1701507630.0 0.0 0.0 0.0 5.330808693389246e-09 -0.0003054326177583388 0.0005410520018148628 0.9999998069868049
1701507631.0 0.0 0.0 0.0 2.0713982806641073e-08 -0.0002967059794340361 0.000593411849865844 0.9999997799139447
1701507632.0 0.0 0.0 0.0 2.0104754982375228e-08 -0.0002879793126811087 0.0005759586081041691 0.9999997926697769
1701507633.0 0.0 0.0 0.0 1.644934293946631e-08 -0.0003141592549987246 0.0005934119049101319 0.9999997745831112
1701507634.0 0.0 0.0 0.0 1.9190897045131613e-08 -0.0003141592548432149 0.0006195918129322858 0.9999997587049446
1701507635.0 0.0 0.0 0.0 2.5359405311225662e-08 -0.0003228859211379187 0.0006544983835826921 0.9999997336882381
1701507636.0 0.0 0.0 0.0 2.741556849576126e-08 -0.0003141592542331376 0.000645771749633602 0.9999997421413716
1701507637.0 0.0 0.0 0.0 2.764402865180269e-08 -0.00028797931205607917 0.0006719516620847981 0.9999997327744037
1701507638.0 0.0 0.0 0.0 3.1070974178412415e-08 -0.0002967059785302182 0.0006632250246560001 0.9999997360490291
1701507639.0 0.0 0.0 0.0 2.1323216978800186e-08 -0.0003054326170605383 0.000628318450544832 0.9999997559633905
1701507640.0 0.0 0.0 0.0 2.1323216978800186e-08 -0.0003054326170605383 0.000628318450544832 0.9999997559633905
1701507641.0 0.0 0.21533961816879774 0.12699940490772543 1.1925770343292574e-07 -0.0004712388874679826 0.0008988443416368227 0.9999994850062405
1701507642.0 0.0 0.4306792363375955 0.25399880981545087 1.3707781227667006e-07 -0.0006544984033454101 0.0011344635070385683 0.9999991423118183
1701507643.0 -0.02160075957131319 0.9297860734641968 -0.10015620189470764 -1.0989073554573236e-07 -0.00034033917951943 0.0008639378527901343 0.9999995688902158
1701507644.0 -0.02160075957131319 1.3604653098017923 0.15384260792074317 3.3584083801320705e-08 -0.0005497786627714999 0.0011955500232840666 0.9999991342014065
1701507645.0 -0.04320151914262638 2.0749117650971916 -0.07331299888168985 3.198483287690839e-08 -0.000610865206278827 0.0016057019237849226 0.9999985242814264
1701507646.0 -0.04320151914262638 2.505591001434787 0.18068581093376102 -6.473118451803064e-07 -0.0008726642683985568 0.0017191477938206853 0.9999981414920323
1701507647.0 -0.06480227871393962 3.435377074898984 0.08052960903905326 -7.740323044073211e-07 -0.0003839716335471553 0.0011257370927731174 0.9999992926403416
1701507648.0 0.14135691570050912 4.312798958349398 0.06916189155873442 -2.130337664830007e-06 -0.0006195882102396382 0.000349065680471708 0.9999997471294991
1701507649.0 0.11975615612919588 5.242585031813595 -0.03099431033597333 -1.0151372951042855e-07 -0.000270526018930746 -0.004686191584098486 0.9999889831513644
1701507650.0 -0.108003797856566 5.94096807633377 0.2612154199728143 1.4012393926329364e-07 -8.726634785904016e-05 -0.0063180500548172605 0.9999800371147765
1701507651.0 0.09815539655788275 6.818389959784185 0.24984770249249522 -1.7075308380670738e-06 0.0006457695530996162 -0.005506484780777195 0.9999846306839558
1701507652.0 0.0765546369865695 7.748176033248383 0.14969150059778746 -3.9234619354129644e-06 0.0010035564974797259 -0.00558502197122029 0.9999839000646679
1701507653.0 0.28271383140101825 8.625597916698796 0.13832378311746885 -1.4830076961855786e-05 0.0015881796728256397 -0.010646293870844155 0.999942065267889
1701507654.0 0.2611130718297052 9.555383990162994 0.03816758122276109 -3.3809557101160255e-05 0.0020155704868908995 -0.015969051715420537 0.9998704544688959
1701507655.0 0.46727226624415374 10.432805873613407 0.02679986374244203 -3.9532692836263384e-05 0.00224239783304459 -0.015131389214465092 0.9998829987301339
1701507656.0 0.4456715066728407 11.577931565246404 0.053643066755459046 -1.0294199636044063e-05 0.0024172567635796787 -0.000593410084053285 0.9999969023093224
1701507657.0 0.42407074710152726 12.5077176387106 -0.046513135139247375 -8.195397884163436e-06 0.0019896570289605893 -0.0012566341078491564 0.9999972310303972
1701507658.0 0.40246998753021446 13.652843330343593 -0.019669932126229916 -1.5051825247135544e-05 0.0015794504782179572 -0.007923701933626614 0.9999673594959471
1701507659.0 0.3808692279589012 14.582629403807791 -0.11982613402093811 -2.5041272842143735e-05 0.0013000288022518888 -0.01913635170241025 0.99981603774973
1701507660.0 0.5870284223733502 15.460051287258205 -0.13119385150125673 -1.6442532953799493e-05 0.0009248782272315452 -0.017461124954670948 0.9998471150357064
1701507661.0 0.35926846838758797 16.15843433177838 0.16101587880753065 -1.2642921280348418e-05 0.0008638453310080084 -0.015698585973174056 0.9998763963659926
1701507662.0 0.3376677088162747 17.303560023411375 0.187859081820549 -6.8425082718163095e-06 0.0005322814116629198 -0.014564255251035227 0.999893793909464
1701507663.0 0.3160669492449615 18.44868571504437 0.21470228483356646 -2.0104762542259872e-08 0.0005759586025321747 -0.001972220454764785 0.9999978893068554
1701507664.0 0.29446618967364824 19.593811406677364 0.2415454878465848 1.0630736081551907e-05 0.000698050683060466 0.01435483674871915 0.9998967203037267
1701507665.0 0.04510547611657323 20.575961670155344 0.05260080153748792 2.2856429047278556e-05 0.0008636354456679296 0.0247985762149279 0.9996920947117233
1701507666.0 0.02350471654525954 21.72108736178834 0.07944400455050538 3.6727028056116386e-05 0.00143069822085527 0.024353635747570417 0.9997023818015044
1701507667.0 0.22966391095970895 22.598509245238752 0.06807628707018765 2.213353375393366e-05 0.0021030036965553746 0.00986092885127779 0.999949168191938
1701507668.0 0.20806315138839615 23.74363493687175 0.09491949008320333 1.7245182219579634e-05 0.002958278307158154 0.005899152907869681 0.9999782239064162
1701507669.0 0.41422234580284467 24.836396438490958 0.21055117751061125 2.288284748192303e-05 0.0031327773014157316 0.006937593889867303 0.9999710270671718
1701507670.0 0.392621586231531 25.766182511955158 0.11039497561590395 4.437868482898826e-05 0.0029754510113221464 0.014948121701679976 0.9998838424434126
1701507671.0 0.14326087267445597 26.963672393601936 0.048449694214530936 7.287323456819448e-05 0.002634436315337772 0.027127720463389488 0.9996285016030967
1701507672.0 0.12166011310314317 28.10879808523493 0.07529289722755017 6.838850120447996e-05 0.0019361067817727064 0.03378308198657922 0.9994273111062307
1701507673.0 0.10005935353182949 29.038584158699123 -0.024863304667157138 5.6248962631702866e-05 0.0017182279947436986 0.03036401744542841 0.9995374285003968
1701507674.0 0.07845859396051669 30.18370985033212 0.001979898345858544 7.349121393121017e-05 0.0021629584890592874 0.03100945578291995 0.9995167481646634
1701507675.0 -0.1709021195965592 31.381199731978896 -0.05996538305551091 8.953066311131823e-05 0.002651385999224502 0.030974531832951045 0.9995166534451905
1701507676.0 0.0352570748178902 32.47396123359811 0.05566630437189701 9.067524695120262e-05 0.0030355140494631016 0.027241093569204254 0.999624279543874
1701507677.0 -0.19250287916787112 33.17234427811829 0.3478760346806844 0.00010878883107921933 0.003916743503774891 0.025618432663739386 0.9996641151872809
1701507678.0 -0.007944444324736288 34.5488729986953 -0.017646694509794614 9.217978743980531e-05 0.0045980024661421365 0.01821130964390945 0.9998235834772362
1701507679.0 -0.029545203896049976 35.69399869032829 0.00919650850322462 3.495326568812317e-05 0.004843143503448305 0.005471515728114275 0.9999733022710713
1701507680.0 0.17661399051839854 36.57142057377871 -0.002171208977095773 -2.3117537826495896e-05 0.005384264772564437 -0.004136358824503286 0.9999769495813957
1701507681.0 0.38277318493284795 37.66418207539792 0.11346047845031215 -4.433131198233999e-05 0.005253229951818024 -0.008333736043963572 0.9999514740492949
1701507682.0 0.36117242536153515 38.809307767030916 0.1403036814633296 -7.360897697538494e-05 0.00508708007517459 -0.013752583011443898 0.9998924855495918
1701507683.0 0.5673316197759837 39.68672965048133 0.12893596398300922 -8.553403399678598e-05 0.004371198890852999 -0.01919725833701337 0.9998061565006127
1701507684.0 0.54573086020467 40.83185534211432 0.15577916699602845 -7.931111451430318e-05 0.004100745271326721 -0.019197280478515853 0.9998073024439239
1701507685.0 0.5241301006333563 41.976981033747315 0.1826223700090459 -8.849378488670308e-05 0.0034720707243915527 -0.025461446593697045 0.9996697712900451
1701507686.0 0.7302892950478048 43.06974253536653 0.29825405743645206 -8.382319364647714e-05 0.0027825343562515354 -0.030669233730694977 0.9995257118146589
1701507687.0 0.708688535476492 43.99952860883073 0.19809785554174297 -9.017519470782007e-05 0.003096641686073704 -0.029212515294324334 0.9995684226849513
1701507688.0 0.6870877759051801 45.14465430046373 0.2249410585547622 -8.609248133122072e-05 0.0028348491094536262 -0.03042499813720302 0.9995330288224409
1701507689.0 0.8932469703196286 46.237415802082936 0.34057274598216836 -8.617769047149732e-05 0.0027300769215923017 -0.030904743302601755 0.9995186021754714
1701507690.0 0.8716462107483149 47.167201875547136 0.24041654408745927 -6.738453223334963e-05 0.002058384426104136 -0.031166468078897943 0.9995120858600791
1701507691.0 0.8500454511770013 48.312327567180134 0.2672597471004785 -5.51318361887064e-05 0.0016658765983900675 -0.031471771120978605 0.9995032513394584
1701507692.0 1.2623638400058983 49.636492097743364 -0.009474497675611815 -3.616992199756209e-05 0.0010814992851795387 -0.03133223722436566 0.9995084391647471
1701507693.0 1.2407630804345864 50.781617789376355 0.01736870533740742 -1.3729144276392923e-05 0.00047103886663618297 -0.026901001786402003 0.9996379914933129
1701507694.0 1.0130031264488242 51.48000083389653 0.3095784356461948 1.1641937716785e-06 -6.98034621394813e-05 -0.01372658294108536 0.999905783585075
1701507695.0 0.9914023668775105 52.62512652552953 0.33642163865921404 3.3605127589659993e-06 -0.0004886806221426513 -0.005131244812157891 0.9999867156650804
1701507696.0 0.7420416533204346 53.822616407176305 0.27447635725783925 -1.09799301423949e-06 -0.0007766706592399535 0.0019024071765728259 0.9999978888119795
1701507697.0 0.7204408937491227 54.9677420988093 0.30131956027086204 -3.975189700550396e-06 -0.0003926789597887275 0.00766192061814275 0.9999705699468728
1701507698.0 0.6988401341778108 56.112867790442294 0.3281627632838777 -6.515939708300904e-06 -0.0003577331639347628 0.014302485053077248 0.999897650215177
1701507699.0 0.44947942062073487 57.09501805392027 0.13921807697477817 2.403018357706026e-05 0.0008286829640267264 0.023734240101927595 0.9997179595035188
1701507700.0 0.4278786610494212 58.24014374555326 0.16606127998780096 4.403876207159556e-05 0.0011510748873121057 0.03223062838202872 0.9994797945337819
1701507701.0 0.4062779014781075 59.38526943718626 0.19290448300081664 0.00010836816264923068 0.0020041996988177323 0.04837899017826046 0.99882703445053
1701507702.0 0.15691718792103337 60.58275931883304 0.1309592015994454 0.00016637728931178508 0.0026739060544117106 0.05725889314576071 0.9983557691027444
1701507703.0 -0.29860272005049104 61.333506553366995 0.3343804474938423 0.00024214356614705488 0.0034472510084931295 0.0668307648550068 0.9977583408300191
1701507704.0 -0.32020347962180473 62.47863224499999 0.36122365050686156 0.00035133103288314545 0.004515466530781452 0.0759177440897764 0.9971037976363514
1701507705.0 -0.5695641931788806 63.67612212664676 0.2992783691054903 0.0004943170575796989 0.005738303007812081 0.0862240755996358 0.9962591210705302
1701507706.0 -0.5911649527501925 64.82124781827976 0.32612157211850956 0.0006734844613194289 0.007237966360103037 0.09492243154938447 0.9954581308374566
1701507707.0 -0.8405256663072667 65.80339808175773 0.13717688580941356 0.0008565499450515547 0.008596705282691809 0.10164286163947645 0.9947834395777869
1701507708.0 -1.0682856202930289 66.71712074444672 0.5563860210259293 0.0009807765080165009 0.009276948405849878 0.10714444515872662 0.9941997003506615
1701507709.0 -1.3176463338501048 67.6992710079247 0.3674413347168297 0.0009617812116308598 0.00924384479766951 0.10440244608365211 0.9944917071358653
1701507710.0 -1.3392470934214167 68.84439669955768 0.3942845377298454 0.0009251911232388997 0.008773879930692053 0.10524468249140237 0.9944072203376397
1701507711.0 -1.5886078069784926 70.04188658120447 0.3323392563284777 0.0008461984391802846 0.007913503052331843 0.10538429159178771 0.9943997242071919
1701507712.0 -1.6102085665498063 71.18701227283745 0.3591824593414934 0.0006898238385307017 0.006411946594234693 0.10515980677661893 0.9944344252501764
1701507713.0 -1.8595692801068804 72.38450215448424 0.29723717794012217 0.0005733150396784587 0.005309820632786149 0.10455300135978578 0.9945049758655679
1701507714.0 -1.881170039678194 73.31428822794844 0.19708097604541663 0.00043435711883631916 0.0040433424801423505 0.10432798451634065 0.9945346320577478
1701507715.0 -2.3366899476497185 74.28037508065118 0.5275016268475419 0.00032838116088482243 0.003071725080335538 0.10367740443166033 0.9946061795912782
1701507716.0 -2.3582907072210304 75.42550077228418 0.5543448298605576 0.000253392639780041 0.002395185760121181 0.10307000398620915 0.9946711884616078
1701507717.0 -2.6076514207781063 76.62299065393096 0.4923995484591863 0.00022479366228413808 0.0021525004514089197 0.1022193776437814 0.9947595262392485
1701507718.0 -2.62925218034942 77.55277672739516 0.3922433465644808 0.00025546821882171494 0.00248270917645194 0.10143797605870482 0.9948387346219728
1701507719.0 -2.8786128939064923 78.75026660904193 0.33029806516310956 0.00025028227252441536 0.00246569511736507 0.1004308703376991 0.9949409520115173
1701507720.0 -2.900213653477808 79.89539230067493 0.35714126817612524 0.00029461677539907555 0.0029436217308896452 0.09901538432160219 0.9950815051842269
1701507721.0 -3.355733561449332 80.64613953520887 0.5605625140705257 0.00035073831962381967 0.0034466719794843744 0.101984606941645 0.9947799441996482
1701507722.0 -3.605094275006408 81.84362941685566 0.49861723266915803 0.00043167189444465317 0.0038768424564742028 0.11272546170437005 0.9936185153445359
1701507723.0 -3.62669503457772 82.98875510848865 0.5254604356821737 0.0004889723138966304 0.004133778945048716 0.11783101279170559 0.9930249368481088
1701507724.0 -4.082214942549244 83.73950234302261 0.7288816815765706 0.0005196155381561904 0.003954070903227904 0.13193528526732487 0.9912503093691393
1701507725.0 -4.33157565610632 84.7216526065006 0.5399369952674746 0.0004909502275449056 0.0034647673880138924 0.14060661741965202 0.9900593585702954
1701507726.0 -4.580936369663393 85.91914248814737 0.47799171386610695 0.00042745349574432314 0.002786103213783768 0.1519934076277591 0.988377488083421
1701507727.0 -5.264216231620681 86.72225391269511 0.592624475346117 0.0003475219082594272 0.0020033888153910945 0.17020915813948326 0.9854058596067035
1701507728.0 -5.513576945177757 87.91974379434188 0.5306791939447457 0.0002218953436818875 0.0011925350595963938 0.18277594485916135 0.9831538448297035
1701507729.0 -6.196856807135042 88.72285521888963 0.6453119554247557 0.00016753605388511087 0.0008119264592556848 0.20213773284304815 0.9793567530109587
1701507730.0 -6.880136669092327 89.52596664343736 0.7599447169047657 0.00016588338640514757 0.0007408743718904433 0.21895216610599544 0.9757352984008315
1701507731.0 -7.357257336635163 90.77582071509792 0.609210951089004 0.00021730896233074912 0.0008811708832959375 0.24054136116413716 0.9706384650754335
1701507732.0 -7.812777244606687 91.52656794963188 0.812632196983401 0.00044465855733249565 0.0016606475107948339 0.26077374037781864 0.9653984156077605
1701507733.0 -8.496057106563972 92.32967937417962 0.9272649584634145 0.0005643432505969137 0.001953421336491469 0.2794933172701654 0.9601454844257178
1701507734.0 -9.17933696852126 93.13279079872736 1.0418977199434245 0.00083489654760683 0.0027196150112682596 0.29532335552526545 0.9553931244902503
1701507735.0 -9.862616830478546 93.7205626051063 1.0295310765157097 0.0009886575037380298 0.0030645999173480915 0.3094469099521416 0.9509112685759687
1701507736.0 -10.54589669243583 94.52367402965405 1.1441638379957197 0.0010723468215244705 0.0031840239873854774 0.32158640290264 0.9468742775742105
1701507737.0 -10.795257405992906 95.50582429313201 0.9552191516866273 0.0010466845189184295 0.0029990939436053314 0.3325545174218936 0.9430786832652547
1701507738.0 -11.478537267950191 96.09359609951096 0.942852508258909 0.00099179183828672 0.002740766203720634 0.3430599171717437 0.9393090001589905
1701507739.0 -12.161817129907476 96.8967075240587 1.057485269738919 0.0009582835654956775 0.002539172984571709 0.3554890490411891 0.9346765056986045
1701507740.0 -12.845096991864764 97.69981894860643 1.1721180312189325 0.0008632834702023539 0.0021829649860827353 0.370167324426744 0.9289621312692274
1701507741.0 -13.52837685382205 98.28759075498537 1.1597513877912142 0.0008650137949547078 0.0020881218124830466 0.3843265759498667 0.9231944402546423
1701507742.0 -14.211656715779334 99.09070217953311 1.2743841492712278 0.0007823756469448523 0.001800887862936839 0.39897234940847837 0.9169608547253973
1701507743.0 -15.122696531722383 99.73083817592584 1.1732290214291226 0.0009603168960073971 0.002113329059039651 0.4132225339542314 0.91062711856401
1701507744.0 -15.805976393679668 100.31860998230478 1.1608623780014078 0.0011643856124731755 0.0024224976808868977 0.43187167298547163 0.9019310582211156
1701507745.0 -16.695415450051406 100.6749787597397 1.540861666777186 0.0013167583486590171 0.0026003072674563184 0.4493794682011691 0.8933362178423085
1701507746.0 -17.378695312008688 101.26275056611865 1.5284950233494676 0.0013198531265987403 0.0024708274217542544 0.4680204978949846 0.8837131698405919
1701507747.0 -18.289735127951737 101.68754694434257 1.3003404905996412 0.001343450574000397 0.0024182215792543224 0.4823863908347249 0.8759541753324753
1701507748.0 -18.973014989909025 102.27531875072151 1.2879738471719264 0.0011807432038298984 0.0020490698155793186 0.49545725799381307 0.8686290995929331
1701507749.0 -19.862454046280753 102.63168752815645 1.6679731359477081 0.0010994944000118439 0.001853970285041154 0.5071762077179479 0.8618396882431718
1701507750.0 -20.773493862223802 103.27182352454915 1.566818008105603 0.0009398001567995286 0.0015426956665327463 0.518123212780731 0.8553040823259989
1701507751.0 -21.45677372418109 103.6442557127593 1.4274519597701634 0.0009180085371461197 0.0014741254990587166 0.5266211916315697 0.8500982912221882
1701507752.0 -22.573972734538586 104.052988680208 1.7186627641315546 0.0008454423694902023 0.001334210467076689 0.5339680768430113 0.8455031626328819
1701507753.0 -23.257252596495867 104.64076048658696 1.7062961207038398 0.0010761729045631393 0.0016735155024447475 0.539849965824251 0.8417589058615877
1701507754.0 -24.168292412438916 105.28089648297967 1.6051409928617382 0.0014746159593906098 0.0022680220060786052 0.5452663022986062 0.8382585169036801
1701507755.0 -25.057731468810655 105.4219256422458 1.858140876729788 0.0017498737834107387 0.002661497954083373 0.5504051076251606 0.8348916527732912
1701507756.0 -25.968771284753696 106.06206163863853 1.7569857488876863 0.0020509339187499654 0.003016555080870909 0.5644230889349143 0.8254776015996285
1701507757.0 -26.858210341125435 106.20309079790464 2.0099856327557397 0.002226022012542366 0.0031286156231022043 0.5817354077043304 0.8133690257277806
1701507758.0 -27.769250157068484 106.62788717612857 1.7818311000059133 0.0020843806176652695 0.0028108722168879103 0.5965364166023688 0.8025783812326533
1701507759.0 -28.88644916742598 106.82128052540848 1.9460424994595797 0.0016411566550533106 0.00215058617156359 0.6073736091879256 0.7944117197310128
1701507760.0 -29.79748898336903 107.2460769036324 1.7178879667097497 0.0011297696139760218 0.001442921957517622 0.6164990711704323 0.7873535018292852
1701507761.0 -30.914687993726517 107.4394702529123 1.8820993661634127 0.0004961636044267623 0.000620044939041808 0.6244112214695745 0.7810953820557546
1701507762.0 -32.03188700408401 107.6328636021922 2.046310765617079 -0.000281287278971772 -0.0003448984205593577 0.6309669125442752 0.7758096140142189
1701507763.0 -32.94292682002707 108.05765998041613 1.8181562328672491 -0.0008744104210663784 -0.0010547673437445804 0.636239198487844 0.771490638426554
1701507764.0 -34.060125830384564 108.25105332969605 1.9823676323209192 -0.0012279551671552432 -0.0014644318304730046 0.6415221117769084 0.7671021624704346
1701507765.0 -35.17732484074206 108.44444667897595 2.1465790317745856 -0.0011632885758987796 -0.001370562803323433 0.6471014963770663 0.7624017456065096
1701507766.0 -36.294523851099555 108.63784002825585 2.310790431228252 -0.0010081098289075729 -0.0011702788360384137 0.6539151229217105 0.7565663395739352
1701507767.0 -36.97780371305684 109.01027221646599 2.171424382892809 -0.0005494862212886003 -0.0006323790851635713 0.6590043118315071 0.7521386940911011
1701507768.0 -38.09500272341434 108.9883259475771 2.2086363774387507 -2.888029867821494e-05 -3.270760045807571e-05 0.6665194507003834 0.7454876390217346
1701507769.0 -39.212201733771835 109.18171929685701 2.3728477768924137 0.0005230997943587986 0.0005858470622879049 0.6711836350621366 0.7412907062513339
1701507770.0 -40.10164079014356 109.32274845612312 2.625847660760474 0.0010694545948924366 0.0011742237750202067 0.6786524852491546 0.734457814806638
1701507771.0 -41.01268060608661 109.53220521617826 2.2706937231029194 0.0012776432081360012 0.001373993738072216 0.6854614334299083 0.7281065190267533
1701507772.0 -42.129879616444114 109.72559856545816 2.434905122556586 0.0013263674019283796 0.0014000713630781716 0.691303682002853 0.7225617619269593
1701507773.0 -43.24707862680161 109.70365229656926 2.472117117102524 0.0013354456334267678 0.0013671208574252513 0.7016482941360008 0.7125208901509916
1701507774.0 -44.364277637159105 109.68170602768038 2.5093291116484657 0.0009894757935368713 0.0009851333810710636 0.7106514515915129 0.7035428663562379
1701507775.0 -45.4814766475166 109.65975975879148 2.5465411061944074 0.0004318809443456163 0.0004195827369663108 0.7190183077716281 0.6949908708165894
1701507776.0 -46.5986756578741 109.63781348990258 2.5837531007403456 0.00010125117019000647 9.614424130086853e-05 0.726898378478109 0.6867450239138112
1701507777.0 -47.71587466823159 109.6158672210137 2.6209650952862873 -9.577524511419932e-05 -8.922908942219648e-05 0.7329288626122389 0.6803052735465174
1701507778.0 -48.83307367858909 109.5939209521248 2.658177089832229 -0.00030852855374881067 -0.0002833191945356607 0.7389141010822918 0.6737995070954819
1701507779.0 -49.95027268894658 109.57197468323591 2.695389084378167 -0.0002976414192103375 -0.00026935514156845866 0.7432148251127165 0.6690527352833014
1701507780.0 -50.839711745318326 109.28232460616442 2.6943901584307746 -0.00011813757447103816 -0.00010352547295178284 0.7540966469948138 0.6567634447174792
1701507781.0 -52.16306995009026 109.02897530833152 3.123968085180209 -2.6745085464069367e-05 -2.2431452771795624e-05 0.7674113892281843 0.6411550190588844
1701507782.0 -53.052509006462 108.73932523126004 3.1229691592328095 -0.00019736058349472147 -0.00015841277873187068 0.7802393666129412 0.6254809883134962
1701507783.0 -54.16970801681949 108.50203934420236 3.0331817488710264 -0.0004136177094836974 -0.0003210545351281257 0.789191169840729 0.6141473954107414
1701507784.0 -55.286907027176994 108.26475345714466 2.94339433850924 -0.00027879470582707746 -0.0002100487301013242 0.7969306898665324 0.604070652905681
1701507785.0 -56.17634608354874 107.9751033800732 2.9423954125618472 -0.0001758037294812945 -0.00012918792145398208 0.8036387798928962 0.5951173530118129
1701507786.0 -57.49970428832067 107.50641446407148 3.244973934403557 0.00019125505464009384 0.00013761552593299619 0.8096781629750434 0.5868741065039677
1701507787.0 -58.38914334469241 107.00142476883121 3.1169756035484326 0.0006495056203449911 0.00045692066918600265 0.816338985286631 0.577572532646026
1701507788.0 -59.506342355049895 106.76413888177352 3.027188193186653 0.001260767192292442 0.0008617954269167483 0.8242883309031696 0.5661681864177779
1701507789.0 -60.39578141142164 106.47448880470205 3.0261892672392534 0.0017752854372840654 0.00117570418482374 0.8329097175849852 0.5534047961788786
1701507790.0 -61.49137966220782 105.95343569868656 3.4175562734953573 0.0020595995568788404 0.0013147392691719429 0.8422240837389675 0.5391220847640876
1701507791.0 -62.38081871857956 105.44844600344629 3.2895579426402293 0.0023401387617268767 0.0014255691554699123 0.8542560936491893 0.5198451865376715
1701507792.0 -63.2702577749513 104.94345630820601 3.161559611785112 0.0023985429977799555 0.0013782766554483934 0.8674496933528113 0.4975172126138577
1701507793.0 -64.13809607175172 103.93935977583914 3.387716292640148 0.002053929736768853 0.0011185137904752044 0.8791185105688287 0.4765974975540481
1701507794.0 -65.02753512812345 103.43437008059887 3.259717961785025 0.002351178521727358 0.0012287485566578782 0.8878845211465238 0.4600587345600033
1701507795.0 -65.91697418449517 102.9293803853586 3.131719630929908 0.002238106919595768 0.0011241093257449155 0.8949354316815195 0.4461886376597375
1701507796.0 -66.7848124812956 102.14062347116054 3.4848757166926667 0.0025983795784692153 0.001281576141826631 0.8986869871774984 0.4385810131138713
1701507797.0 -67.67425153766733 101.63563377592025 3.356877385837546 0.0027399974046765758 0.0013495530924454656 0.8993018350004044 0.43731782571212263
1701507798.0 -68.56369059403907 101.13064408067999 3.228879054982425 0.0027135663874989125 0.0013241691221787025 0.9008570816417734 0.43410528859881875
1701507799.0 -69.65928884482526 100.3942513564957 3.493246656330797 0.0029583123134345247 0.0014194179410829436 0.9035249672070547 0.4285228900239232
1701507800.0 -70.548727901197 99.88926166125542 3.3652483254756778 0.003192484963096906 0.0015163130063370713 0.9050367925712798 0.4253186016704626
1701507801.0 -71.64432615198318 99.15286893707113 3.6296159268240498 0.003267650327953068 0.0015410891470271579 0.9058403248266378 0.4236038874037235
1701507802.0 -72.30600525436914 98.59551505181707 3.5904060803833158 0.0032860666699232716 0.0015429441127716146 0.9065377381855365 0.4221091687404542
1701507803.0 -73.19544431074088 98.0905253565768 3.462407749528195 0.0030632864236905563 0.001421897912307748 0.908097781266532 0.4187445690888602
1701507804.0 -74.29104256152705 97.35413263239252 3.726775350876572 0.0024365266137788884 0.0011139089058650716 0.9102509263158801 0.4140483953429744
1701507805.0 -74.95272166391304 96.79677874713846 3.687565504435838 0.0021970868438897185 0.0009868799601717997 0.9126639777376924 0.4087036366578571
1701507806.0 -75.61440076629901 96.2394248618844 3.648355657995106 0.002267263647452235 0.0010009041815676057 0.9149956086501027 0.4034561857964262
1701507807.0 -76.50383982267074 95.73443516664415 3.5203573271399815 0.0021196675997593277 0.0009246287131320334 0.916726702088291 0.3995082048585924
1701507808.0 -77.37167811947117 94.73033863427727 3.746514007995019 0.0021547219442678246 0.0009093260174201899 0.9213899112991402 0.3886324248640345
1701507809.0 -78.03335722185713 94.17298474902321 3.707304161554285 0.002503422543573385 0.00102532512700844 0.9252692223571312 0.3793013943325045
1701507810.0 -78.90119551865754 93.16888821665634 3.933460842409323 0.0026827969210456407 0.0010705718144274137 0.9287312696277337 0.37074234353837787
1701507811.0 -79.56287462104352 92.39619471323348 3.7672515910608677 0.0029705706363572486 0.0011494954162023809 0.9330712607160724 0.3596774621742399
1701507812.0 -80.22455372342951 91.83884082797944 3.728041744620133 0.0028906758402517147 0.0010646500046483688 0.9392336754931423 0.34326464037706683
1701507813.0 -80.86463206624416 90.78238010559879 4.042986909889558 0.0027106130311802543 0.0009463495997678839 0.9455232016155656 0.3255420590431916
1701507814.0 -81.29855121464438 89.95732241216214 3.965566142955491 0.002027730723342242 0.0006778396063726537 0.9500243809702938 0.31216839110260935
1701507815.0 -81.96023031703034 89.1846289087393 3.7993568916070295 0.0013869031516376966 0.00044762346595805997 0.9532133866726532 0.3022947495424485
1701507816.0 -82.62190941941631 88.62727502348524 3.7601470451663004 0.0008395433846038489 0.0002683603993075595 0.9535195590163353 0.30132984207159896
1701507817.0 -83.26198776223097 87.5708143011046 4.07509221043572 0.0006729733950833879 0.00021623009624968255 0.9534565610970687 0.301529578072047
1701507818.0 -83.92366686461695 86.79812079768173 3.9088829590872654 0.0007108389457197173 0.0002119508200335616 0.9595941200295173 0.28138687707428617
1701507819.0 -84.35758601301715 85.97306310424511 3.8314621921531975 0.0005034285976971099 0.00014392800681451364 0.9619226701931425 0.27332124398383445
1701507820.0 -84.99766435583182 84.91660238186446 4.146407357422619 0.0010850723374102866 0.00029983664701734784 0.96431228483307 0.2647650846241469
1701507821.0 -85.43158350423202 83.87620507025902 3.941987185580825 0.0018844031304540124 0.0004859014403485684 0.9684683722093995 0.2491289323918603
1701507822.0 -85.86550265263224 83.0511473768224 3.8645664186467568 0.0024790531900823675 0.000589496716347324 0.9729382889436324 0.23105106079899096
1701507823.0 -86.50558099544689 81.99468665444174 4.179511583916184 0.002997409803977676 0.0006718135010285771 0.9758892977715151 0.21824445627806016
1701507824.0 -86.93950014384711 80.95428934283632 3.9750914120743834 0.0034578830116761793 0.0007308970176078792 0.9782465770399938 0.20741538839768517
1701507825.0 -87.37341929224732 80.12923164939967 3.897670645140316 0.0035006218301066355 0.0006962537320012649 0.9807142707458568 0.19541438031262048
1701507826.0 -87.57957848666176 79.25180976594926 3.9090383626206346 0.0031295077291094097 0.0005443292552841042 0.9853642875665378 0.1704321879092231
1701507827.0 -87.78573768107621 78.37438788249884 3.9204060801009537 0.002599514913593854 0.0003770508812897712 0.9897628466940784 0.14269760915614957
1701507828.0 -87.7641369215049 77.22926219086585 3.8935628770879345 0.002199138978424917 0.00027740650019707853 0.9921984292678385 0.12464896225729767
1701507829.0 -87.97029611591935 76.35184030741544 3.9049305945682535 0.002349632678777161 0.00026845464669328784 0.993575000769405 0.11315089484601634
1701507830.0 -88.610374458734 75.08003996686598 4.092876354929955 0.0027332900597595534 0.0002924419542717941 0.9943878540066892 0.10576029220422917
1701507831.0 -88.81653365314845 74.20261808341557 4.104244072410275 0.0029905635201955007 0.0002613509370353448 0.9961666009030272 0.08742477606964837
1701507832.0 -88.79493289357715 73.05749239178257 4.0774008693972545 0.002863561896137093 0.0002073977742811532 0.9974135348621287 0.07181919989294995
1701507833.0 -89.0010920879916 72.18007050833215 4.088768586877574 0.0022665251114349972 0.0001043492494661622 0.999003320797121 0.04457821229567368
1701507834.0 -88.97949132842028 71.03494481669917 4.061925383864562 0.0014482994534079432 3.060322319266618e-05 0.9997480501605747 0.022399502053952382
1701507835.0 -88.95789056884898 69.88981912506618 4.035082180851542 0.000916290613476579 3.606330945301085e-06 0.9999889244084074 0.004616433582599636
1701507836.0 -88.93628980927765 68.74469343343317 4.008238977838523 -0.0009511433197165408 1.0765938068138056e-05 -0.9999397667103365 0.010934265487805963
1701507837.0 -88.91468904970634 67.59956774180019 3.9813957748255033 -0.001203899440179335 3.0148053029718403e-05 -0.9997069154252944 0.024179184603207744
1701507838.0 -88.89308829013504 66.66978166833599 4.081551976720215 -0.001848833687287219 6.701818002847871e-05 -0.9993513947473364 0.035963413896817197
1701507839.0 -88.87148753056371 65.52465597670299 4.054708773707196 -0.003225668676028674 0.00014337395838613515 -0.9989913255563218 0.044787341612596954
1701507840.0 -88.64372757657796 64.61093331401402 3.6354996384906815 -0.004209597198430977 0.0002125127001270928 -0.9987342123085551 0.05012192428657581
1701507841.0 -88.82828601142108 63.234404593437006 4.001022367681157 -0.0053245678896837526 0.0002805863629362447 -0.9985529904698816 0.05351163865681582
1701507842.0 -88.80668525184977 62.3046185199728 4.101178569575871 -0.006394596948221653 0.0003703895625527006 -0.9982327825018286 0.059078624561669825
1701507843.0 -88.78508449227847 61.15949282833981 4.074335366562851 -0.006419473726778335 0.00039302627392805194 -0.9980567086740565 0.06197936881034643
1701507844.0 -88.99124368669291 60.0667313267206 3.9587036791354437 -0.006540642326795342 0.0004129355151271205 -0.9979373184357953 0.06386045689929994
1701507845.0 -88.9696429271216 58.92160563508761 3.9318604761224254 -0.006104389193051066 0.0003978561137785164 -0.9979205285036105 0.0641653873530527
1701507846.0 -88.94804216755028 57.9918195616234 4.032016678017131 -0.005712609893318443 0.00037107002413108475 -0.9978579536656867 0.06516696019742069
1701507847.0 -88.92644140797897 56.84669386999042 4.005173475004118 -0.004955175208700456 0.00031913446842861827 -0.9979336108420586 0.06406132018287768
1701507848.0 -88.90484064840766 55.70156817835742 3.9783302719910996 -0.004755354704448502 0.00029876472018907653 -0.9980033291054324 0.06298136578187924
1701507849.0 -88.88323988883636 54.55644248672442 3.9514870689780794 -0.005261328379771768 0.00031700401929865123 -0.9980401666357598 0.06235417960166772
1701507850.0 -88.86163912926503 53.62665641326023 4.051643270872785 -0.006115964623409876 0.00035168073803428423 -0.9981107345559679 0.06113454720147929
1701507851.0 -88.84003836969372 52.48153072162724 4.024800067859774 -0.00670058206145094 0.0003691073493214451 -0.9982225209297051 0.059217942116784134
1701507852.0 -88.8184376101224 51.33640502999424 3.9979568648467527 -0.006761980502098062 0.0003650323742009391 -0.9982437460977773 0.058852066639424
1701507853.0 -88.59067765613663 50.63802198547407 3.7057471345379636 -0.006767927016529148 0.00041358778824104756 -0.9978188344104912 0.06566275812611812
1701507854.0 -88.56907689656533 49.49289629384107 3.678903931524948 -0.005894834040065157 0.0003927748759421886 -0.9974792168803888 0.07071285987161954
1701507855.0 -88.31971618300825 48.29540641219429 3.740849212926319 -0.005205722182810694 0.0003651153439255994 -0.9973213078891985 0.07295872790502596
1701507856.0 -88.29811542343694 47.1502807205613 3.7140060099133 -0.004290437575864283 0.00031823258999871503 -0.9971706617689513 0.07504773268192921
1701507857.0 -88.04875470987987 46.168130457083315 3.902950696222396 -0.0031672231284509246 0.00024250900873827653 -0.9970524076017818 0.07665772226283263
1701507858.0 -88.02715395030856 45.023004765450324 3.87610749320938 -0.0026361727738109506 0.0002055040189992843 -0.9968994494615432 0.0786415667727751
1701507859.0 -88.00555319073723 43.877879073817326 3.849264290196361 -0.0019662083543430763 0.00015388076623303816 -0.9967460715918632 0.08058150601475153
1701507860.0 -87.75619247718016 42.89572881033936 4.038208976505455 -0.0018878990554975956 0.00014786832060499332 -0.9966119517521292 0.08222549237874881
1701507861.0 -87.52843252319441 41.98200614765038 3.618999841288945 -0.0016096868955511085 0.0001236467402477321 -0.9966023951002989 0.08234718999413096
1701507862.0 -87.5068317636231 41.05222007418618 3.719156043183652 -0.0015234423940943883 0.00010652953999499946 -0.9971221263934962 0.07579665448581181
1701507863.0 -87.48523100405177 39.90709438255319 3.6923128401706364 -0.001628429939703995 0.00010609064619995715 -0.9975303554411653 0.07021771097186606
1701507864.0 -87.46363024448047 38.76196869092019 3.6654696371576154 -0.001916165570414393 0.00011906100002667936 -0.9978530827259334 0.06546403156189169
1701507865.0 -87.44202948490914 37.83218261745599 3.7656258390523263 -0.00239559396860454 0.00014245014544710477 -0.9981351253429449 0.06099600309952539
1701507866.0 -87.42042872533784 36.68705692582299 3.738782636039307 -0.0027880483752829267 0.00015802389719022825 -0.9984006163621445 0.056466016880907875
1701507867.0 -87.39882796576653 35.54193123419 3.7119394330262896 -0.0027012510432962394 0.00014716945619689105 -0.9986814782811168 0.05126389101692857
1701507868.0 -87.3772272061952 34.39680554255701 3.6850962300132704 -0.0024237712330239464 0.00010408649199936609 -0.9991991407005817 0.03993985130457006
1701507869.0 -87.3556264466239 33.25167985092401 3.658253027000253 -0.0021802642147594835 7.802251506996649e-05 -0.9994698897680236 0.0324835313279749
1701507870.0 -87.33402568705259 32.32189377745982 3.75840922889496 -0.0013171731362589436 3.806896576903263e-05 -0.9996493375865448 0.02644740948495961
1701507871.0 -87.54018488146703 31.229132275840605 3.642777541467554 -0.0007939322304786157 1.7483197544108318e-05 -0.9997761418640412 0.02114321464213954
1701507872.0 -87.51858412189573 30.084006584207607 3.6159343384545366 -8.725700375254104e-05 1.2846787545512537e-06 -0.9998626851468928 0.01657115673120905
1701507873.0 -87.49698336232441 29.154220510743414 3.716090540349242 0.00042759068624953093 -3.5748233237988076e-06 -0.9999209519789357 0.012566103093819355
1701507874.0 -87.47538260275309 28.00909481911042 3.689247337336223 0.000968650367994104 -3.736223747451733e-06 -0.9999505662253776 0.009895797494495498
1701507875.0 -87.45378184318179 26.863969127477425 3.6624041343232108 0.0006195918657981107 9.188765110934221e-08 -0.9999728765526448 0.007339091560981118
1701507876.0 -87.43218108361046 25.934183054013232 3.7625603362179127 0.00020071189963450804 6.218100739828502e-07 -0.9999910971092273 0.0042149041069394445
1701507877.0 -87.63834027802491 24.841421552394017 3.6469286487905066 0.0002879748639844385 1.6008277949565236e-06 0.9999984506124602 -0.001736617572757401
1701507878.0 -87.61673951845361 23.911635478929817 3.7470848506852192 0.0013351574338307652 7.130730178754504e-06 0.9999991031701798 0.00010470251072047573
1701507879.0 -87.59513875888229 22.766509787296826 3.7202416476721965 -0.0019722207019865936 -2.9250723592950176e-07 -0.9999957695094318 0.0021380618925718447
1701507880.0 -87.57353799931097 21.83672371383263 3.820397849566909 -0.0025044619024930394 2.0370044921187626e-05 -0.9999577124211168 0.008848764047447394
1701507881.0 -87.34577804532522 21.35368028748125 3.655187524165843 -0.0024337887356744047 6.776948615446972e-05 -0.9996330218922063 0.026979503745298474
1701507882.0 -87.3241772857539 20.423894214017057 3.7553437260605556 -0.0027549890160744476 0.00012035763413677057 -0.999286002624454 0.03768130184057884
1701507883.0 -87.07481657219682 19.441743950539077 3.944288412369648 -0.002692379331893875 0.00014956129509062906 -0.9988535266622685 0.04779498926980947
1701507884.0 -86.84705661821106 18.528021287850102 3.5250792771531323 -0.0024224264232076496 0.00013172399931884551 -0.9989449416610493 0.04585976481421506
1701507885.0 -86.82545585863976 17.382895596217104 3.49823607414012 -0.002641389800666818 0.00012123826186598835 -0.9993300078560932 0.03650402388156253
1701507886.0 -86.80385509906844 16.237769904584113 3.471392871127101 -0.0032794860909111725 0.00010644254227812678 -0.9996677471279084 0.025566168918650274
1701507887.0 -87.21617348789734 15.128944992189675 3.8751265208109125 -0.0037520100335874823 5.740189879861448e-05 -0.999938948978805 0.010393143936880272
1701507888.0 -87.19457272832602 13.983819300556682 3.848283317797897 -0.004066513256176693 2.7467357840182402e-05 -0.9999812763664218 0.004572705114447253
1701507889.0 -87.19457272832602 13.337800446050291 3.4672851030747225 -0.004223127951345152 6.855377655271426e-05 -0.9998439117396123 0.017155542775342723
1701507890.0 -86.94521201476894 12.355650182572308 3.656229789383815 -0.0034028423545478933 6.0792776006891426e-05 -0.9997703016244758 0.02116036289512479
1701507891.0 -87.1513712091834 11.262888680953095 3.5405981019564123 -0.00246090671446623 4.960715759098512e-06 -0.9999783678249653 0.006099819313105543
1701507892.0 -87.35753040359783 10.385466797502682 3.551965819436731 0.0016229041012161417 2.856866826966145e-05 0.999902058409578 0.013901041486097724
1701507893.0 -87.56368959801229 9.292705295883469 3.4363341320093213 0.0013433652645752706 3.801637739819108e-05 0.9997090540066217 0.02408321535232211
1701507894.0 -87.54208883844099 8.362919222419272 3.5364903339040303 0.0006106777425196743 1.513261564230031e-05 0.9997857645452917 0.02068941411170014
1701507895.0 -87.52048807886966 7.217793530786281 3.5096471308910147 -0.00047115409878526956 -8.939713770708676e-06 0.9998846076562382 0.01518385017138323
1701507896.0 -87.49888731929836 6.072667839153283 3.482803927877992 -0.0013438204126091536 -1.490562554314268e-05 0.9999610965681468 0.008717756291065176
1701507897.0 -87.47728655972705 4.927542147520292 3.4559607248649797 -0.0016929254201648667 -1.2099773012078702e-05 0.9999918820332768 0.003656463409119627
1701507898.0 -87.22792584616997 3.7300522658735105 3.517906006266351 -0.0019722136457367766 -5.28379358291754e-06 0.999997963761145 -0.00042757336318428857
1701507899.0 -87.20632508659865 2.8002661924093175 3.618062208161053 0.0016755139902889906 -2.1347108896286273e-06 -0.9999883794593439 0.004520353369670769
1701507900.0 -87.18472432702734 1.655140500776323 3.5912190051480373 0.0011518998267146675 -6.292692594925467e-06 -0.9999649725504427 0.008290160395536286
1701507901.0 -87.16312356745603 0.5100148091433248 3.5643758021350216 0.0007679197507316281 -6.198989247688879e-06 -0.9999555375101328 0.00939857774614929
1701507902.0 -87.14152280788471 -0.41977126432087175 3.664532004029727 0.00043630477643162043 -4.900448733269799e-06 -0.9999376167601169 0.011161191792319232
1701507903.0 -87.11992204831341 -1.5648969559538628 3.637688801016708 0.0004101233414571478 -4.878422892164623e-06 -0.9999324602118408 0.011614938215129803
1701507904.0 -87.32608124272785 -2.6576584575730777 3.5220571135893053 0.00020071067530819876 -9.370805663039456e-07 -0.999994217907877 0.0033946818937769176
1701507905.0 -87.30448048315654 -3.802784149206074 3.495213910576286 -0.00014835074260319367 -8.168957735438625e-07 0.9999870472807227 0.0050875595496852775
1701507906.0 -87.51063967757098 -4.895545650825284 3.3795822231488835 -0.00020068818406235916 -3.1473926373405183e-06 0.9999173647361115 0.01285392599701871
1701507907.0 -87.48903891799966 -5.825331724289482 3.4797384250435854 0.00017448291954332175 4.177435714971825e-06 0.9997848506996921 0.0207417899337105
1701507908.0 -87.69519811241412 -6.918093225908697 3.3641067376161793 0.00011342874292104894 2.0016835695592063e-06 0.999929152590062 0.01190281187089627
1701507909.0 -87.6735973528428 -7.847879299372888 3.4642629395108884 0.0003490219056865545 5.5377220327030465e-06 0.99994781539491 0.01021002644414526
1701507910.0 -87.65199659327149 -8.993004991005884 3.4374197364978727 -0.00035778574920403844 -2.1981163670298867e-06 0.9999995398104338 0.0008901479913409187
1701507911.0 -87.40263587971441 -10.190494872652662 3.499365017899244 0.0006457718103837603 -1.6903301476525952e-08 -0.9999909085379848 0.004214951974149293
1701507912.0 -87.3810351201431 -11.335620564285659 3.4725218148862282 0.0006457604405475732 -3.832074613708992e-06 -0.9999618665825077 0.008709096370792462
1701507913.0 -87.3594343605718 -12.265406637749852 3.5726780167809267 0.0007765652380075946 -1.284327182189638e-05 -0.999807793504495 0.019590120702912737
1701507914.0 -87.33783360100048 -13.410532329382848 3.5458348137679145 0.0010643148677570789 -2.6736221901359856e-05 -0.9995623940772489 0.02956157752210502
1701507915.0 -87.0884728874434 -14.608022211029628 3.607780095169282 0.0012908314129117288 -4.287765503900257e-05 -0.999344402072525 0.03618145881633061
1701507916.0 -87.06687212787209 -15.53780828449382 3.707936297063995 0.0012643341521918964 -5.102418198942282e-05 -0.9990798713428626 0.04286968081539282
1701507917.0 -86.81751141431502 -16.7352981661406 3.769881578465366 0.0013336937195255658 -6.29069386037635e-05 -0.9988175821546321 0.04859686083024655
1701507918.0 -86.58975146032927 -17.64902082882957 3.350672443248847 0.0009062159116598426 -4.9578545080810185e-05 -0.9986259274059736 0.05239688375513117
1701507919.0 -86.56815070075794 -18.794146520462565 3.3238292402358383 -0.00027874291166025066 1.6865529328380747e-05 -0.9983543135810213 0.05734619928217453
1701507920.0 -86.31878998720087 -19.991636402109343 3.3857745216372024 -0.0013754223970291323 9.658909715902659e-05 -0.9977598447299902 0.06688341444754371
1701507921.0 -86.06942927364379 -20.97378666558732 3.574719207946295 -0.0024365677392435316 0.00018337756862810527 -0.9972794473718846 0.0736731522330078
1701507922.0 -86.04782851407248 -22.118912357220317 3.547876004933279 -0.0032010919133307995 0.00025710405071939973 -0.9967583192433243 0.08038992428963174
1701507923.0 -86.02622775450115 -23.048698430684514 3.648032206827992 -0.003708485100277284 0.0003636203246332463 -0.994753161019368 0.10223631233811195
1701507924.0 -85.57070784652964 -23.584106047049673 3.571610365841316 -0.0036959456917485096 0.00047441218693308583 -0.9909915170594525 0.1338728054338342
1701507925.0 -85.32134713297256 -24.56625631052765 3.7605550521504156 -0.0033645841446773186 0.000512450373114966 -0.9878702791210047 0.15524409359952118
1701507926.0 -84.63806727101527 -25.584707353244188 3.5189228857626773 -0.0025835238374917694 0.00042341558961665423 -0.9859154154025586 0.16722422012202703
1701507927.0 -84.3887065574582 -26.566857616722167 3.707867572071777 -0.0017063607647096494 0.00027181815562445875 -0.9870257374310188 0.16055282026979265
1701507928.0 -84.3671057978869 -27.496643690186364 3.8080237739664753 -0.000672113077434047 0.00010764308729684671 -0.9869512009326863 0.16101820907743683
1701507929.0 -83.91158588991536 -28.24739092472032 3.6046025280720784 -8.605717873359796e-05 1.4477468417749354e-05 -0.9861136792711158 0.16607168313396362
1701507930.0 -83.6838259359296 -28.7304343510717 3.4393922026710158 -6.0074283668953013e-05 1.107447126610803e-05 -0.9832644509409535 0.18218401626987418
1701507931.0 -83.43446522237254 -29.497244996380882 3.7553362938878365 -0.0006495645246140658 0.00013391550250650943 -0.9795609847778344 0.201146308028872
1701507932.0 -82.75118536041525 -30.51569603909742 3.5137041275001053 -0.0019488008721580397 0.00044247054136612395 -0.9762638290109569 0.21657548928686662
1701507933.0 -82.29566545244373 -31.266443273631378 3.3102828816057084 -0.00277461275909209 0.0006667916217379476 -0.973562967805158 0.22840097335909748
1701507934.0 -82.04630473888665 -32.24859353710936 3.499227567914801 -0.003640723695123722 0.0009088483074152133 -0.971187763353836 0.23828606219731593
1701507935.0 -81.59078483091513 -32.78400115347451 3.4228057269281322 -0.004298228752170636 0.0010852647088643948 -0.9697454444814186 0.2440781029458429
1701507936.0 -81.34142411735805 -33.766151416952496 3.6117504132372247 -0.004598298366421803 0.0011799575372506462 -0.9678476990252444 0.2514921367436442
1701507937.0 -80.88590420938652 -34.51689865148645 3.4083291673428278 -0.004299227288989345 0.0011165398384133094 -0.9661350552168156 0.2579986919825514
1701507938.0 -80.63654349582944 -35.283709296795635 3.7242732585596485 -0.004077058169270854 0.001069330119811011 -0.9647810417405256 0.2630204851866967
1701507939.0 -80.18102358785792 -35.81911691316079 3.64785141757298 -0.004099804513598535 0.0011193495120979174 -0.9617134959699497 0.2740238864202859
1701507940.0 -79.7255036798864 -36.56986414769475 3.444430171678576 -0.004000477388712791 0.001181578703825993 -0.9560562708085645 0.2931535554961765
1701507941.0 -79.04222381792911 -37.15763595407369 3.456796815106294 -0.004539478721833216 0.001447684930215695 -0.9499176504443763 0.3124640054718506
1701507942.0 -78.58670390995759 -37.69304357043885 3.3803749741196185 -0.0050908789742704075 0.0017262381010974648 -0.9440005478541438 0.3299000889729554
1701507943.0 -77.9034240480003 -38.28081537681779 3.3927416175473297 -0.004955588144445078 0.0017956096487485008 -0.9381390536875346 0.3462186215072627
1701507944.0 -77.42630338045747 -39.09999021214075 3.7974741931785445 -0.00433629014677219 0.0016337059523131663 -0.9345178187409289 0.35588618131127364
1701507945.0 -76.97078347248595 -39.850737446674714 3.5940529472841476 -0.003092240963536365 0.0011977873380530457 -0.9311589004999093 0.3645985537150639
1701507946.0 -76.28750361052866 -40.43850925305365 3.606419590711859 -0.0016089736164589968 0.0006298857599648045 -0.9301056294931961 0.3672880782613239
1701507947.0 -75.60422374857137 -41.24162067760139 3.491786829231849 0.00024312618700473654 -9.710081318577855e-05 -0.929139004774127 0.36973049815836667
1701507948.0 -74.69318393262833 -41.88175667399412 3.592941957073954 0.0021627693778832 -0.0008900163375788632 -0.9259801301615203 0.3775649994975578
1701507949.0 -74.23766402465681 -42.41716429035928 3.5165201160872783 0.0024785900872232648 -0.0010839775031175132 -0.9178932601828004 0.39681815041016233
1701507950.0 -73.78214411668527 -42.73723228855564 3.567097680008331 0.002505789590025881 -0.001172038216813424 -0.908168918252002 0.4185947482541289
1701507951.0 -73.098864254728 -43.325004094934584 3.5794643234360493 0.0022401338839845124 -0.0011200645256384159 -0.8978788077138032 0.4402355891043785
1701507952.0 -72.41558439277071 -43.697436283144725 3.718830371771489 0.002133268365960509 -0.0011181631071423156 -0.8898879788679607 0.4561727566872452
1701507953.0 -71.52614533639897 -44.05380506057965 3.3388310829957035 0.0017706513099209394 -0.0009635670254072913 -0.8834901112470677 0.46844547138505926
1701507954.0 -70.84286547444168 -44.42623724878979 3.47819713133115 0.0013416193583108702 -0.000747671579212454 -0.877977729584345 0.47869901545608573
1701507955.0 -70.15958561248439 -45.01400905516873 3.4905637747588614 0.0007675741595445327 -0.0004332208537779585 -0.8745305418142355 0.4849696429506708
1701507956.0 -69.4763057505271 -45.601780861547674 3.5029304181865726 0.0004872650893574626 -0.0002729485956917574 -0.8745264775343258 0.4849774511904664
1701507957.0 -68.79302588856983 -46.18955266792662 3.515297061614291 0.0004955544555344663 -0.0002760033552984372 -0.8740859622025403 0.48577094286133327
1701507958.0 -68.10974602661254 -46.99266409247436 3.400664300134281 0.001529611594464446 -0.0008405114084268738 -0.8753830320871423 0.4834268310332637
1701507959.0 -67.42646616465527 -47.580435898853295 3.413030943561999 0.0025831436673709584 -0.0014057448051520613 -0.8758232050330113 0.48262310841487954
1701507960.0 -66.51542634871221 -48.220571895246024 3.5141860714041044 0.0035789063758328655 -0.0019492982449518174 -0.8751323235792565 0.48386651867253305
1701507961.0 -65.83214648675492 -48.80834370162496 3.5265527148318156 0.004304023201319728 -0.002387380037151941 -0.8702892456968142 0.49251640036176547
1701507962.0 -64.92110667081187 -49.44847969801769 3.627707842673921 0.004912755554274307 -0.002747109180580184 -0.8680204736187936 0.49649650109806326
1701507963.0 -64.01006685486882 -50.08861569441041 3.728862970516026 0.004989657073705237 -0.0028239889807921445 -0.8662772376766147 0.4995306556077385
1701507964.0 -63.1206277984971 -50.22964485367653 3.475863086647969 0.004051329894993678 -0.002320312386754154 -0.8638964234809708 0.5036478654509486
1701507965.0 -62.20958798255405 -50.86978085006926 3.5770182144900744 0.002353576101870036 -0.001368879369729733 -0.8621481305181597 0.5066489789714826
1701507966.0 -61.52630812059676 -51.4575526564482 3.5893848579177856 0.0003830216090870159 -0.00022665370234804512 -0.8583156945931864 0.5131217889912318
1701507967.0 -60.61526830465372 -51.88234903467213 3.817539390667612 -0.0018375735979217001 0.0011266840842463696 -0.8509283725815023 0.5252773159408679
1701507968.0 -59.498069294296215 -52.29108200212083 3.526328586306221 -0.0033331299462683824 0.002141680199878505 -0.840214751593768 0.542239314929216
1701507969.0 -58.81478943233893 -52.66351419033097 3.6656946346416603 -0.0036528107077141775 0.00246538307597591 -0.8273519945544786 0.5616664988825204
1701507970.0 -57.69759042198143 -52.85690753961088 3.5014832351879974 -0.003442613582599031 0.0024167728956828475 -0.8189294752645201 0.5738787521449713
1701507971.0 -57.01431056002416 -53.22933972782103 3.640849283523437 -0.0023115132861472746 0.001673318068300576 -0.810467953213633 0.5857760269306648
1701507972.0 -56.33103069806687 -53.60177191603117 3.7802153318588765 -0.0009153226853343466 0.0006848859019447527 -0.8016968844870553 0.5977297035612602
1701507973.0 -55.213831687709366 -53.57982564714227 3.7430033373129348 0.0005327879856735293 -0.00040945822246705945 -0.7940538963202062 0.6078469858604431
1701507974.0 -54.09663267735186 -53.77321899642217 3.578791937859272 0.0019216259651391584 -0.0014950832629831215 -0.7904414267225576 0.6125327934082343
1701507975.0 -53.41335281539459 -54.14565118463232 3.7181579861947114 0.002944513483111703 -0.002311990062076012 -0.7869241398400577 0.6170383964384111
1701507976.0 -52.29615380503709 -54.33904453391222 3.5539465867410485 0.003680038060247955 -0.0029154032877239523 -0.7836956274886192 0.6211272987067662
1701507977.0 -51.840633897065565 -54.65911253210859 3.604524150662101 0.004043202520121484 -0.003229841818863076 -0.7797429452228392 0.626078397655133
1701507978.0 -51.157354035108284 -54.81620510214994 3.870889603905269 0.004189223566510876 -0.003368583177262957 -0.7766072682939641 0.629962105119248
1701507979.0 -50.04015502475078 -55.00959845142984 3.706678204451599 0.0045565974491411755 -0.0037466955466483646 -0.770188227717078 0.6377893802645146
1701507980.0 -48.92295601439329 -54.98765218254095 3.669466209905657 0.004309623328020036 -0.0037014985806145565 -0.7561268883386095 0.6544003780457345
1701507981.0 -47.80575700403579 -54.96570591365205 3.6322542153597155 0.0036284257011548996 -0.0032865953862017414 -0.738234610210096 0.6745262731025725
1701507982.0 -46.916317947664055 -54.891395454749386 3.506253736399387 0.003483632489093993 -0.003276214836757452 -0.7258284430579703 0.6878591439888454
1701507983.0 -45.777518177735246 -55.153216404818295 3.9501961584713285 0.002774465617334433 -0.0026669915598153053 -0.7200433527949837 0.693918409895801
1701507984.0 -44.66031916737775 -55.346609754098196 3.7859847590176656 0.001937464246235108 -0.0018629334832455915 -0.7203124889358825 0.6936445011633305
1701507985.0 -43.543120157020255 -55.3246634852093 3.748772764471724 0.001245269257834814 -0.001185232408943337 -0.7234241226485859 0.6904017549939572
1701507986.0 -42.63208034107721 -55.74945986343323 3.9769272972215504 0.00038626306794955296 -0.00036629382121395324 -0.7234973683959173 0.6903269330931984
1701507987.0 -41.74264128470547 -55.67514940453054 3.8509268182612217 0.0005454495704061293 -0.0005281069010655582 -0.7145029879533802 0.6996319773949438
1701507988.0 -40.625442274347975 -55.65320313564166 3.81371482371528 -6.148066369945211e-05 6.193192306434723e-05 -0.7016371168442879 0.7125344543606296
1701507989.0 -39.50824326399048 -55.631256866752764 3.7765028291693383 -0.0002799177489879208 0.00028773018701631507 -0.6948152098397906 0.7191881972284314
1701507990.0 -38.618804207618744 -55.55694640785009 3.6505023502090097 -0.0001387259580067662 0.00014505434112002948 -0.6879556523560696 0.7257526989999289
1701507991.0 -37.50160519726125 -55.535000138961195 3.613290355663075 -0.00015466519895376035 0.0001660091003562318 -0.6786468918971437 0.7344646653434062
1701507992.0 -36.5905653813182 -55.52911728084753 4.095443698228355 9.946747798464061e-05 -0.0001100673928690913 -0.6676376578223191 0.744486357060301
1701507993.0 -35.701126324946465 -55.23946720377606 4.096442624175751 0.00042093509041778485 -0.00047816332643288467 -0.657072522128098 0.7538270987684796
1701507994.0 -34.583927314588976 -55.21752093488716 4.059230629629809 0.0007214395923185097 -0.000829789651578026 -0.652858530889194 0.7574790621655836
1701507995.0 -33.466728304231474 -55.195574665998265 4.022018635083867 0.0007820433386059717 -0.0009158007336247469 -0.6452372385331566 0.7639813189648941
1701507996.0 -32.34952929387398 -54.95828877894058 4.11180604544565 0.0011167334652785299 -0.001341296919083466 -0.6365754064756174 0.7712124906271585
1701507997.0 -31.460090237502243 -54.66863870186911 4.112804971393047 0.001444635744335106 -0.0017608890121805828 -0.6311007349909207 0.7756975406634811
1701507998.0 -30.342891227144747 -54.43135281481141 4.202592381754837 0.0016395491150437951 -0.0020298123599242057 -0.6259349595259995 0.779870898407979
1701507999.0 -29.22569221678725 -54.194066927753724 4.292379792116616 0.0015369550360136094 -0.0019442383714478881 -0.6188452774110266 0.7855089944312807
1701508000.0 -28.336253160415517 -54.11975646885105 4.166379313156288 0.0011103130197021697 -0.0014248997342055972 -0.6137676240956745 0.7894846676647347
1701508001.0 -27.21905415005802 -53.882470581793356 4.256166723518071 0.0008775098982634461 -0.0011416117089193569 -0.6087192292860365 0.7933844128771993
1701508002.0 -26.101855139700522 -53.64518469473566 4.345954133879857 0.00047676976420416977 -0.0006350784524212866 -0.5995054812020024 0.8003702564280526
1701508003.0 -25.21241608332879 -53.35553461766419 4.346953059827253 -3.0918878293672374e-05 4.225612276941755e-05 -0.5895347401576925 0.8077430206480555
1701508004.0 -24.095217072971295 -52.902909112437705 4.563739875096761 -0.00014281449072071645 0.00019826506419640382 -0.5817397006403235 0.8133749817850879
1701508005.0 -23.20577801659956 -52.613259035366234 4.564738801044157 -0.00046522352687877267 0.0006650007342159478 -0.5694658645237296 0.8220145804566575
1701508006.0 -22.316338960227824 -52.323608958294756 4.565737726991557 -0.00043846928443022317 0.0006410641193547891 -0.5595399087767547 0.8288030449193479
1701508007.0 -21.42689990385609 -52.033958881223285 4.56673665293895 -0.0004421826548166251 0.0006596275832380249 -0.5522424334453985 0.833683191667108
1701508008.0 -20.537460847484354 -51.528969185983016 4.694734983794071 -2.399890505241123e-05 3.644051777559381e-05 -0.5464820642450107 0.8374708063894845
1701508009.0 -19.64802179111262 -51.239319108911545 4.69573390974147 9.463935731869338e-05 -0.000146646282693489 -0.5401154775703672 0.8415908984935578
1701508010.0 -18.324663586340677 -50.55529057474103 4.520154792807482 0.00011636349031195567 -0.00018454270094358057 -0.5321302466938971 0.8466624787700361
1701508011.0 -17.43522452996894 -50.05030087950076 4.648153123662606 0.00015439877142549573 -0.0002533682261912043 -0.5200334809226279 0.8541458251873951
1701508012.0 -16.545785473597206 -49.76065080242929 4.649152049610002 0.00023254473400020721 -0.00038967206310157256 -0.5121852255797519 0.858874897046391
1701508013.0 -15.656346417225471 -49.25566110718901 4.777150380465123 0.0004286715799531095 -0.0007400181349977786 -0.5003549726047664 0.8658199408673376
1701508014.0 -14.766907360853738 -48.750671411948744 4.905148711320244 0.00043613199054314504 -0.0007859454285949811 -0.48484758884964785 0.8745981978402156
1701508015.0 -13.899069064053316 -47.74657487958188 4.678992030465206 0.0005025609807965894 -0.0009385698822523004 -0.4717196839840048 0.8817479267120889
1701508016.0 -13.009630007681583 -47.2415851843416 4.806990361320331 0.0005126062135698311 -0.0009826128595273609 -0.4623829261028969 0.8866796497920548
1701508017.0 -12.120190951309848 -46.73659548910133 4.934988692175452 0.0003591623380285556 -0.0006984644516304658 -0.45562246192111555 0.8901727671316205
1701508018.0 -11.230751894938114 -46.231605793861064 5.062987023030573 0.00031207170352776944 -0.0006147280160628046 -0.4491161773875803 0.8934731019619369
1701508019.0 -10.362913598137691 -45.44284887966299 4.70983093726781 9.195348465869197e-05 -0.0001881740343430016 -0.43609511057995287 0.8999005559856867
1701508020.0 -9.70123449575172 -44.67015537624014 4.876040188616265 -0.0001294460530753701 0.00027664562776653 -0.4193807527695745 0.9078103826886653
1701508021.0 -9.039555393365747 -44.11280149098609 4.915250035057003 -0.00014083321941558307 0.00031939467954777805 -0.39835687575424555 0.9172304387079396
1701508022.0 -8.377876290979774 -43.340107987563236 5.081459286405458 -0.0002071476188190935 0.0004998271616149059 -0.37643441564044167 0.9264431110349474
1701508023.0 -7.716197188593802 -42.567414484140386 5.247668537753917 -0.00012530102044408094 0.0003164339164305947 -0.3613723137556333 0.9324215436272003
1701508024.0 -6.8483588917933815 -41.77865756994231 4.8945124519911545 0.00022310153454557305 -0.0005780309627432901 -0.3531971999786204 0.9355486914282837
1701508025.0 -5.958919835421647 -41.058328256533244 5.149510187754 0.00015947902084160358 -0.0004248385716768976 -0.34589594810164087 0.9382727679973969
1701508026.0 -5.525000687021435 -40.23327056309661 5.226930954688072 0.00026294139740316917 -0.0007308080049127485 -0.3334859318806304 0.942754756031063
1701508027.0 -4.863321584635463 -39.46057705967376 5.393140206036531 0.0004268774980460677 -0.0012558839761391842 -0.31722163359653277 0.948350502561889
1701508028.0 -4.429402436235252 -38.635519366237126 5.470560972970599 0.00030676051985176656 -0.000982990787369882 -0.2945489445074779 0.9556358401172625
1701508029.0 -3.7893240934205936 -37.57905864385647 5.1556158077011744 0.0003663809124174907 -0.0012929967153995385 -0.27166697230955783 0.9623903834103283
1701508030.0 -3.355404945020383 -36.53866133225104 5.3600359795429675 0.00038987523303238015 -0.0014765576770595639 -0.25563106245851974 0.9667732038493088
1701508031.0 -2.921485796620172 -35.71360363881441 5.437456746477039 0.0003826360181773301 -0.0016043368404039323 -0.2342001793496447 0.9721869962541025
1701508032.0 -2.281407453805514 -34.44180329826496 5.249510986115338 0.0004245013822512437 -0.0019349292764225506 -0.21575754797364124 0.9764449581720792
1701508033.0 -1.8474883054053013 -33.616745604828324 5.32693175304941 0.0006132141484758581 -0.0030010385017618765 -0.1997005002326328 0.9798521969884822
1701508034.0 -1.4135691570050906 -32.79168791139169 5.404352519983478 0.0005685205438535607 -0.0029920616790155546 -0.1868060843780351 0.9823920862825833
1701508035.0 -1.207409962590642 -31.698926409772483 5.519984207410882 0.0006543924474348813 -0.0036594936926043083 -0.17482423483903484 0.984592640023977
1701508036.0 -0.7734908141904322 -30.87386871633585 5.597404974344954 0.0006405757019163047 -0.0037859044477583943 -0.16464185308941567 0.9863459417474003
1701508037.0 -0.33957166579022147 -29.833471404730417 5.801825146186749 0.0006509506978902327 -0.004067202934611656 -0.1546573395563595 0.987959584924822
1701508038.0 -0.13341247137577295 -28.95604952128 5.7904574287064285 0.0007062210365443017 -0.00472092623843525 -0.1422299763573086 0.9898221294417993
1701508039.0 0.5066658714388872 -27.899588798899348 5.475512263437005 0.000641079537514488 -0.00457164890395894 -0.1339069339936282 0.9909831593280238
1701508040.0 0.7128250658533357 -27.022166915448935 5.464144545956684 0.0006720249169806243 -0.005210256491081534 -0.12364306018406787 0.992312851513134
1701508041.0 0.9189842602677842 -26.14474503199852 5.452776828476366 0.0006787364526273382 -0.005745784329813679 -0.1137388618270333 0.9934938331915071
1701508042.0 1.1467442142535456 -25.55109036750591 5.9225635276139315 0.0006413777462620072 -0.005925654869273289 -0.10476092594055322 0.9944795742724105
1701508043.0 1.352903408667994 -24.673668484055494 5.911195810133613 0.0005292514228122662 -0.005358239868938746 -0.0967998166523966 0.9952893070130416
1701508044.0 1.5590626030824426 -23.796246600605077 5.899828092653292 0.0004902260356435526 -0.005388239822809362 -0.08954487985591893 0.9959680923812946
1701508045.0 1.765221797496892 -22.918824717154664 5.888460375172974 0.0003653793226974925 -0.00429543788451054 -0.08411185851077219 0.9964469935572061
1701508046.0 1.9713809919113405 -22.04140283370425 5.877092657692655 0.00022298088083627874 -0.0027485869034046075 -0.07910255916398995 0.9968626689184767
1701508047.0 2.177540186325789 -21.163980950253833 5.865724940212336 0.00021463306818850404 -0.002346396309190534 -0.08966761966078723 0.9959689585229926
1701508048.0 2.611459334726 -20.338923256817203 5.943145707146406 0.00013180293487697687 -0.0015039447403690281 -0.0839994928644693 0.996464653651456
1701508049.0 2.817618529140449 -19.676840991535585 5.8047785847583615 8.91145422679575e-05 -0.0011046953246281568 -0.07461318696373827 0.9972119353667767
1701508050.0 3.0237777235548977 -18.799419108085168 5.793410867278042 7.101498388579286e-05 -0.0009135416608080188 -0.07102737167239359 0.9974739459614058
1701508051.0 3.2299369179693462 -17.921997224634755 5.782043149797723 8.058775119488137e-05 -0.0010178320569820699 -0.07273336383792695 0.9973508987855467
1701508052.0 3.4360961123837948 -17.04457534118434 5.770675432317405 7.854999480330182e-05 -0.0010354956759934383 -0.07036579982422683 0.9975207144684767
1701508053.0 3.4360961123837948 -16.398556486677947 6.151673647040582 6.985033712664307e-05 -0.00110608050896046 -0.05971576268404796 0.9982148062385674
1701508054.0 3.414495352812481 -15.46877041321375 6.051517445145873 6.254524948573659e-05 -0.0011676964834193742 -0.050784647863148846 0.9987089426426653
1701508055.0 3.6206545472269305 -14.376008911594539 6.16714913257328 4.653949656185154e-05 -0.0010024844699281397 -0.04480502560171577 0.9989952465051034
1701508056.0 3.826813741641379 -13.283247409975326 6.282780820000686 2.6265388202891626e-05 -0.0005578873834199782 -0.046470097250444334 0.9989195253539351
1701508057.0 4.0329729360558275 -12.40582552652491 6.271413102520366 3.680848969694907e-05 -0.0007146376464549118 -0.051089702419518865 0.9986938120589586
1701508058.0 4.239132130470276 -11.528403643074498 6.260045385040048 6.513689444359347e-05 -0.001368533857411545 -0.044386547061335026 0.9990134920571583
1701508059.0 4.217531370898964 -10.383277951441501 6.286888588053065 7.794388793748744e-05 -0.0016824374239984314 -0.04204125112017106 0.9991144561727228
1701508060.0 4.423690565313413 -9.505856067991088 6.2755208705727465 0.00011303611356350354 -0.0030434965971473317 -0.029770776974235795 0.9995521122931263
1701508061.0 4.402089805742099 -8.360730376358093 6.302364073585764 9.642498425351e-05 -0.004283685038372256 -0.01411038878730064 0.999891262924617
1701508062.0 4.380489046170785 -7.215604684725098 6.3292072765987815 8.097299639351453e-05 -0.005924804764204414 -0.0051311558110612825 0.9999692802141086
1701508063.0 4.358888286599473 -6.070478993092103 6.356050479611799 2.2355787720979572e-05 -0.007382641680859414 0.005209642342405936 0.99995917703109
1701508064.0 4.33728752702816 -5.140692919627907 6.2558942777170925 -1.6269119358966524e-05 -0.008176759614843338 0.00973845773120555 0.9999191481207539
1701508065.0 4.315686767456846 -3.995567227994912 6.28273748073011 -6.234930980969253e-05 -0.008202718374020982 0.01500003690511178 0.9998538445276316
1701508066.0 4.5218459618712945 -3.118145344544497 6.2713697632497905 -7.013651103364114e-05 -0.008036848615258775 0.015968567541450984 0.9998401917285978
1701508067.0 4.500245202299982 -1.973019652911503 6.298212966262808 -7.30477992285676e-05 -0.00775756655865002 0.01559341508645324 0.9998483186119026
1701508068.0 4.2724852483142195 -1.2746366083913276 6.590422696571597 -9.588247006067946e-05 -0.007006783072641017 0.018865426806880338 0.9997974752263176
1701508069.0 4.478644442728669 -0.39721472494091303 6.579054979091278 -0.0001212864163841298 -0.00641289434500269 0.023899517610723845 0.9996937896844712
1701508070.0 4.457043683157355 0.31723173035448626 6.351899372288845 -0.0001350921646283504 -0.006142034648423483 0.026193899611680293 0.9996380028708481
1701508071.0 4.457043683157355 0.9632505848608797 6.732897587012021 -0.0001421126854588278 -0.005880008795496099 0.028453260857108188 0.9995778195053884
1701508072.0 4.663202877571804 1.4099932319736987 6.467531059716251 -0.00015181628119095785 -0.005905953968652959 0.030180358479858047 0.9995270094507523
1701508073.0 4.663202877571804 1.4099932319736987 6.467531059716251 -0.00016707250991361775 -0.006202356001162295 0.03139271040764376 0.9994878691610385
1701508074.0 4.663202877571804 1.4099932319736987 6.467531059716251 -0.00017950260381063734 -0.0064464482368780645 0.032264865466125135 0.9994585481851648
1701508075.0 4.663202877571804 1.4099932319736987 6.467531059716251 -0.00018373887288314808 -0.00649870876572874 0.03283177261443731 0.9994397469239447
1701508076.0 4.663202877571804 1.4099932319736987 6.467531059716251 -0.0001816192368600786 -0.006437658706598568 0.033171933568236875 0.9994289101222631
1701508077.0 4.435442923586042 1.4623574219874806 6.378742575301862 -0.00017517594979888848 -0.006306890746226144 0.03325917721560077 0.9994268455337004
1701508078.0 4.435442923586042 1.4623574219874806 6.378742575301862 -0.0001671551943087027 -0.006167435259937102 0.03319815540728222 0.999429746044718
1701508079.0 4.435442923586042 1.4623574219874806 6.378742575301862 -0.00015909719258704153 -0.0060454359818700185 0.03290163997358567 0.9994402981063556
1701508080.0 4.663202877571804 1.4099932319736987 6.467531059716251 -0.00015226775821112283 -0.005984506542678077 0.032395786495726275 0.9994571904355353
1701508081.0 4.663202877571804 1.4099932319736987 6.467531059716251 -0.0001469407881465931 -0.0059846397079796046 0.03169802679921712 0.99947956336936
1701508082.0 4.663202877571804 1.4099932319736987 6.467531059716251 -0.0001421313137894614 -0.0060022139052000436 0.030773466362239064 0.9995083526389252
1701508083.0 4.663202877571804 1.4099932319736987 6.467531059716251 -0.0001381928470916016 -0.0060546785641709695 0.029744204691229185 0.9995391958585256
1701508084.0 4.435442923586042 1.4623574219874806 6.378742575301862 -0.0001342808120701409 -0.00612459560132873 0.028618952536863362 0.9995716216725424
1701508085.0 4.435442923586042 1.4623574219874806 6.378742575301862 -0.00012960681757562373 -0.006177066811704252 0.027484948834431748 0.9996031235621692
1701508086.0 4.435442923586042 1.4623574219874806 6.378742575301862 -0.00012438774847088545 -0.006220814984852286 0.026359633977551308 0.9996331605570024
1701508087.0 4.435442923586042 1.4623574219874806 6.378742575301862 -0.00011847994598470378 -0.0062558428241743635 0.025269182742034196 0.999661101972369
1701508088.0 4.435442923586042 1.4623574219874806 6.378742575301862 -0.00011250674966577584 -0.006282136742559361 0.024204876138899416 0.9996872741369071
1701508089.0 4.435442923586042 1.4623574219874806 6.378742575301862 -0.00010625928751697765 -0.006308428208518926 0.023175435554516014 0.9997115041997667
1701508090.0 4.435442923586042 1.4623574219874806 6.378742575301862 -0.00010003914511883228 -0.006325985669677938 0.022233217592056802 0.999732792266504
1701508091.0 4.435442923586042 1.4623574219874806 6.378742575301862 -9.389365557325131e-05 -0.006343534420422224 0.021290980082097146 0.9997531920039976
1701508092.0 4.435442923586042 1.4623574219874806 6.378742575301862 -8.797032947314881e-05 -0.006343619328330698 0.020392348183601354 0.9997719254362952
1701508093.0 4.435442923586042 1.4623574219874806 6.378742575301862 -8.232609348697214e-05 -0.006352422138969303 0.019537324097027377 0.9997889441889776
1701508094.0 4.435442923586042 1.4623574219874806 6.378742575301862 -7.683247750227551e-05 -0.006361217912828042 0.018760808194320484 0.9998037612848493
1701508095.0 4.435442923586042 1.4623574219874806 6.378742575301862 -7.18793229488449e-05 -0.006370003147374722 0.017984283620110505 0.9998179751514458
1701508096.0 4.435442923586042 1.4623574219874806 6.378742575301862 -6.737441039052058e-05 -0.006396233255912884 0.017303721758081668 0.9998298179561078
1701508097.0 4.435442923586042 1.4623574219874806 6.378742575301862 -6.32785478454097e-05 -0.0064224557692423665 0.016640603469807388 0.9998409065315732
1701508098.0 4.435442923586042 1.4623574219874806 6.378742575301862 -5.937979988728651e-05 -0.006431219683711671 0.0160211058447215 0.9998509689223347
1701508099.0 4.435442923586042 1.4623574219874806 6.378742575301862 -5.5751214266903355e-05 -0.006439978802135124 0.015445229436383226 0.9998599744226627
1701508100.0 4.435442923586042 1.4623574219874806 6.378742575301862 -5.2719641415234756e-05 -0.006474911669884 0.01494787444087045 0.999867308091032
1701508101.0 4.435442923586042 1.4623574219874806 6.378742575301862 -4.9879344609741243e-05 -0.00650984090314733 0.014502869476204865 0.9998736351461733
1701508102.0 4.435442923586042 1.4623574219874806 6.378742575301862 -4.75132404432594e-05 -0.006536038683282947 0.014057864022626985 0.9998798199783532
1701508103.0 4.435442923586042 1.4623574219874806 6.378742575301862 -4.523812124546394e-05 -0.00655350831990822 0.013691385434365152 0.9998847910870037
1701508104.0 4.435442923586042 1.4623574219874806 6.378742575301862 -4.33517641199806e-05 -0.006579701018980194 0.013359809222871895 0.999889104427413
1701508105.0 4.435442923586042 1.4623574219874806 6.378742575301862 -4.128194458373549e-05 -0.006588440805748328 0.013106762471098979 0.9998923959712246
1701508106.0 4.435442923586042 1.4623574219874806 6.378742575301862 -3.9499600586504414e-05 -0.0065884517324901 0.012888620296481409 0.9998952316169946
1701508107.0 4.435442923586042 1.4623574219874806 6.378742575301862 -3.821345245286892e-05 -0.006614639129105683 0.012722827743603417 0.9998971820858035
1701508108.0 4.435442923586042 1.4623574219874806 6.378742575301862 -3.698314157320526e-05 -0.006632099462251777 0.012557038177772156 0.9998991622564608
1701508109.0 4.435442923586042 1.4623574219874806 6.378742575301862 -3.597791861312558e-05 -0.006649558313552586 0.012426149182487236 0.9999006815160787
1701508110.0 4.435442923586042 1.4623574219874806 6.378742575301862 -3.496691701400839e-05 -0.006667016545621827 0.012330164411591378 0.9999017535304549
1701508111.0 4.435442923586042 1.4623574219874806 6.378742575301862 -3.4344901378298954e-05 -0.006693199484022096 0.012216727076128673 0.9999029710330108
1701508112.0 4.435442923586042 1.4623574219874806 6.378742575301862 -3.3790282744051425e-05 -0.006710655587522973 0.01217309694593009 0.9999033861681574
1701508113.0 4.435442923586042 1.4623574219874806 6.378742575301862 -3.368694195055613e-05 -0.006736835787081405 0.01212073973502477 0.9999038461657418
1701508114.0 4.435442923586042 1.4623574219874806 6.378742575301862 -3.171945012135097e-05 -0.006806657374663073 0.012373781867281837 0.9999002739931424
1701508115.0 4.435442923586042 1.6776970401562787 6.505741980209587 -3.05269035099127e-05 -0.006675764743624829 0.012303986785501668 0.9999020177709306
1701508116.0 4.413842164014729 2.3921434954516774 6.278586373407155 -3.39023790579215e-05 -0.006640842340417605 0.011597197258264802 0.9999106975522322
1701508117.0 4.413842164014729 3.0381623499580708 6.659584588130331 -3.38971248238794e-05 -0.006605936240050489 0.011501214923355079 0.9999120373876215
1701508118.0 4.392241404443415 3.75260880525347 6.432428981327897 -3.20976340036938e-05 -0.006579765544190209 0.011562297670448701 0.9999115055482187
1701508119.0 4.392241404443415 4.183288041591066 6.686427791143348 6.150867060894285e-06 -0.006466396590846783 0.005680897416654882 0.9999629558547848
1701508120.0 4.5984005988578645 4.845370306872682 6.548060668755304 8.813487000004939e-05 -0.006823615168842635 -0.006946192908538314 0.9999525893322891
1701508121.0 4.5984005988578645 5.276049543210277 6.802059478570754 0.00012092824827829505 -0.006456540838006808 -0.012077132542602514 0.9999062162654627
1701508122.0 4.576799839286552 6.205835616674475 6.701903276676047 0.00010198022977681583 -0.005889569383918031 -0.010558863043497279 0.9999269038203409
1701508123.0 4.555199079715238 7.135621690138672 6.60174707478134 7.339413414229852e-05 -0.005226721673716674 -0.006937533822547171 0.9999622725974753
1701508124.0 4.7613582741296865 8.013043573589085 6.59037935730102 8.324865530520876e-05 -0.005296395112562607 -0.0077054449771874 0.9999562827374887
1701508125.0 4.533598320143924 8.711426618109261 6.882589087609808 0.00010868192944314765 -0.00485077866255817 -0.014459378249238933 0.999883685493093
1701508126.0 4.739757514558373 9.588848501559676 6.871221370129489 0.00011514761054734581 -0.004606213750198978 -0.018045534154550666 0.9998265490738842
1701508127.0 4.718156754987061 10.73397419319267 6.898064573142507 8.41450788600877e-05 -0.004362497819495527 -0.011361740876741794 0.9999259334453879
1701508128.0 4.696555995415747 11.663760266656869 6.797908371247799 4.293458774040166e-05 -0.004563818353118337 -0.0015533268059345318 0.9999883783797164
1701508129.0 4.674955235844434 12.808885958289862 6.824751574260816 1.6690190950428522e-05 -0.005113765432358716 0.004258534651424644 0.9999778567584199
1701508130.0 4.653354476273121 13.954011649922858 6.851594777273835 -1.0596971419400155e-05 -0.0054453900383366295 0.009712460129849873 0.9999380059449988
1701508131.0 4.631753716701807 15.099137341555851 6.878437980286852 -1.7475928771943913e-05 -0.005855520319470612 0.009284858893939915 0.9999397501708289
1701508132.0 4.610152957130494 16.244263033188847 6.90528118329987 -1.4087382550480245e-05 -0.006256948815838857 0.00788865175890063 0.99994930849843
1701508133.0 4.588552197559181 17.174049106653044 6.805124981405163 -1.264762944787237e-05 -0.006038789049340847 0.008883447252226097 0.9999423069516421
1701508134.0 4.566951437987868 18.31917479828604 6.831968184418181 -1.909571873241477e-05 -0.005698436899143251 0.009145249539486191 0.9999419442463251
1701508135.0 4.545350678416555 19.464300489919033 6.858811387431198 -2.1482669079690488e-05 -0.005698428400438183 0.009407033223650291 0.9999395157599229
1701508136.0 4.7515098728310035 20.55706199153824 6.9744430748586055 -2.0822431555281628e-05 -0.005209742593057811 0.009895721095108582 0.9999374644709279
1701508137.0 4.729909113259691 21.70218768317124 7.001286277871622 -2.228755042373483e-05 -0.004755952092548922 0.01114357077488942 0.99992659793274
1701508138.0 4.708308353688377 22.847313374804234 7.02812948088464 -4.37288968862283e-05 -0.0044939949359238535 0.016728031247477577 0.9998499762803832
1701508139.0 4.480548399702615 23.545696419324408 7.320339211193428 -4.711791875817013e-05 -0.004005242533020989 0.01947648620931118 0.9998022916042412
1701508140.0 4.458947640131303 24.690822110957406 7.347182414206445 -4.874445577640723e-05 -0.003638676898783496 0.021736219272806657 0.9997571177171627
1701508141.0 4.437346880559989 25.835947802590397 7.374025617219464 -5.5726283648044005e-05 -0.003551300425454344 0.024397127117291834 0.9996960364772346
1701508142.0 4.4157461209886755 26.98107349422339 7.40086882023248 -6.23242512892619e-05 -0.0034464550128036936 0.026107003990756595 0.9996532110717992
1701508143.0 4.394145361417363 27.91085956768759 7.300712618337775 -7.81967973760451e-05 -0.003664348887591513 0.02813953004355296 0.9995972855512458
1701508144.0 4.372544601846049 29.055985259320586 7.327555821350791 -8.984725084035797e-05 -0.00375137331408689 0.030137060396277206 0.9995387319741047
1701508145.0 4.123183888288974 30.25347514096736 7.265610539949421 -0.00011149765656637526 -0.0037857137200461004 0.034044548940402986 0.999413140111409
1701508146.0 4.101583128717661 31.398600832600355 7.292453742962438 -0.0001341137880788812 -0.0039159581427764935 0.038535756135220846 0.9992495397969432
1701508147.0 4.079982369146348 32.54372652423335 7.319296945975456 -0.00014205459434873594 -0.0037584919700423968 0.04163994781019798 0.9991256018664357
1701508148.0 4.058381609575035 33.47351259769755 7.2191407440807485 -0.00016115535030672326 -0.003976075363264799 0.04504879039110096 0.9989768622635647
1701508149.0 4.036780850003721 34.61863828933054 7.245983947093766 -0.00018310650671384264 -0.004202243628777566 0.04820433241883342 0.9988286389349007
1701508150.0 3.5812609420321975 35.58472514203329 7.576404597895891 -0.00020898875574930324 -0.004506817978501524 0.05085388523125562 0.9986959133151067
1701508151.0 3.5596601824608842 36.72985083366629 7.603247800908907 -0.00024092446121531277 -0.004985803411634429 0.05363373336155814 0.9985481993201158
1701508152.0 3.538059422889572 37.65963690713049 7.5030915990141995 -0.0002525540234648109 -0.005028916165830274 0.05594277419016521 0.9984212799387693
1701508153.0 3.516458663318258 38.80476259876348 7.5299348020272205 -0.0002280554117121378 -0.0044359899934900094 0.05686647975918672 0.9983719113954003
1701508154.0 3.494857903746945 39.73454867222768 7.4297786001325115 -0.00021609363627256582 -0.00414824696083317 0.05785973750795489 0.9983160802702733
1701508155.0 3.4732571441756317 40.664334745691875 7.329622398237804 -0.00017668016898439987 -0.0034337493690593563 0.05800799826259613 0.9983101974271098
1701508156.0 3.451656384604319 41.80946043732487 7.356465601250822 -9.019518372167268e-05 -0.00246799059375991 0.04325308347078432 0.9990610950575182
1701508157.0 3.4300556250330057 42.95458612895787 7.383308804263837 -4.5318112120232216e-05 -0.001666172448799661 0.03383542676494003 0.9994260281337853
1701508158.0 3.4084548654616924 44.099711820590855 7.410152007276858 -5.099631549881052e-05 -0.0016572776184703847 0.03754188488152216 0.9992936794105193
1701508159.0 3.18069491147593 45.01343448327983 7.8293611424933705 -6.019597919050464e-05 -0.0015609088283309496 0.04523216910181632 0.9989752803840636
1701508160.0 3.159094151904617 45.94322055674403 7.729204940598663 -8.753271428233192e-05 -0.0021100320478707564 0.047585771435592415 0.9988649230299663
1701508161.0 3.1374933923333037 47.08834624837702 7.756048143611679 -0.00012038421812083092 -0.002746252808360171 0.04977348141461622 0.9987567492392837
1701508162.0 2.8881326787762296 48.2858361300238 7.694102862210309 -0.00016183348188671676 -0.0035393130014129974 0.05149900520046625 0.9986667610052737
1701508163.0 2.866531919204916 49.430961821656794 7.720946065223327 -0.00018810844594132261 -0.0041408747669744814 0.05160346539590372 0.9986590509931358
1701508164.0 2.844931159633602 50.57608751328979 7.7477892682363425 -0.00016625581461090496 -0.00397586535805752 0.04887553366660653 0.9987969498664196
1701508165.0 2.8233304000622894 51.50587358675399 7.647633066341635 -0.00014446351288244572 -0.003784599105719223 0.045693926162339124 0.9989483074973264
1701508166.0 2.8017296404909757 52.650999278386976 7.674476269354656 -0.0001276244410832638 -0.003706619746433141 0.04246824652109311 0.9990909331584794
1701508167.0 2.780128880919662 53.796124970019974 7.701319472367672 -0.00010321499701972582 -0.0035327768167798313 0.03811724186699862 0.9992670237264312
1701508168.0 2.7585281213483492 54.94125066165297 7.728162675380688 -7.7079822273496e-05 -0.003507257833675737 0.030468544636517186 0.9995295698421941
1701508169.0 2.9646873157627995 56.03401216327218 7.843794362808097 -4.15369057842625e-05 -0.00341185919483848 0.02056713559329033 0.9997826515923385
1701508170.0 2.943086556191486 56.96379823673638 7.743638160913388 -2.0538528614373478e-05 -0.003935653760678524 0.012618297233831972 0.9999126405754473
1701508171.0 2.921485796620172 58.10892392836938 7.770481363926404 1.7746218508753107e-05 -0.003918213847642703 0.002696509661714887 0.9999886879964993
1701508172.0 3.1276449910346207 59.201685429988586 7.886113051353814 6.697575958248448e-05 -0.004301702084216644 -0.008935884342871148 0.9999508192128437
1701508173.0 3.333804185449069 60.294446931607794 8.00174473878122 0.00012353331547812073 -0.004815505739732706 -0.01924084364760607 0.9998032734391896
1701508174.0 3.3122034258777564 61.224233005071994 7.901588536886511 0.0001695258659939807 -0.005224487260409878 -0.025190819335276168 0.9996689945252198
1701508175.0 3.518362620292205 62.31699450669121 8.01722022431392 0.00011933972337416538 -0.00569721912606635 -0.014031758201526358 0.9998853120303519
1701508176.0 3.269001906735129 63.51448438833798 7.9552749429125456 4.179993155870525e-05 -0.006204465001468254 5.235911140723272e-05 0.9999807498773838
1701508177.0 3.0412419527493677 64.42820705102696 8.374484078129061 -1.2307657867879937e-05 -0.006780541238072745 0.009284804396220519 0.9999339060739786
1701508178.0 2.791881239192292 65.41035731450494 8.185539391819962 -6.768924070315512e-05 -0.006876209827266546 0.01706808798597879 0.9998306824303208
1701508179.0 2.770280479620981 66.55548300613793 8.212382594832984 -9.339543369411732e-05 -0.006343541775270619 0.02248621924218643 0.999727023091419
1701508180.0 2.748679720049667 67.70060869777093 8.239225797846 -8.884659754568335e-05 -0.005584317703653042 0.023864738920170707 0.999699595747812
1701508181.0 2.7270789604783534 68.84573438940392 8.266069000859016 -4.36014135199537e-05 -0.00479943916206231 0.016972316911315396 0.9998444398711773
1701508182.0 2.7054782009070397 69.99086008103691 8.292912203872035 -2.6432903805047246e-05 -0.003883257670280446 0.015096410640363211 0.9998785016175442
1701508183.0 2.9116373953214882 70.86828196448732 8.281544486391716 -2.7826471565966158e-05 -0.0036650775157686935 0.015340739345957668 0.9998756063375135
1701508184.0 2.8900366357501763 72.01340765612034 8.308387689404732 -4.810385161384707e-05 -0.003909231657089089 0.020785216338650627 0.9997763201714802
1701508185.0 2.6406759221931004 73.2108975377671 8.246442408003364 -9.4284400206961e-05 -0.004650330000897678 0.028226644672815663 0.9995907272838465
1701508186.0 2.6190751626217867 74.3560232294001 8.27328561101638 -0.00015522198508562053 -0.005949513024216304 0.034052913298950424 0.999402310532032
1701508187.0 2.3913152086360245 75.05440627392026 8.565495341325168 -0.0002402465335854289 -0.007038245975305027 0.04246748223093913 0.9990730295269507
1701508188.0 2.369714449064711 76.19953196555326 8.592338544338187 -0.00035852073949924426 -0.008430947637067806 0.05097459951236895 0.9986642983452317
1701508189.0 2.1203537355076385 77.18168222903125 8.40339385802909 -0.0005439259243277158 -0.00910298249127508 0.06697640448935938 0.9977128851007337
1701508190.0 1.664833827536114 77.93242946356521 8.606815103923488 -0.0007894020410173618 -0.00963669511172204 0.08962021950578328 0.9959290773983238
1701508191.0 1.4154731139790382 78.91457972704318 8.417870417614395 -0.0010513982462611975 -0.009515072085544252 0.11695138435912561 0.9930915021595033
1701508192.0 0.9599532060075155 79.66532696157714 8.621291663508792 -0.0012358775718428398 -0.00841814078047222 0.15163486857410166 0.9883999565686669
1701508193.0 0.5044332980359911 80.4160741961111 8.824712909403189 -0.0012498465947843953 -0.0071432616330806935 0.17777572053552226 0.9840443104275369
1701508194.0 0.0273126304931548 81.45058864960285 8.546979738679703 -0.0011462693210882308 -0.005742254806550436 0.20073253025953852 0.9796285846544004
1701508195.0 -0.6559672314641318 82.2537000741506 8.661612500159713 -0.0009201280367936354 -0.004184808201276241 0.22041452327740887 0.9753968826447554
1701508196.0 -1.1330878990069682 83.50355414581115 8.510878734343958 -0.00046965173818986353 -0.0020321006520593876 0.23202752231664567 0.9727069851099986
1701508197.0 -1.5886078069784926 84.25430138034511 8.714299980238355 -0.00025569982073991984 -0.0010424761566975038 0.24421574708324986 0.96972032913497
1701508198.0 -2.065728474521329 85.50415545200566 8.563566214422597 -0.00014940474884734832 -0.0005833087040931778 0.25565664938455007 0.9667674565554232
1701508199.0 -2.5212483824928533 86.25490268653962 8.766987460316994 -0.0002766341127396476 -0.0010371174009136928 0.2643442437040446 0.9644277933995894
1701508200.0 -3.20452824445014 87.05801411108736 8.881620221797004 -0.0005522132706004637 -0.0020202832664923285 0.27079308281160386 0.9626352994864747
1701508201.0 -3.453888958007216 88.25550399273415 8.819674940395632 -0.0008766472045576612 -0.0031438222733752054 0.2756358742570869 0.9612565800522374
1701508202.0 -4.137168819964501 89.05861541728189 8.934307701875642 -0.0013068401927494244 -0.004627367420464812 0.2799179540203145 0.9600118846433869
1701508203.0 -4.614289487507337 90.30846948894244 8.783573936059888 -0.0015278106643931456 -0.005353844360769633 0.28235381636838175 0.9592941803885524
1701508204.0 -5.0698093954788614 91.0592167234764 8.986995181954285 -0.0015914132250514142 -0.005535329683949357 0.2852654636115105 0.9584312405174129
1701508205.0 -5.753089257436146 91.86232814802413 9.101627943434295 -0.00160714668679428 -0.00538522946172275 0.29572006485083746 0.9552581115215867
1701508206.0 -6.230209924978983 92.89684260151591 8.823894772710808 -0.0015605102111729738 -0.00507110082534554 0.30440284471331497 0.9525286121029338
1701508207.0 -6.913489786936271 93.91529364423245 9.065526939098547 -0.0015469118719453501 -0.004929116425730898 0.30948588178421466 0.9508900040757444
1701508208.0 -7.596769648893556 94.71840506878019 9.180159700578557 -0.0014447171901891813 -0.004531265748319804 0.3139226123175566 0.9494366613411763
1701508209.0 -8.073890316436392 95.75291952227194 8.90242652985507 -0.0013826229019299815 -0.004285413551519144 0.31790548005393204 0.9481117177507525
1701508210.0 -8.757170178393677 96.55603094681967 9.01705929133508 -0.0014785674917016265 -0.004437625531098457 0.3273050201370919 0.944907162165086
1701508211.0 -9.440450040350965 97.35914237136741 9.13169205281509 -0.0014327688979832588 -0.004222859205304802 0.3325281993732766 0.9430827700976111
1701508212.0 -10.12372990230825 98.16225379591516 9.2463248142951 -0.0017214951937676408 -0.004833852905104521 0.3470865746946765 0.937819055035195
1701508213.0 -10.807009764265535 98.9653652204629 9.36095757577511 -0.0018773599100156628 -0.004850414654801989 0.37019576800544907 0.928939202719048
1701508214.0 -11.718049580208584 99.60550121685561 9.259802447933005 -0.002247937012291458 -0.005520102375129696 0.384828215752576 0.9229689700145102
1701508215.0 -12.401329442165869 100.40861264140337 9.374435209413015 -0.002364220900156984 -0.005566243586373012 0.39698045194366716 0.9178071410522334
1701508216.0 -13.312369258108918 101.26408825596488 9.400279486478638 -0.0025377458538530444 -0.005766919914111977 0.40779655398425374 0.9130510790964836
1701508217.0 -14.223409074051963 101.90422425235761 9.299124358636533 -0.002407210464764722 -0.005309129007983548 0.41720975402068816 0.9087915270494943
1701508218.0 -14.906688936009251 102.70733567690534 9.413757120116543 -0.0024127561207076724 -0.005075650178082429 0.4333612663733255 0.9012027680774618
1701508219.0 -15.817728751952297 103.34747167329807 9.312601992274445 -0.0023427689799402993 -0.004789695755008513 0.4436515397977112 0.8961835088212686
1701508220.0 -16.728768567895344 103.98760766969079 9.21144686443234 -0.0024187203025478636 -0.004761583495553321 0.45768117932746266 0.8891003403464289
1701508221.0 -17.845967578252843 104.3963406371395 9.50265766879373 -0.002544536794591383 -0.004735216913016732 0.47828647496481547 0.8781874235714257
1701508222.0 -18.75700739419589 105.03647663353223 9.401502540951626 -0.002761272928482097 -0.004954819730283122 0.49190666938140204 0.8706294583526053
1701508223.0 -19.440287256153173 105.62424843991117 9.389135897523914 -0.0029088044623208696 -0.005061836558524033 0.5036749256083408 0.8638735358724027
1701508224.0 -20.351327072096222 106.26438443630389 9.287980769681809 -0.0030703161361617906 -0.005179750007935743 0.5148267686794721 0.857273084611743
1701508225.0 -21.46852608245372 106.67311740375258 9.5791915740432 -0.0031156504270411136 -0.005101551054148921 0.5261080798150501 0.850396704634125
1701508226.0 -22.37956589839677 107.09791378197652 9.351037041293374 -0.003146438911074135 -0.005041520322191216 0.5348517748225842 0.8449250037513102
1701508227.0 -23.496764908754265 107.50664674942522 9.642247845654762 -0.002951780107781516 -0.004648481493868645 0.5424406112659208 0.8400761048044698
1701508228.0 -24.407804724697307 108.14678274581794 9.541092717812656 -0.0027544844818778442 -0.004194179097598934 0.5556720808003586 0.831386408534525
1701508229.0 -25.318844540640356 108.57157912404188 9.31293818506283 -0.002661619056119588 -0.003899301589142949 0.5709651766633308 0.8209607044608948
1701508230.0 -26.43604355099785 108.76497247332176 9.477149584516493 -0.002444184086350128 -0.0034660075801084735 0.5831815680637492 0.8123307647912353
1701508231.0 -27.55324256135535 109.17370544077048 9.768360388877891 -0.0024880844434700955 -0.003434629557244669 0.5938769836828952 0.8045446793107969
1701508232.0 -28.4642823772984 109.59850181899441 9.540205856128058 -0.0025543217303873973 -0.0034510226417228777 0.6032233313304338 0.7975607678552387
1701508233.0 -29.5814813876559 109.7918951682743 9.704417255581724 -0.002878714519714803 -0.003785839372650077 0.6134653351174432 0.78970732745252
1701508234.0 -30.49252120359894 110.21669154649823 9.47626272283189 -0.0034399369958209793 -0.004422057084509484 0.6220471659499028 0.7829597279415463
1701508235.0 -31.609720213956436 110.41008489577814 9.64047412228556 -0.00429787165601283 -0.005266988806274978 0.6389075036371913 0.7692535270794899
1701508236.0 -32.72691922431393 110.38813862688924 9.677686116831502 -0.004992715148967026 -0.005846337743492442 0.6560396687571899 0.7546872505530928
1701508237.0 -33.844118234671434 110.58153197616915 9.841897516285169 -0.005684286772562222 -0.006447784862840651 0.667340088951359 0.7447035118976155
1701508238.0 -34.96131724502893 110.55958570728026 9.87910951083111 -0.00611331399105884 -0.006743110581829382 0.677714599433927 0.7352687124894136
1701508239.0 -35.87235706097197 110.76904246733538 9.523955573173556 -0.005841503220534429 -0.006293802345315074 0.686903622327772 0.7266977903675972
1701508240.0 -36.98955607132947 110.96243581661528 9.688166972627226 -0.005442200975145785 -0.005747125224417922 0.6947495795420146 0.7192081581339265
1701508241.0 -37.8789951277012 110.88812535771261 9.814167451587547 -0.004969869877044447 -0.005160491483355715 0.7011153150708829 0.7130119106257006
1701508242.0 -38.79003494364426 111.09758211776774 9.459013513929992 -0.004731153863407683 -0.004844978025309473 0.7064114949444105 0.7077689892764857
1701508243.0 -39.679474000015986 111.23861127703387 9.712013397798053 -0.004457536043752519 -0.004514378958426682 0.7105887065902323 0.703579022442724
1701508244.0 -40.79667301037348 111.21666500814497 9.749225392343995 -0.004530564270216807 -0.004490807351127181 0.7181541848886048 0.6958547789328691
1701508245.0 -41.68611206674522 111.1423545492423 9.87522587130432 -0.004669843009550178 -0.004560770507938106 0.7229758298242283 0.690842486699109
1701508246.0 -42.3693919287025 111.29944711928366 9.608860418061155 -0.005027650486931279 -0.0048436272744794675 0.7276233536431724 0.6859413365867887
1701508247.0 -43.486590939059994 111.27750085039474 9.646072412607097 -0.005233449917311373 -0.004931236133485162 0.7351677766775905 0.677847058005777
1701508248.0 -44.6037899494175 111.25555458150586 9.683284407153039 -0.005519931663708124 -0.0050587942726734595 0.7441274935505732 0.6679956678729859
1701508249.0 -45.49322900578923 111.18124412260318 9.809284886113364 -0.0058626370153532755 -0.005252399157712927 0.7519258108831495 0.6592007408354699
1701508250.0 -46.38266806216096 110.8915940455317 9.808285960165968 -0.00621070104848199 -0.005398689930549365 0.7619082693181624 0.6476326663195138
1701508251.0 -47.49986707251846 110.86964777664281 9.84549795471191 -0.006220393396857398 -0.005239728059245617 0.7713991849723628 0.6362995751843843
1701508252.0 -48.3893061288902 110.57999769957134 9.84449902876451 -0.006153764693790285 -0.005060607735748915 0.778760664903669 0.6272705542493077
1701508253.0 -49.50650513924769 110.34271181251366 9.75471161840273 -0.006058002005551075 -0.004832232208326887 0.7869113916208026 0.6170173513613676
1701508254.0 -50.39594419561942 110.05306173544217 9.753712692455334 -0.005768912535695281 -0.004465722555640402 0.7950026070821768 0.6065621416662544
1701508255.0 -51.513143205976924 109.81577584838449 9.663925282093548 -0.005620403380532755 -0.004185124647511662 0.8057793263964165 0.592174444694857
1701508256.0 -52.40258226234866 109.526125771313 9.662926356146151 -0.0057074150849974106 -0.004080686518452782 0.8162082362699257 0.5777152312824398
1701508257.0 -53.06426136473463 109.18411150422776 9.750715914613146 -0.005956593036574593 -0.004105420412952567 0.8252939744553186 0.5646569934485655
1701508258.0 -53.95370042110637 108.8944614271563 9.749716988665746 -0.006112402657703433 -0.004077776148098773 0.8335018959852498 0.5524677363108454
1701508259.0 -54.8431394774781 108.38947173191602 9.621718657810629 -0.006139887699759409 -0.0039723754666847405 0.8406953669212284 0.5414589754075254
1701508260.0 -55.50481857986407 108.04745746483077 9.709508216277623 -0.0060264793835863905 -0.003776813379802492 0.8489917139082791 0.5283582940978745
1701508261.0 -56.39425763623581 107.75780738775929 9.708509290330221 -0.0058127360207938985 -0.003541707313166393 0.8554709606751888 0.5178060484879741
1701508262.0 -57.28369669260754 107.46815731068781 9.707510364382827 -0.005256897255794193 -0.003196117589314437 0.8566563188814578 0.5158508516849298
1701508263.0 -58.17313574897928 106.96316761544755 9.579512033527706 -0.004676035085823519 -0.002824439695545329 0.8581147981899294 0.5134288172315019
1701508264.0 -59.268733999765466 106.44211450943206 9.970879039783807 -0.004012016862330952 -0.0024046627368813694 0.8602702738806731 0.5098168074858752
1701508265.0 -60.15817305613719 106.15246443236057 9.969880113836407 -0.0039392825873781935 -0.002322082068502521 0.86435354362083 0.5028638400379153
1701508266.0 -61.04761211250892 105.64747473712032 9.841881782981288 -0.004019844741375391 -0.002322542814964175 0.8689591744897524 0.4948620006761643
1701508267.0 -61.70929121489489 105.30546047003504 9.92967134144828 -0.00453291773802059 -0.0025856352100239403 0.872543837969854 0.4885079507727364
1701508268.0 -62.59873027126663 105.01581039296359 9.928672415500888 -0.0050211064131097955 -0.0028215175262803365 0.8758292898789954 0.4825866580411145
1701508269.0 -63.05425017923815 104.68985953665356 9.497096636856657 -0.0049813387112383565 -0.002767455940734999 0.8786028617211588 0.4775191502208582
1701508270.0 -63.715929281624135 104.34784526956828 9.58488619532365 -0.0046811751711627065 -0.0025708917332265897 0.8813692247810434 0.47239789026156287
1701508271.0 -64.3776083840101 103.79049138431424 9.545676348882917 -0.0040793713388187994 -0.0021979847259798613 0.885927090249537 0.46380137812927347
1701508272.0 -65.47320663479628 103.05409866012995 9.810043950231288 -0.003426532080810161 -0.00178997724412554 0.8913007635312894 0.4533960782670106
1701508273.0 -65.9287265427678 102.94348742198872 9.505467576494786 -0.0032782128028820807 -0.0016778350799465437 0.8957599985341734 0.4445227364447416
1701508274.0 -66.36264569116803 102.54910896488968 9.682045619376169 -0.0035399645276080398 -0.0017791010259508855 0.8988940624034072 0.43814811197423
1701508275.0 -67.024324793554 101.99175507963562 9.642835772935438 -0.0041920354253407385 -0.0020749749816472455 0.9014565595240583 0.4328443052748483
1701508276.0 -67.4582439419542 101.59737662253659 9.819413815816814 -0.004666081629533557 -0.002277715560064582 0.9033530760942511 0.42886624908601545
1701508277.0 -68.11992304434018 101.25536235545133 9.907203374283807 -0.005053256797958277 -0.002439304347163657 0.9050170724645836 0.4253382335714371
1701508278.0 -68.34768299832594 101.09238692729632 9.691415484961695 -0.0053149080111186365 -0.0025395236420629923 0.9061001751351151 0.4230221923169262
1701508279.0 -69.00936210071191 100.75037266021106 9.77920504342869 -0.005147969253373836 -0.0024435548502763096 0.9069557814313162 0.42118729560680096
1701508280.0 -69.44328124911212 100.35599420311203 9.955783086310069 -0.004876457640316728 -0.002303269325899015 0.9076360993673612 0.4197232734034369
1701508281.0 -69.67104120309789 100.19301877495701 9.739995196987953 -0.004509138828730481 -0.0021205898199674615 0.907941853384143 0.41906653605269667
1701508282.0 -70.1049603514981 99.79864031785797 9.916573239869333 -0.0040609650533584615 -0.001904758550885515 0.9081961629745551 0.418520740245921
1701508283.0 -70.33272030548386 99.63566488970295 9.700785350547221 -0.0036266356745126103 -0.0017005003766365223 0.9082928956109473 0.4183156363260095
1701508284.0 -70.99439940786982 99.2936506226177 9.788574909014216 -0.003396599000385765 -0.0015949888716556139 0.9084215154548466 0.4180385979601044
1701508285.0 -71.2221593618556 99.1306751944627 9.5727870196921 -0.0033237749938558533 -0.001565290106261407 0.90859317219256 0.41766607455206883
1701508286.0 -71.6560785102558 98.73629673736365 9.74936506257348 -0.0035395353207941355 -0.0016601493433358171 0.9095703235839527 0.41553163784392405
1701508287.0 -71.88383846424156 98.57332130920864 9.533577173251365 -0.0038003362863559243 -0.0017822707791082457 0.9097396008201873 0.415158089954305
1701508288.0 -72.31775761264177 98.3942824702784 9.837154621040472 -0.00415447905008876 -0.0019519835087062096 0.9098177253320677 0.4149826945015734
1701508289.0 -72.54551756662754 98.23130704212338 9.621366731718357 -0.004786490517375597 -0.0022485257783377162 0.9099304822518198 0.41472708027005173
1701508290.0 -72.75167676104198 97.78456439501055 9.886733259014129 -0.00543183578068358 -0.002516478508001399 0.912114509507375 0.40989179552912625
1701508291.0 -72.97943671502775 97.62158896685554 9.670945369692017 -0.005852177382122192 -0.0026676080051185455 0.9143198579801229 0.40494176518436226
1701508292.0 -73.41335586342795 97.2272105097565 9.847523412573395 -0.006487715239717924 -0.002871302519815288 0.9182851565779059 0.39585608038970294
1701508293.0 -74.07503496581393 96.66985662450246 9.80831356613266 -0.006660243339216324 -0.0028242938998767706 0.9235712361771676 0.383358626130687
1701508294.0 -74.07503496581393 96.23917738816486 9.554314756317211 -0.006831897085083208 -0.002751669579367245 0.9297512744654179 0.36811454892013684
1701508295.0 -74.50895411421413 95.84479893106582 9.730892799198594 -0.006878535161164524 -0.0026329180184363637 0.9351871146373595 0.35407741259927183
1701508296.0 -74.7367140681999 95.6818235029108 9.515104909876479 -0.0067311797528978425 -0.0024538740959386646 0.940350125912594 0.340132783508476
1701508297.0 -75.17063321660011 95.07210542764298 9.564683547850136 -0.0065577571487904 -0.0022907780695473694 0.9444310246901456 0.32863625448166145
1701508298.0 -75.60455236500033 94.46238735237513 9.61426218582379 -0.00626105127099054 -0.002079316545676447 0.9496210342102099 0.3133310821881801
1701508299.0 -75.60455236500033 94.24704773420633 9.487262780916065 -0.006137593205007332 -0.0019219943367874209 0.955351419252467 0.295401932322245
1701508300.0 -76.03847151340052 93.85266927710731 9.663840823797448 -0.00585250361798136 -0.001719545049649635 0.960952208134186 0.2766471489971584
1701508301.0 -76.24463070781498 93.19058701182568 9.802207946185492 -0.005583894299099624 -0.0015478688520122166 0.9653950132395244 0.26072762154925616
1701508302.0 -76.47239066180074 93.02761158367066 9.58642005686338 -0.0052905994888252286 -0.0013956140526535964 0.9690206311961143 0.24691917328297783
1701508303.0 -76.47239066180074 92.81227196550186 9.459420651955654 -0.0048150180029378365 -0.0012129343713669564 0.9721210963010292 0.23442678711769996
1701508304.0 -76.47239066180074 92.81227196550186 9.459420651955654 -0.0042416281721993025 -0.001023258553936786 0.97458411047886 0.22397940337117975
1701508305.0 -76.47239066180074 92.81227196550186 9.459420651955654 -0.003731767398558906 -0.0008662470542559242 0.9765844619226132 0.2151002377019701
1701508306.0 -76.47239066180074 92.81227196550186 9.459420651955654 -0.0033717545230606844 -0.0007572611560110075 0.9781816474917984 0.20772270539642296
1701508307.0 -76.47239066180074 92.81227196550186 9.459420651955654 -0.003205821465368408 -0.0006993338026076134 0.9795032424965129 0.20140166727160483
1701508308.0 -76.47239066180074 92.81227196550186 9.459420651955654 -0.0033117080744649078 -0.0007050732596072356 0.9805302965544945 0.19633866914106138
1701508309.0 -76.47239066180074 92.81227196550186 9.459420651955654 -0.003553766916488451 -0.0007413847837589956 0.9813164348363949 0.19236651426195087
1701508310.0 -76.47239066180074 92.81227196550186 9.459420651955654 -0.0038724390961414157 -0.0007947922368490285 0.9818866128167728 0.189428224116555
1701508311.0 -76.47239066180074 92.81227196550186 9.459420651955654 -0.004173748746350905 -0.000845821513582116 0.9822783394942912 0.18737963648088246
1701508312.0 -76.47239066180074 92.81227196550186 9.459420651955654 -0.004423350150483456 -0.0008882893884271 0.9825281735953726 0.1860592190856182
1701508313.0 -76.47239066180074 92.81227196550186 9.459420651955654 -0.004586935068462805 -0.000915810493213423 0.9826668090563891 0.18532151439256137
1701508314.0 -76.47239066180074 92.81227196550186 9.459420651955654 -0.004681525066146211 -0.000932317411748183 0.9827083776970212 0.18509851028948757
1701508315.0 -76.47239066180074 92.81227196550186 9.459420651955654 -0.004690001835234953 -0.0009344312500947524 0.9826663067988588 0.18532150496722033
1701508316.0 -76.47239066180074 92.81227196550186 9.459420651955654 -0.004663937630945435 -0.0009312694648572141 0.9825822370187864 0.18576740273286857
1701508317.0 -76.47239066180074 92.81227196550186 9.459420651955654 -0.004594674000130589 -0.0009216094631438357 0.9824265885701405 0.18659056159748688
1701508318.0 -76.47239066180074 92.81227196550186 9.459420651955654 -0.004542292857625785 -0.0009165058489605129 0.9822161442359683 0.18769649329396643
1701508319.0 -76.47239066180074 92.81227196550186 9.459420651955654 -0.004506825510073947 -0.0009157770545325538 0.9819648344820308 0.1890077080885492
1701508320.0 -76.47239066180074 92.81227196550186 9.459420651955654 -0.004496840499116074 -0.0009210653187461321 0.9816750647148013 0.1905072108383166
1701508321.0 -76.47239066180074 92.81227196550186 9.459420651955654 -0.004520928951496455 -0.0009338940464581219 0.9813577481431855 0.19213448207612674
1701508322.0 -76.47239066180074 92.81227196550186 9.459420651955654 -0.004570492453996294 -0.0009527445713081636 0.9810088180866783 0.19390694085743448
1701508323.0 -76.47239066180074 92.81227196550186 9.459420651955654 -0.004594374191728537 -0.0009664275665169735 0.9806517146355849 0.195704298179249
1701508324.0 -76.47239066180074 92.81227196550186 9.459420651955654 -0.004652332947626162 -0.00098761084742748 0.980266991355091 0.19762086449207886
1701508325.0 -76.47239066180074 92.81227196550186 9.459420651955654 -0.004667546042206519 -0.00099995332145374 0.9798891841555311 0.19948534001852497
1701508326.0 -76.47239066180074 92.81227196550186 9.459420651955654 -0.004708335866680097 -0.0010178061583452128 0.9795112114621853 0.20133201996670266
1701508327.0 -76.47239066180074 92.81227196550186 9.459420651955654 -0.004740576163372062 -0.001033829306116696 0.9791351264072514 0.20315231322842678
1701508328.0 -76.47239066180074 92.81227196550186 9.459420651955654 -0.004772838085831321 -0.00104968220992978 0.978768166149116 0.20491216439479898
1701508329.0 -76.47239066180074 92.81227196550186 9.459420651955654 -0.004788074689633578 -0.001061622122007753 0.9784161662013331 0.20658594583156387
1701508330.0 -76.47239066180074 92.81227196550186 9.459420651955654 -0.004769219325066163 -0.0010660033606046972 0.9781050560926261 0.20805436171805045
1701508331.0 -76.6785498562152 92.58086893655785 9.85178658415915 -0.004665221928257232 -0.0010511818756850518 0.9777208156015554 0.20985503915906678
1701508332.0 -76.90630981020097 92.20255389023403 9.508999289929307 -0.004253972669433249 -0.0010091641799435827 0.9753464771596904 0.22063575140118902
1701508333.0 -77.34022895860116 91.59283581496621 9.558577927902967 -0.0038173915808471753 -0.0009577650409039592 0.9723969914943421 0.23329938092587646
1701508334.0 -77.77414810700138 90.98311773969837 9.60815656587662 -0.0032926696198715714 -0.0008610218498356912 0.9699279972011369 0.24336823378070513
1701508335.0 -78.43582720938734 90.42576385444431 9.568946719435887 -0.002752461231381394 -0.0008166748064728458 0.9616033640185133 0.2744280002253944
1701508336.0 -79.09750631177332 89.86840996919025 9.529736872995153 -0.003236202079319382 -0.0010814363512268862 0.9518032205722132 0.3066903761122654
1701508337.0 -79.75918541415929 89.526395702105 9.617526431462146 -0.0037908514933406344 -0.0013980306047553434 0.9421755553610401 0.335095356332342
1701508338.0 -80.1931045625595 88.91667762683717 9.667105069435804 -0.004334394638533769 -0.0016138849644700335 0.9415868848244974 0.33673839508576636
1701508339.0 -80.85478366494547 88.14398412341433 9.500895818087345 -0.004809011326210757 -0.001713215438099813 0.9449737379574948 0.3271063632422443
1701508340.0 -81.49486200776013 87.08752340103366 9.81584098335677 -0.006375951209402119 -0.002229079491266356 0.9460976785710765 0.32381099588064793
1701508341.0 -82.15654111014611 86.09949027944202 9.522632327100585 -0.007324859281539381 -0.0025290893460095452 0.9468315303076672 0.32163644594297264
1701508342.0 -82.79661945296077 85.04302955706137 9.837577492370013 -0.008475395714221295 -0.0028864160593972126 0.9476580132274967 0.3191615989362335
1701508343.0 -83.23053860136098 84.00263224545593 9.633157320528216 -0.008668561215057357 -0.0028870080730224045 0.9501828275349745 0.31155916851938087
1701508344.0 -83.66445774976118 82.96223493385051 9.428737148686423 -0.008378846718011316 -0.0026489967121661497 0.9549079892649812 0.29677181433216565
1701508345.0 -84.30453609257584 81.69043459330105 9.616682909048125 -0.008208052961868805 -0.0024926236786004287 0.9586232032922605 0.2845487107745484
1701508346.0 -84.73845524097605 80.65003728169563 9.412262737206325 -0.007585546896783418 -0.002068910278743416 0.966632834674165 0.25604519526506153
1701508347.0 -84.9446144353905 79.55727578007641 9.296631049778918 -0.007389467743671712 -0.0017039552876585789 0.9761317586306727 0.21704672790768598
1701508348.0 -85.12917287023363 78.18074705949938 9.662153778969401 -0.007885556048929253 -0.0015536603856577344 0.9826942867570915 0.18506037641855252
1701508349.0 -85.33533206464809 77.08798555788019 9.546522091541995 -0.008114695190305053 -0.0013676192629055912 0.9873015618832297 0.15864396377566736
1701508350.0 -85.31373130507679 75.94285986624719 9.519678888528976 -0.008177465970692268 -0.001308501401423723 0.9885258748284041 0.15082443989327166
1701508351.0 -85.74765045347698 74.90246255464176 9.315258716687183 -0.007159070036207507 -0.0011558630912926699 0.9883076086612419 0.15230063151224477
1701508352.0 -86.15996884230589 73.36295840590972 9.464993556555545 -0.006884093874188981 -0.0009279517863469619 0.9916674630189322 0.12863666252903377
1701508353.0 -86.13836808273457 72.21783271427672 9.438150353542525 -0.006401495919236538 -0.0006204535250871362 0.9957843340661586 0.09149970445764473
1701508354.0 -86.11676732316326 71.07270702264373 9.411307150529506 -0.006435267722215828 -0.0004198159107635471 0.9981758514387815 0.06002816579246926
1701508355.0 -86.09516656359195 69.71224171284194 9.257464542608764 -0.0066268758989818655 -0.0002657571249359421 0.9992579261993593 0.03794220363560884
1701508356.0 -86.07356580402063 68.56711602120896 9.230621339595746 -0.006447521900397269 -0.00013556326722492936 0.9998215256920658 0.017757472982780735
1701508357.0 -85.82420509046356 67.36962613956217 9.292566620997116 -0.0057158625288677555 -2.6087476894311682e-05 0.9999834497913762 -0.0006545061747634086
1701508358.0 -85.80260433089224 66.00916082976039 9.138724013076374 0.005026055842896376 -6.882130665764163e-05 -0.9998176908249005 0.018420617249586733
1701508359.0 -85.78100357132094 64.86403513812738 9.111880810063356 0.004562035055125944 -0.00013460124399962853 -0.9993650944361183 0.035335219559943135
1701508360.0 -85.75940281174962 63.71890944649439 9.085037607050339 0.0039321229337031735 -0.00016793328838026655 -0.9987996762305257 0.04882332403106166
1701508361.0 -85.7378020521783 62.5737837548614 9.05819440403732 0.00402616352673959 -0.00021121339324592668 -0.9981942590947706 0.059933016830462885
1701508362.0 -85.716201292607 61.2133184450596 8.904351796116579 0.004365582095793288 -0.00023746321663645784 -0.9981119151806732 0.06126573331442278
1701508363.0 -85.90075972745012 59.836789724482585 9.269874525307053 0.004766952261270436 -0.0002491161174488327 -0.9982619361427171 0.05873943271681059
1701508364.0 -85.87915896787882 58.6916640328496 9.243031322294039 0.005368122425774082 -0.0002832107594186393 -0.9982470702323004 0.05893971348688654
1701508365.0 -85.8575582083075 57.3311987230478 9.089188714373293 0.0055755886549336995 -0.0003245136117373965 -0.9978955424092456 0.06460103669310799
1701508366.0 -85.83595744873618 56.18607303141481 9.062345511360277 0.00609765883835206 -0.00036568550280669356 -0.9977932481754659 0.06611594910652913
1701508367.0 -85.81435668916488 55.04094733978181 9.035502308347258 0.006341004288381204 -0.0003894986932806581 -0.9977790190256509 0.0663073838089876
1701508368.0 -85.79275592959355 53.89582164814882 9.008659105334242 0.00486058893965706 -0.0002936253587882551 -0.9977745716693905 0.0664995683389936
1701508369.0 -85.77115517002225 52.75069595651582 8.981815902321221 0.003911697686409893 -0.00022657425772997254 -0.9978226362466154 0.06583793647412149
1701508370.0 -85.74955441045094 51.60557026488283 8.954972699308207 0.0022579083840526815 -0.00010174133110019472 -0.9985650993489297 0.05350358736283783
1701508371.0 -85.95571360486538 50.51280876326362 8.8393410118808 0.001447909522708244 -4.5451931337538864e-05 -0.999133432848868 0.04159669284657528
1701508372.0 -86.14027203970852 49.1362800426866 9.204863741071275 0.0007154130274393513 -1.568536943932133e-05 -0.999483569349163 0.03212604144967287
1701508373.0 -86.34643123412296 48.043518541067385 9.08923205364387 0.0004363001489328818 -5.2964493747073915e-06 -0.9997446850992229 0.02259146365296753
1701508374.0 -86.55259042853741 46.95075703944817 8.973600366216463 0.0011170096152807324 -1.3939010467014414e-06 -0.9999413007479389 0.010777167814243703
1701508375.0 -86.75874962295185 45.85799553782896 8.857968678789057 -0.0021286716772755923 -5.172624488251527e-05 0.9998605669116797 0.016562391625012742
1701508376.0 -87.39882796576653 44.58619519727951 9.045914439150756 -0.002106720502363302 -0.0001470576214733782 0.9980594155857546 0.06223297408450607
1701508377.0 -87.83274711416674 43.761137503842875 8.968493672216686 -0.0024208356511640694 -0.0002597596258125856 0.9952881088071404 0.09693117427738576
1701508378.0 -88.49442621655271 42.98844400042003 8.80228442086823 -0.002972928210167121 -0.00047533445898779384 0.9893086061771423 0.14580609554764504
1701508379.0 -89.15610531893869 42.64642973333477 8.89007397933522 -0.004781066876647887 -0.0010528921228807912 0.9801263747311885 0.1983136968895405
1701508380.0 -89.81778442132465 42.08907584808072 8.850864132894488 -0.004584811466635656 -0.0012969820887569574 0.9668725672976197 0.25521507782375796
1701508381.0 -90.47946352371062 41.747061580995464 8.938653691361482 -0.005779221619727727 -0.0021349901760688563 0.9466622179759706 0.3221687251600225
1701508382.0 -91.36890258008236 41.88809074026158 9.191653575229536 -0.005853864735010123 -0.002828293347475254 0.9146901291927064 0.40410357655164947
1701508383.0 -92.05218244203965 42.04518331030293 8.925288121986368 -0.004796011884204369 -0.0028789438887206 0.8783407764739435 0.4780022911401599
1701508384.0 -92.71386154442561 41.91850866138648 9.140077085361087 -0.0029353681846372073 -0.002076126845886045 0.8454614746418221 0.5340243142474096
1701508385.0 -93.60330060079735 41.8441982024838 9.266077564321415 -0.001526636661692338 -0.0012208589748358635 0.8140987542884118 0.5807231673955524
1701508386.0 -94.05882050876887 41.94892658251137 9.088500595492642 -0.0006732917071484243 -0.0005822267044796055 0.7895392200978163 0.6136994603367952
1701508387.0 -94.72049961115485 42.037591551763704 9.43028896377508 -0.00012151928491159846 -0.00011280417440896528 0.7632211831519425 0.6461372904394473
1701508388.0 -94.9482595651406 42.08995574177749 9.341500479360693 -0.001192414925488612 -0.0011770719324309393 0.7362377851869356 0.6767208555315457
1701508389.0 -95.17601951912638 42.14231993179127 9.252711994946306 -0.0034415073436530933 -0.0035550828307088934 0.7115637632319332 0.7026041049328418
1701508390.0 -95.60993866752658 41.74794147469223 9.42929003782769 -0.005342529867553113 -0.005744922269139927 0.6903878323531266 0.7233969133065795
1701508391.0 -96.06545857549811 41.8526698547198 9.251713068998908 -0.007981467874937425 -0.008865563205242812 0.6720734606077892 0.7403883855830572
1701508392.0 -96.49937772389832 41.458291397620755 9.428291111880293 -0.008335686254726188 -0.009542760639500339 0.6581703272179046 0.7527624276117374
1701508393.0 -96.95489763186984 41.56301977764832 9.250714143051512 -0.007989995512126894 -0.009425813084966015 0.6486550399740328 0.7609822291852085
1701508394.0 -97.16105682628428 41.3316167487043 9.643080075255005 -0.006137049073649098 -0.007381095810073788 0.6443742400454922 0.7646500472890227
1701508395.0 -97.61657673425582 41.436345128731865 9.465503106426231 -0.004629161473864445 -0.00555934721161988 0.6451141168686261 0.7640519882438905
1701508396.0 -97.84433668824157 41.48870931874565 9.376714622011844 -0.0027982770238515974 -0.0033136593787553683 0.6498001800198706 0.7600927018156162
1701508397.0 -98.07209664222734 41.325733890590634 9.160926732689724 -0.0008252634532204208 -0.0009476687490136796 0.6597323120125238 0.7514996323024948
1701508398.0 -98.27825583664179 41.09433086164661 9.55329266489322 0.000759773668803338 0.0008424677087222768 0.6711963691930336 0.7412787242152716
1701508399.0 -98.50601579062754 41.14669505166039 9.464504180478833 0.0032038622992956053 0.0034198917434890503 0.6812246014953004 0.7320594797722375
1701508400.0 -98.50601579062754 41.362034669829185 9.59150358538656 0.004453711580335333 0.004591382399061133 0.6885556448583589 0.7251552989494834
1701508401.0 -98.73377574461331 41.414398859842976 9.502715100972173 0.004873429601523602 0.004876152691174725 0.6971735232896829 0.7168692706782049
1701508402.0 -98.73377574461331 41.414398859842976 9.502715100972173 0.004637908981945739 0.004518524180368851 0.7072400376272697 0.7069438463672236
1701508403.0 -98.73377574461331 41.414398859842976 9.502715100972173 0.003023741511746008 0.002873488270566176 0.7172389156756092 0.6968148519462724
1701508404.0 -98.29985659621309 41.59343769877321 9.199137653183064 0.0024787109031734157 0.0023066276098188173 0.7267923050525829 0.6868489504816044
1701508405.0 -98.29985659621309 41.59343769877321 9.199137653183064 0.0010998919316377797 0.0009955386256848657 0.7371114034752371 0.6757696190325144
1701508406.0 -98.29985659621309 41.59343769877321 9.199137653183064 -0.0005878285863555074 -0.0005208720844054434 0.744614310715295 0.6674945029195452
1701508407.0 -98.73377574461331 41.414398859842976 9.502715100972173 -0.0017242023792680078 -0.0015279955325843185 0.7442920919177062 0.6678502633559207
1701508408.0 -98.96153569859908 41.46676304985675 9.413926616557786 -0.002185015680429533 -0.001968363823018437 0.7393224340945723 0.6733451490096394
1701508409.0 -99.62321480098505 41.124748782771505 9.501716175024775 -0.003597773657448724 -0.003190044708641643 0.7448795997003325 0.6671815806733119
1701508410.0 -100.07873470895657 41.22947716279906 9.324139206196001 -0.004235025027965976 -0.003641024710947458 0.7577354224481851 0.6525379966479631
1701508411.0 -100.74041381134253 40.88746289571381 9.411928764662989 -0.0055408584059837476 -0.004500525392757458 0.7791430997713106 0.6268054516658796
1701508412.0 -100.9681737653283 40.724487467558795 9.196140875340877 -0.0076767141522118025 -0.005806485235221398 0.8045767905843438 0.5937706129828548
1701508413.0 -101.40209291372851 40.33010901045976 9.37271891822226 -0.010434783458145127 -0.007126002551762688 0.8355345549002969 0.5492925841019308
1701508414.0 -101.60825210814296 39.66802674517814 9.511086040610305 -0.013445583780658056 -0.008035386426957601 0.869590761399503 0.4935246260627727
1701508415.0 -101.8144113025574 39.00594447989652 9.649453162998348 -0.014152007229841675 -0.007207853632232833 0.9008762958821344 0.433785277591423
1701508416.0 -101.8144113025574 38.575265243558924 9.395454353182897 -0.013697784380593183 -0.00576350463077884 0.9293361504553134 0.36893559353135463
1701508417.0 -102.24833045095762 37.75020755012229 9.31803358624883 -0.01187067372077203 -0.004505453426233577 0.9401826177733156 0.3404341834066527
1701508418.0 -103.11616874775804 36.96145063592422 9.67118967201159 -0.012525898615856628 -0.004621794704951341 0.9425690828374954 0.3337443107476939
1701508419.0 -103.77784785014401 35.973417514332574 9.37798101575541 -0.010742393285808387 -0.003591748242785503 0.9509064916540868 0.30927098871567255
1701508420.0 -103.98400704455845 35.311335249050956 9.516348138143453 -0.009033248259560927 -0.0025945083430280007 0.9630730800720679 0.26907603273580394
1701508421.0 -104.41792619295867 34.270937937445524 9.311927966301653 -0.007446720372400802 -0.001727495336500315 0.9755693035139364 0.21955886717892004
1701508422.0 -104.62408538737313 33.39351605399511 9.323295683781971 -0.006307072609163307 -0.001213580399163544 0.9833758645106654 0.18146806097938814
1701508423.0 -104.83024458178757 32.51609417054469 9.334663401262294 -0.005289373336475817 -0.0007991874982023381 0.9901662500674375 0.13979335125977557
1701508424.0 -105.03640377620202 31.638672287094284 9.346031118742609 -0.005938095868891621 -0.0006065205668258738 0.9959922324910866 0.08924037184859387
1701508425.0 -105.01480301663071 30.924225831798882 9.57318672554505 -0.006303272231796183 -0.00027625471957611725 0.9995397022758332 0.02967450112201521
1701508426.0 -104.55928310865919 30.17347859726492 9.369765479650646 0.007363486607529591 -0.00015990070642714392 -0.9992864969052438 0.03704390097695943
1701508427.0 -104.3099223951021 29.406667951955743 9.685709570867473 0.008592314005115158 -0.0008114556345266329 -0.9939926941325592 0.10910562630262148
1701508428.0 -103.85440248713059 28.655920717421782 9.48228832497307 0.009685642073803947 -0.0014334465879358525 -0.9868914875759994 0.16108794280928898
1701508429.0 -103.60504177357352 27.45843083577501 9.54423360637444 0.01125308313119 -0.0020126873296847777 -0.9815780196365598 0.19071944991564158
1701508430.0 -102.92176191161623 26.43997979305847 9.302601439986702 0.01182762721185485 -0.002486221002799365 -0.9757349397776837 0.21862125522625364
1701508431.0 -102.44464124407338 25.190125721397912 9.453335205802464 0.011783697112562415 -0.0029132230148837717 -0.9679779392696048 0.2507416333626988
1701508432.0 -101.98912133610187 24.43937848686396 9.24991395990806 0.010703012025716538 -0.0030395457801710734 -0.9593038381782053 0.2821566103276535
1701508433.0 -101.51200066855903 23.404864033372192 9.52764713063155 0.009480727852268188 -0.0030708744801779485 -0.9488261159315772 0.3156417070913088
1701508434.0 -100.82872080660174 22.386412990655657 9.286014964243815 0.008375783808248513 -0.0029077448788777265 -0.942417848406273 0.33432019123978746
1701508435.0 -100.3516001390589 21.351898537163894 9.563748134967298 0.0070834719695377175 -0.0025830745724841507 -0.9369020101209246 0.3495107660458842
1701508436.0 -99.66832027710161 20.33344749444736 9.32211596857956 0.0060873372257487166 -0.002307561924049417 -0.9326790510757086 0.3606485923554708
1701508437.0 -99.41895956354455 19.135957612800585 9.384061249980935 0.004515916434797859 -0.0017014706978660359 -0.9338007673213957 0.3577608676842544
1701508438.0 -99.39735880397323 18.421511157505183 9.611216856783368 0.004829638378633739 -0.001680913023118375 -0.9419807106422877 0.33562805291332715
1701508439.0 -99.16959884998747 17.938467731153803 9.446006531382302 0.004985564459145923 -0.0016560607523883558 -0.9468665637351034 0.3215837559490302
1701508440.0 -99.16959884998747 17.507788494816207 9.192007721566853 0.006113109982208872 -0.001941600015550328 -0.9518346689959927 0.30654465086348187
1701508441.0 -99.14799809041615 17.00868165768961 9.546162733277015 0.007730246890975964 -0.0023542292670450664 -0.9571974149007835 0.289323019814912
1701508442.0 -98.9202381364304 16.74097784950703 9.507951812783674 0.007117053983321908 -0.0019950864163784934 -0.959737429176395 0.2808014141892343
1701508443.0 -98.89863737685907 15.595852157874035 9.481108609770661 0.008455896178170805 -0.0022260147337960488 -0.9675951493706655 0.25235524482876964
1701508444.0 -98.44311746888755 14.845104923340074 9.277687363876261 0.0074122580803080325 -0.0016825960914989369 -0.9733331133209713 0.22927031603207815
1701508445.0 -98.649276663302 13.967683039889664 9.289055081356576 0.006104199568323978 -0.0011594152718111463 -0.978372974391473 0.20675521150442594
1701508446.0 -98.85543585771646 12.87492153827045 9.17342339392917 0.00518916146384701 -0.000698512792527699 -0.9871492324670573 0.15971530146758134
1701508447.0 -99.28935500611666 12.265203463002617 9.223002031902826 0.004831276260886562 -0.00034063237774724174 -0.9946588025375006 0.1031038761344088
1701508448.0 -99.95103410850264 11.707849577748561 9.183792185462096 0.00589031190235223 4.065941782159035e-05 -0.9997081585746721 0.023428620355090714
1701508449.0 -100.81887240530305 11.134432281719285 9.663947676132583 -0.005374095736111422 -0.0005460707135988992 0.9973596621000234 0.07241909497861759
1701508450.0 -101.7083114616748 10.844782204647814 9.662948750185187 -0.004585119860633279 -0.000924855688959066 0.9848423980573262 0.173388501079262
1701508451.0 -102.59775051804652 10.55513212757634 9.661949824237787 -0.004221053127853445 -0.0012357219639771986 0.9653882313721407 0.260780019230557
1701508452.0 -103.48718957441827 10.480821668673663 9.787950303198116 -0.002659478200980266 -0.0010345350299759363 0.9383203583262809 0.34575535001415414
1701508453.0 -104.60438858477576 10.45887539978477 9.825162297744058 -0.0026306223091125836 -0.0012752349332835783 0.9068231888826599 0.4215010767564131
1701508454.0 -105.4938276411475 10.169225322713299 9.824163371796661 -0.0033388238014696557 -0.0018426358665113286 0.8823299603287837 0.470615871018916
1701508455.0 -106.61102665150499 9.71659981748681 9.607376556527154 -0.003720389259354348 -0.0021950641952171953 0.8666884924269916 0.49883103100305054
1701508456.0 -107.70662490229117 8.980207093302518 9.87174415787553 -0.004328644288508671 -0.0026898911442226007 0.8527977389715689 0.5222164720968073
1701508457.0 -108.59606395866291 8.475217398062245 9.743745827020405 -0.004574660784775709 -0.0030334737481905218 0.8347151835689665 0.5506545494546918
1701508458.0 -109.69166220944909 7.738824673877957 10.00811342836878 -0.004698255909479493 -0.0032860284365557753 0.8214692496724137 0.5702239912974241
1701508459.0 -110.80886121980659 7.501538786820262 9.918326018006997 -0.004398736181963707 -0.003209907314378784 0.810116608138656 0.5862434893736166
1701508460.0 -111.90445947059277 6.765146062635971 10.18269361935537 -0.003768918632025996 -0.002857707772969913 0.8005812360509409 0.5992055684335528
1701508461.0 -112.79389852696451 6.260156367395702 10.054695288500248 -0.00365272966132875 -0.0028513108208096513 0.7925313057318284 0.6098136248294455
1701508462.0 -114.11725673173645 5.791467451393988 10.357273810341962 -0.002767121464597087 -0.0022126828507485507 0.7872207689217899 0.6166610965932487
1701508463.0 -115.00669578810819 5.286477756153719 10.229275479486837 -0.0019583253138404227 -0.0015891622214919642 0.7832354458015721 0.6217200945485127
1701508464.0 -115.89613484447992 4.781488060913446 10.10127714863171 -0.0025935105362488177 -0.002122045788396477 0.7811620737555142 0.6243192974358192
1701508465.0 -117.21949304925187 4.097459526742938 10.276856265565698 -0.001403344369179102 -0.0011512441575854285 0.7799924280579086 0.6257863193085955
1701508466.0 -118.1089321056236 3.807809449671467 10.275857339618305 -0.0016788332228191388 -0.0013518922898780384 0.7852826835105449 0.6191336373390836
1701508467.0 -118.97677040242402 2.8037129173045905 10.50201402047334 -0.0019277154061163445 -0.0014584750750834055 0.803361120477619 0.5954872516424788
1701508468.0 -119.86620945879575 2.083383603895527 10.24701628471049 -0.0029401976409982765 -0.0020692817332246573 0.8226103896870737 0.5685940732102484
1701508469.0 -120.73404775559618 1.0792870715286504 10.473172965565531 -0.0039366861293769345 -0.0025582726152066767 0.8421326591905474 0.5392499810553567
1701508470.0 -121.16796690399639 0.03888975992322585 10.268752793723735 -0.003605122276739334 -0.0021669039845273247 0.8606055623061729 0.5092547238349071
1701508471.0 -122.0358052007968 -0.9652067724436506 10.494909474578776 -0.0030895391699836574 -0.0017342647764881098 0.8760572439781623 0.48219410235587573
1701508472.0 -122.46972434919702 -1.7902644658802842 10.4174887076447 -0.0015973055162491752 -0.0008248016709672415 0.8921866127575466 0.4516633883031774
1701508473.0 -123.10980269201167 -2.846725188260937 10.732433872914129 0.00011853383048513709 5.553790603110711e-05 0.9094176852528192 0.4158839460891418
1701508474.0 -123.10980269201167 -3.277404424598533 10.47843506309868 0.002659669981739145 0.0011489862615979296 0.9216528359693523 0.3880047112288831
1701508475.0 -123.77148179439764 -3.8347583098525853 10.439225216657945 0.003665092610277179 0.0014579622670221656 0.9321365144075885 0.3620855699282387
1701508476.0 -124.20540094279787 -4.444476385120421 10.488803854631605 0.0032506361509994338 0.0011728331663109193 0.9433184308543596 0.3318710530272964
1701508477.0 -124.61771933162676 -5.553301297514857 10.892537504315413 0.0017524081904930083 0.0005652693722982694 0.9535314764473735 0.301287790924496
1701508478.0 -125.05163848002698 -6.37835899095149 10.815116737381345 0.0015954761746548403 0.0004512488282379046 0.9627730062958723 0.27030610273961536
1701508479.0 -125.25779767444142 -7.4711204925707015 10.699485049953942 0.0017883999286375807 0.0004382803037036411 0.9719962868321449 0.2349889953180647
1701508480.0 -125.2361969148701 -8.400906566034898 10.799641251848648 -0.0001193127194787336 -2.628171995013865e-05 0.977473030076807 0.21106032442458733
1701508481.0 -125.67011606327031 -9.225964259471532 10.72222048491458 0.0015294947321215415 0.00031734175691934297 0.980570686630896 0.19615985435426664
1701508482.0 -126.31019440608497 -10.282424981852184 11.037165650184008 0.0019208619071396141 0.0003624991958065096 0.984699617410996 0.17424936830446422
1701508483.0 -126.51635360049941 -11.159846865302598 11.04853336766432 -5.164894130643121e-05 -8.599058574509008e-06 0.9892837977655402 0.14600535859013136
1701508484.0 -126.72251279491387 -11.821929130584216 11.186900490052366 -0.0020085671789247007 -0.00031622161548647753 0.9906555560583065 0.13637241257888416
1701508485.0 -127.15643194331409 -12.64698682402085 11.109479723118298 -0.0010512095591081558 -0.00016863993041377662 0.9911108012583572 0.13303475541396698
1701508486.0 -127.59035109171428 -13.256704899288685 11.159058361091951 -0.005717649661412256 -0.0009403488054436036 0.9904002603378929 0.13810774253859742
1701508487.0 -128.0242702401145 -14.297102210894113 10.954638189250161 -0.00713710394737388 -0.001127405638341439 0.9904967956226275 0.1373458720350853
1701508488.0 -128.23042943452896 -15.174524094344527 10.96600590673048 -0.010266200763443051 -0.0015040824098398336 0.992287142123331 0.12352558615404897
1701508489.0 -128.64274782335784 -16.498688624907764 11.242740151506567 -0.012307287693231217 -0.0017786596780256828 0.9924683504943708 0.12186853698296565
1701508490.0 -128.8489070177723 -17.376110508358177 11.254107868986885 -0.01157499102084502 -0.001532405675396038 0.9938385052343254 0.11022112696445817
1701508491.0 -128.82730625820096 -18.305896581822378 11.354264070881591 -0.009695786659204623 -0.0009141306674114442 0.9975543422834036 0.0692133677674219
1701508492.0 -128.80570549862966 -19.02034303711777 11.581419677684025 -0.005730358114696608 -0.00036705090687441346 0.9993372554954281 0.0359454871767591
1701508493.0 -128.78410473905836 -19.95012911058197 11.681575879578737 -0.0011425418993697301 -3.8500976026151875e-05 0.9999972969979402 0.0020246265079040793
1701508494.0 -128.5563447850726 -20.648512155102143 11.389366149269947 -0.0026004948370610876 -1.493240256643899e-05 -0.9992735381572593 0.038021482642029855
1701508495.0 -128.76250397948706 -21.31059442038376 11.527733271657986 -0.004170509616135989 8.244460355096142e-05 -0.9967189108314084 0.08083324095618091
1701508496.0 -128.53474402550128 -21.578298228566343 11.489522351164652 -0.00294642516456887 0.0001368627065715557 -0.9920895868692701 0.1254972169926895
1701508497.0 -128.51314326592995 -22.077405065692943 11.843677362874807 0.0007397390679106935 -5.478383220838689e-05 -0.9861394839860111 0.16591674993395567
1701508498.0 -128.2853833119442 -22.560448492044323 11.678467037473752 0.006500040652783504 -0.0006866809226637165 -0.9786694288737074 0.2053373490839743
1701508499.0 -128.2637825523729 -23.059555329170927 12.032622049183907 0.01269231318030912 -0.001735133182095753 -0.9713763169585742 0.2372002220719214
1701508500.0 -127.80826264440137 -23.594962945536082 11.956200208197231 0.018019299309097223 -0.00281385368495549 -0.9672506345754074 0.2531671325297194
1701508501.0 -127.35274273642985 -24.13037056190124 11.879778367210562 0.021325000962038123 -0.003681165801249427 -0.9642025215493956 0.2642824072655998
1701508502.0 -127.10338202287276 -24.897181207210426 12.195722458427383 0.022341637207944815 -0.004141381667611509 -0.9622801372238831 0.2711100103447611
1701508503.0 -126.87562206888701 -25.380224633561802 12.03051213302632 0.021197599395380854 -0.0041330671442424615 -0.9600697163320192 0.27892601047232995
1701508504.0 -126.62626135532994 -26.362374897039782 12.21945681933542 0.017637301708910227 -0.0035175591227734884 -0.9604638985107175 0.2778230588411279
1701508505.0 -126.37690064177285 -27.129185542348957 12.53540091055224 0.013026764914971416 -0.0025439447696088053 -0.9626211383840947 0.2705261090485886
1701508506.0 -126.1491406877871 -27.827568586869134 12.243191180243457 0.008084153525578616 -0.0015378953978425227 -0.9646489683830595 0.26340966029555435
1701508507.0 -126.12753992821578 -28.757354660333334 12.343347382138155 0.003210223386036577 -0.0005887228716235345 -0.9672714618595956 0.2537228151806476
1701508508.0 -126.10593916864448 -29.687140733797527 12.443503584032861 -0.0005759297137071616 0.00010080589338477804 -0.970724693286244 0.24019414644712767
1701508509.0 -126.08433840907315 -30.616926807261727 12.543659785927566 -0.0034439882665954144 0.0005688514159108944 -0.9745013823052855 0.2243543430334564
1701508510.0 -126.06273764950184 -31.546712880725927 12.643815987822286 -0.005157954939443697 0.0007926875182854989 -0.9774689137543675 0.2110149041920923
1701508511.0 -126.04113688993053 -32.26115933602132 12.87097159462472 -0.005379580192529243 0.0007229988157042911 -0.9814775795416861 0.1915001259703447
1701508512.0 -126.04113688993053 -32.69183857235892 12.616972784809263 -0.005251273261333936 0.0005461402751934108 -0.9870792168726151 0.16014601299463993
1701508513.0 -126.24729608434498 -33.569260455809335 12.62834050228959 -0.007875926403629923 0.0004506065529874515 -0.9938251958655122 0.11067631544235379
1701508514.0 -126.22569532477365 -34.28370691110473 12.855496109092009 -0.007254060134236575 0.0003058751565591997 -0.9948852920383424 0.1007498919986506
1701508515.0 -126.22569532477365 -34.714386147442326 12.60149729927656 -0.006253078439651363 0.00022049255303000222 -0.9954641254154933 0.09493168809111313
1701508516.0 -126.20409456520235 -35.42883260273773 12.828652906078993 -0.004874012194355274 0.00020151276572760192 -0.9951325882826118 0.09842426091002415
1701508517.0 -126.18249380563104 -36.14327905803312 13.055808512881434 -0.000784007118855673 4.672272287883321e-05 -0.993203910916603 0.11638459730475229
1701508518.0 -125.93313309207397 -37.125429321511106 13.244753199190527 0.003681312361885721 -0.0002722121576455398 -0.9909764454300404 0.13398529188936287
1701508519.0 -125.47761318410244 -37.87617655604506 13.04133195329613 0.007947552786896515 -0.000673870110241671 -0.9891732059514704 0.14653583497378372
1701508520.0 -125.0220932761309 -38.196244554241424 13.091909517217182 0.01001718061181113 -0.0009449628565478931 -0.9868564674080593 0.1612856964292744
1701508521.0 -124.77273256257384 -38.96305519955061 13.407853608434003 0.010217519227765518 -0.0010475881056773095 -0.9845978058108825 0.17453270654059902
1701508522.0 -124.31721265460232 -39.71380243408456 13.204432362539606 0.008360572808079066 -0.0009322490403580993 -0.9825958244805302 0.18556583049547323
1701508523.0 -124.06785194104525 -40.48061307939375 13.520376453756434 0.005044386596137295 -0.0005909730211246007 -0.9805301149252944 0.19630307852742904
1701508524.0 -123.84009198705948 -41.17899612391392 13.228166723447643 0.0017069768274824808 -0.00020420944678427278 -0.9796439320731646 0.20073567416092564
1701508525.0 -123.81849122748818 -42.10878219737812 13.328322925342341 -0.0013268568604949773 0.00014881899134132202 -0.9810237310147156 0.19388310006224443
1701508526.0 -123.79689046791685 -43.03856827084231 13.428479127237047 -0.004314819285071737 0.0004393487428025599 -0.9818734825395459 0.18948787188863425
1701508527.0 -123.54752975435977 -44.02071853432029 13.617423813546154 -0.003598065872861343 0.00032621526544174474 -0.982419546578325 0.1866514988056977
1701508528.0 -123.29816904080272 -44.78752917962947 13.933367904762967 -0.0036763831337081644 0.00033221562083804137 -0.9803282751817404 0.1973394200838478
1701508529.0 -122.84264913283118 -45.538276414163434 13.72994665886857 -0.0018833124322156208 0.00019789433202933821 -0.9746599831549801 0.22368355149283953
1701508530.0 -122.36552846528835 -46.57279086765519 14.007679829592057 0.00020780811959918185 -2.6090150832250663e-05 -0.9669614407574912 0.2549225926105532
1701508531.0 -122.11616775173127 -47.33960151296437 14.323623920808878 0.004411463265546676 -0.0006514280003100305 -0.9559732054475808 0.2934200829863128
1701508532.0 -121.66064784375973 -47.875009129329534 14.247202079822202 0.010535733289634943 -0.001703020468401826 -0.9480367913016068 0.31798166674179124
1701508533.0 -121.1835271762169 -48.694183964652495 14.65193465545341 0.01846890010718528 -0.0031464963989484957 -0.9426303200350293 0.33331228456194106
1701508534.0 -120.50024731425964 -49.28195577103144 14.664301298881128 0.024007697651232188 -0.004391298866609536 -0.9370118812952057 0.34844379928385927
1701508535.0 -119.81696745230235 -49.65438795924158 14.803667347216567 0.026405569647448588 -0.00540636115024824 -0.9313083281227835 0.36323314154940833
1701508536.0 -119.13368759034506 -50.24215976562053 14.816033990644279 0.027423486966595287 -0.006575443835451612 -0.9221880225406215 0.38571228523807494
1701508537.0 -118.45040772838777 -50.82993157199947 14.828400634071997 0.02680692855140318 -0.007748066263374685 -0.909910573251516 0.41386483872867963
1701508538.0 -117.74552710685917 -51.91681021550501 15.194922289209877 0.025241834628569635 -0.008432575246345737 -0.8990104114963585 0.43711785765448513
1701508539.0 -116.83448729091612 -52.55694621189774 15.296077417051983 0.0252691573488793 -0.009650618471981589 -0.8868513339142875 0.4612624489208231
1701508540.0 -115.71728828055862 -52.75033956117764 15.131866017598306 0.026781390090045612 -0.011711357555907674 -0.8700138702805874 0.4921600011870488
1701508541.0 -114.57848851062982 -53.442839747584145 15.321809629854805 0.024988393142638256 -0.012161748084276556 -0.8573480188292085 0.5139864265730318
1701508542.0 -113.66744869468675 -54.08297574397687 15.422964757696903 0.02347456260485099 -0.012482435404046371 -0.8465581186153669 0.5316319079243692
1701508543.0 -112.3224897303435 -54.32873328327055 15.347541842657634 0.02049653001886828 -0.01172280087937865 -0.8321382346748704 0.5540653631016096
1701508544.0 -111.41144991440046 -54.538190043325685 15.702695780315189 0.016726911590293266 -0.010756016273832361 -0.8043668520853688 0.5938000385726175
1701508545.0 -110.0664909500572 -54.78394758261937 15.627272865275899 0.012146747840210656 -0.00856176380616573 -0.7765272098622553 0.6299084418079937
1701508546.0 -108.94929193969972 -54.97734093189928 15.463061465822243 0.008789933449050966 -0.006605668145176229 -0.7528060925826843 0.6581505064867064
1701508547.0 -108.03825212375665 -55.4021373101232 15.69121599857207 0.007068270139899144 -0.00559471373151997 -0.730377006987392 0.6829847482921055
1701508548.0 -106.92105311339915 -55.380191041234305 15.654004004026135 0.005526098521594476 -0.004600904581799916 -0.7080874243480776 0.7060881626201251
1701508549.0 -106.03161405702743 -55.305880582331625 15.528003525065799 0.003996868401284183 -0.003489455356185453 -0.6898941722310346 0.723890792776062
1701508550.0 -104.91441504666994 -55.28393431344274 15.490791530519857 0.002202569003668418 -0.002026856201935098 -0.6781310161945653 0.7349349395821695
1701508551.0 -103.79721603631243 -55.261988044553846 15.453579535973923 -0.0017117973614875109 0.0016443671887478731 -0.6679345874602225 0.7442162002272485
1701508552.0 -102.45225707196917 -55.29240596567874 15.505156025842368 -0.0046931225388099785 0.0047354971376397685 -0.6634218914698793 0.7482158402401161
1701508553.0 -101.54121725602613 -55.71720234390266 15.733310558592194 -0.007057183462804488 0.007426588242858832 -0.6612641060354127 0.7500832113957957
1701508554.0 -100.19625829168288 -55.74762026502755 15.78488704846064 -0.009230553818170367 0.010041318007721881 -0.6603465788208218 0.7508371092643954
1701508555.0 -98.85129932733962 -55.99337780432124 15.709464133421363 -0.010292910060130346 0.01119816191342791 -0.6699086992318685 0.7422876746017818
1701508556.0 -97.50634036299635 -56.23913534361492 15.634041218382087 -0.010048162829141834 0.01100819259161686 -0.6738859257231569 0.7386850568624417
1701508557.0 -96.1613813986531 -56.48489288290861 15.558618303342811 -0.00893776810871811 0.00998880459221942 -0.6687267037973075 0.7433874734702229
1701508558.0 -95.0441823882956 -56.46294661401972 15.521406308796877 -0.006878418631619913 0.007953697901653794 -0.6578845145682757 0.7530454113385737
1701508559.0 -93.69922342395233 -56.27802491697581 15.699982203573043 -0.00543912732863666 0.0063716636904256226 -0.6513673914874836 0.7587162441272167
1701508560.0 -92.58202441359484 -56.25607864808692 15.662770209027101 -0.00351756938711075 0.004156812549572132 -0.6451481118254916 0.7640381282521427
1701508561.0 -91.46482540323734 -56.018792761029225 15.752557619388888 -0.0027254493218673097 0.00322667558140656 -0.6395205140321557 0.7687624292476407
1701508562.0 -90.34762639287985 -55.996846492140335 15.715345624842946 -0.002824733997202092 0.0033484256228718426 -0.6355198011454074 0.7720721412379773
1701508563.0 -89.23042738252235 -55.97490022325144 15.678133630297005 -0.002466048061120282 0.0029088929636648946 -0.6309556341033312 0.7758095415383529
1701508564.0 -88.11322837216485 -55.95295395436254 15.64092163575107 -0.0018718427998173544 0.0022113838142387267 -0.6300567063355793 0.7765437223928349
1701508565.0 -86.99602936180736 -55.93100768547366 15.603709641205128 -0.0014843136538190878 0.0017505212574366377 -0.6295696355390558 0.776940671155478
1701508566.0 -86.10659030543563 -55.85669722657098 15.477709162244793 -1.1303936996671953e-05 1.3298060984650393e-05 -0.6292797034047958 0.7771789077028242
1701508567.0 -84.98939129507814 -55.61941133951329 15.56749657260658 0.000788566998024437 -0.0009331595456858599 -0.6298148705747257 0.7767443184074753
1701508568.0 -83.87219228472063 -55.597465070624395 15.530284578060638 0.0017833051634186794 -0.0021489550923937967 -0.6261864424465002 0.7796683532829204
1701508569.0 -82.9827532283489 -55.307814993552924 15.531283504008037 0.0028767787296530823 -0.003543222471098846 -0.6203545232321438 0.7843082526813552
1701508570.0 -81.8655542179914 -55.07052910649523 15.621070914369824 0.002903453333579326 -0.0036226117114358525 -0.6194093346637999 0.7850544712148811
1701508571.0 -80.7483552076339 -55.04858283760633 15.583858919823882 0.003119316271301626 -0.003919271112003135 -0.6188531389964033 0.7854907393052121
1701508572.0 -79.63115619727641 -54.81129695054865 15.673646330185669 0.002855107032579297 -0.0035383097143053635 -0.623320578129368 0.7819531863281002
1701508573.0 -78.51395718691892 -54.789350681659755 15.636434335639727 0.0017534101129862293 -0.002128380467506567 -0.6313436707450754 0.775498268830882
1701508574.0 -77.39675817656142 -54.76740441277086 15.599222341093785 0.0009539413550125264 -0.0011361581349923358 -0.6365420206987028 0.7712405947727308
1701508575.0 -76.27955916620392 -54.74545814388197 15.562010346547837 -8.56725505524377e-05 9.896939960229782e-05 -0.6473486501642729 0.76219400942002
1701508576.0 -75.59627930424664 -54.90255071392332 15.828375799791004 -0.0006982975210755526 0.0007803862940326553 -0.6585249358557632 0.7525581786373511
1701508577.0 -75.16236015584643 -54.93885149316187 15.39779894709418 -0.0008212242718212746 0.0008927307025558686 -0.6670392264213042 0.7450216097791097
1701508578.0 -74.47908029388914 -55.09594406320322 15.664164400337349 -0.0010462983826396493 0.0011124230155391615 -0.6760589527210378 0.7368459541996973
1701508579.0 -73.5896412375174 -55.02163360430055 15.538163921377013 -0.001635774774567596 0.0017079468696060442 -0.685416208853772 0.7281476689510857
1701508580.0 -72.67860142157436 -55.23109036435567 15.893317859034568 -0.0017830005944830367 0.0018326675877843182 -0.6936384690961094 0.7203187741746
1701508581.0 -72.01692231918838 -55.10441571543922 15.678528895659852 -0.002064537534407734 0.002106617530515784 -0.6947557900716014 0.7192396624278545
1701508582.0 -71.56140241121686 -55.20914409546678 15.856105864488626 -0.0012288219507150906 0.0012516811823705164 -0.6975518401002455 0.7165321721064538
1701508583.0 -70.89972330883089 -55.08246944655032 15.64131690111391 -0.0005709150660501599 0.0005768144362151623 -0.7013383851118532 0.7128280374043878
1701508584.0 -70.67196335484513 -55.1348336365641 15.730105385528297 -0.00011796182219749778 0.00011651921246455631 -0.7082966991152392 0.7059148380157043
1701508585.0 -70.44420340085937 -55.187197826577886 15.818893869942684 0.0003974586606679244 -0.00037984627446740755 -0.7184055033591781 0.6956243458122113
1701508586.0 -70.44420340085937 -55.187197826577886 15.818893869942684 0.0008608199412792699 -0.0008043019976559114 -0.7245323422545873 0.6892397965254231
1701508587.0 -70.44420340085937 -55.187197826577886 15.818893869942684 0.0010361650581414063 -0.0009488717022256881 -0.7299707095293789 0.683476985152858
1701508588.0 -70.44420340085937 -55.187197826577886 15.818893869942684 0.0008499697776683273 -0.0007644839396748702 -0.7348312471514713 0.6782490186690256
1701508589.0 -70.44420340085937 -55.187197826577886 15.818893869942684 0.0004181956363468849 -0.0003701899687147971 -0.7392491167013729 0.6734318313890699
1701508590.0 -70.44420340085937 -55.187197826577886 15.818893869942684 -0.00011173889553936431 9.75860101308937e-05 -0.7432615690146068 0.6690009103262378
1701508591.0 -70.44420340085937 -55.187197826577886 15.818893869942684 -0.000601062413460711 0.0005189971328571108 -0.746910707001534 0.6649238792015368
1701508592.0 -70.44420340085937 -55.187197826577886 15.818893869942684 -0.0009548771177808729 0.0008169121831732828 -0.7501277766196691 0.6612917205045039
1701508593.0 -70.44420340085937 -55.187197826577886 15.818893869942684 -0.0011308461611631757 0.0009602324595091057 -0.7529599123137845 0.6580647153502468
1701508594.0 -70.44420340085937 -55.187197826577886 15.818893869942684 -0.0011470784015704637 0.0009680701609809674 -0.7553782001528867 0.6552873581758536
1701508595.0 -70.44420340085937 -55.187197826577886 15.818893869942684 -0.0010491909358853494 0.0008810937032776387 -0.7574047448941393 0.6529442359682104
1701508596.0 -70.44420340085937 -55.187197826577886 15.818893869942684 -0.0008635191434488395 0.0007222317364980655 -0.7590379490477925 0.6510454090317576
1701508597.0 -70.44420340085937 -55.187197826577886 15.818893869942684 -0.0006702977327220188 0.0005587882370450673 -0.7602582848818554 0.6496203342916193
1701508598.0 -70.44420340085937 -55.187197826577886 15.818893869942684 -0.00048312309413313116 0.00040171655186130474 -0.7611590591348317 0.6485649481068689
1701508599.0 -70.44420340085937 -55.187197826577886 15.818893869942684 -0.0003559237269136873 0.0002953571895262121 -0.7617304819317462 0.6478938639765472
1701508600.0 -70.44420340085937 -55.187197826577886 15.818893869942684 -0.0002956464040983212 0.0002450061595932056 -0.7620696468615337 0.6474949466192943
1701508601.0 -70.44420340085937 -55.187197826577886 15.818893869942684 -0.0002688627319741769 0.0002226202784334067 -0.7621939405364225 0.6473486503906557
1701508602.0 -70.44420340085937 -55.187197826577886 15.818893869942684 -0.0002890587659124844 0.0002392789637248798 -0.7621882893223901 0.6473552894743471
1701508603.0 -70.44420340085937 -55.187197826577886 15.818893869942684 -0.0003159114222462034 0.000261581588633971 -0.7620413631978826 0.6475282175709091
1701508604.0 -70.44420340085937 -55.187197826577886 15.818893869942684 -0.00034943316344691005 0.0002895130987650612 -0.7617926960417251 0.64782071774227
1701508605.0 -70.44420340085937 -55.187197826577886 15.818893869942684 -0.00037616293039951175 0.0003119639294806117 -0.7614590110055323 0.6482128784114315
1701508606.0 -70.44420340085937 -55.187197826577886 15.818893869942684 -0.000389397035590405 0.00032334681968075813 -0.7610345808857544 0.6487111148368179
1701508607.0 -70.44420340085937 -55.187197826577886 15.818893869942684 -0.00038915144279532066 0.00032364235151564473 -0.7605985266113556 0.6492223233480329
1701508608.0 -70.44420340085937 -55.187197826577886 15.818893869942684 -0.00038889713494731014 0.00032394789018301936 -0.7600543696623981 0.6498592916731109
1701508609.0 -70.44420340085937 -55.187197826577886 15.818893869942684 -0.0003685028111058708 0.00030752653460644724 -0.7595096833287905 0.6504958190203141
1701508610.0 -70.44420340085937 -55.187197826577886 15.818893869942684 -0.0003414436608116227 0.00028547097979871895 -0.7589417302453648 0.6511583924167132
1701508611.0 -70.44420340085937 -55.187197826577886 15.818893869942684 -0.00032110773609737153 0.000268978542432457 -0.7583333782364191 0.6518667900674997
1701508612.0 -70.44420340085937 -55.187197826577886 15.818893869942684 -0.0004012349679187784 0.0003364017310361141 -0.7572913908774717 0.6530769289656773
1701508613.0 -69.78252429847339 -55.06052317766143 15.604104906567969 -0.000641661121037701 0.0005386180655037303 -0.7562701262868263 0.6542589657373394
1701508614.0 -68.87148448253035 -55.485319555885354 15.832259439317795 -0.0012820141391957397 0.0010787916553009317 -0.7566517247229265 0.6538159986740397
1701508615.0 -67.9820454261586 -55.62634871515148 15.579259555449738 -0.0012434351509041368 0.001015947171679659 -0.7655552365480376 0.6433681694910373
1701508616.0 -67.29876556420132 -55.99878090336162 15.718625603785178 -0.002468980535991759 0.0019284585445034487 -0.7782776956510654 0.6279124251317398
1701508617.0 -66.38772574825828 -56.42357728158555 15.946780136535011 -0.0025758423948018055 0.00194692846725235 -0.788033509810017 0.615623880240205
1701508618.0 -65.27052673790078 -56.61697063086545 15.782568737081348 -0.0031847173925070777 0.0023859424702110284 -0.7913453264736934 0.6113564746707949
1701508619.0 -64.13172696797197 -57.09413119910316 16.09951175424557 -0.00312510379059374 0.002334518013378994 -0.7946999831919739 0.6069898849788353
1701508620.0 -63.014527957614476 -57.50286416655186 15.808300949884178 -0.003048379612954757 0.0022475412861362267 -0.7966930247100692 0.6043723027391507
1701508621.0 -62.10348814167143 -57.92766054477579 16.036455482634004 -0.0025532521161324437 0.001860225850776773 -0.7990619529231855 0.6012403977229079
1701508622.0 -60.75852917732817 -58.17341808406948 15.961032567594728 -0.0010357628735467147 0.0007419573298803407 -0.8037575557013554 0.5949556019969665
1701508623.0 -59.61972940739936 -58.86591827047599 16.15097617985122 -0.00025180858357079885 0.00017286272374111503 -0.8142674791447706 0.5804897752055039
1701508624.0 -58.70868959145631 -59.50605426686871 16.25213130769332 0.00029162462779535106 -0.00019183856097669343 -0.8247484410560854 0.5654996791587065
1701508625.0 -57.569889821527504 -60.198554453275214 16.44207491994981 0.0010735801755013975 -0.00066975362807295 -0.8381086004006787 0.545501945725311
1701508626.0 -56.658850005584455 -60.838690449667936 16.543230047791916 0.0014141554546332545 -0.0008317219208648172 -0.8516937381766733 0.5240372932851639
1701508627.0 -55.74781018964141 -61.478826446060665 16.64438517563402 0.0016707794543582926 -0.0009278634024143758 -0.863970183851726 0.5035393420386695
1701508628.0 -55.064530327684125 -62.2819378706084 16.52975241415401 0.0020030451627388317 -0.0010657555642163662 -0.8729624082139703 0.48778221146370104
1701508629.0 -54.153490511741076 -62.92207386700113 16.630907541996116 0.0034103291219244403 -0.0017643879951973248 -0.8813505242976283 0.47244736205272464
1701508630.0 -53.470210649783795 -63.50984567338007 16.643274185423827 0.004554049669284443 -0.002268134383677461 -0.8882011528961857 0.45942662982451693
1701508631.0 -52.786930787826506 -63.88227786159021 16.782640233759274 0.005151418597069846 -0.002436274651543662 -0.8989018227801636 0.43811304529169126
1701508632.0 -52.331410879854985 -64.41768547795537 16.7062183927726 0.006705750804969397 -0.0029173436471605432 -0.9125137950552994 0.40898055680675244
1701508633.0 -52.082050166297904 -65.18449612326455 17.02216248398942 0.007260338143272797 -0.0027087536727784453 -0.9306644097431457 0.365791889714668
1701508634.0 -51.854290212312144 -65.66753954961592 16.856952158588356 0.007560561359427758 -0.002282308039145364 -0.9487168819041554 0.3160283325463109
1701508635.0 -51.60492949875507 -66.86502943126271 16.918897439989728 0.005328840841790611 -0.00127953786087801 -0.9645060986352204 0.2640036968180786
1701508636.0 -51.3771695447693 -67.34807285761408 16.753687114588665 0.004029177947677861 -0.0007668944511080972 -0.9736284597054277 0.2281026085988564
1701508637.0 -51.583328739183756 -68.0101551228957 16.892054236976705 0.003486189688652909 -0.0005810738571962709 -0.9773064087744482 0.21180106752095995
1701508638.0 -51.12780883121223 -68.76090235742966 16.688632991082308 0.004297219380661055 -0.0006483592131200125 -0.9811925601308307 0.192982572995158
1701508639.0 -50.878448117655154 -69.74305262090763 16.8775776773914 0.0059734244669785025 -0.0008246309623077045 -0.9855529170249615 0.16926040862382077
1701508640.0 -50.62908740409808 -70.94054250255441 16.93952295879278 0.008482813660627014 -0.0010856958440644234 -0.9887162998314603 0.14955581427854758
1701508641.0 -50.17356749612655 -71.26061050075077 16.990100522713824 0.010945474089665869 -0.0012925767834350652 -0.9912313385555925 0.13167748215811068
1701508642.0 -50.17356749612655 -71.26061050075077 16.990100522713824 0.013011260142351927 -0.0014299060335074055 -0.9928545841395536 0.11861044317983745
1701508643.0 -50.17356749612655 -71.47595011891957 16.863101117806103 0.014261774558059173 -0.0014705412021884406 -0.9938951173177606 0.10939348731502552
1701508644.0 -49.9458075421408 -71.52831430893335 16.95188960222049 0.014609651802847304 -0.0014116389487994472 -0.9945902839562485 0.10283351792828409
1701508645.0 -49.9458075421408 -71.52831430893335 16.95188960222049 0.014009273897061077 -0.0012718613360974504 -0.9950029473049433 0.09884967105709036
1701508646.0 -49.9458075421408 -71.52831430893335 16.95188960222049 0.01268505496480742 -0.0010903913245797132 -0.9952281352747495 0.09674119693720941
1701508647.0 -49.9458075421408 -71.52831430893335 16.95188960222049 0.011010227803231491 -0.0009092675805963499 -0.9952952257507288 0.09625674892698982
1701508648.0 -49.9458075421408 -71.52831430893335 16.95188960222049 0.009402627291062305 -0.0007608952857433868 -0.9952366061818259 0.0970314864055518
1701508649.0 -49.9458075421408 -71.31297469076456 17.07888900712822 0.008184982953312213 -0.0006616400798675648 -0.9950885239974995 0.09864784688444339
1701508650.0 -50.17356749612655 -71.26061050075077 16.990100522713824 0.007514484188217153 -0.0006167469296843917 -0.9948806084554513 0.1007756273605907
1701508651.0 -50.17356749612655 -71.26061050075077 16.990100522713824 0.007408746098242828 -0.0006246691239310341 -0.9946276754562958 0.10324973358872544
1701508652.0 -50.17356749612655 -71.26061050075077 16.990100522713824 0.007728465879673852 -0.0006752703455463653 -0.9943330218620073 0.10602667805734566
1701508653.0 -50.17356749612655 -71.26061050075077 16.990100522713824 0.00826477046219633 -0.0007523715996883135 -0.9939907092086212 0.1091494274521195
1701508654.0 -50.151966736555245 -71.97505695604617 17.217256129516265 0.008913271525726749 -0.0008469479849763953 -0.9935162053855057 0.11333748676499286
1701508655.0 -49.69644682858372 -72.72580419058013 17.01383488362186 0.010290038606253642 -0.001024270931750328 -0.9929155162397866 0.11837163336212884
1701508656.0 -49.21932616104088 -73.97565826224069 17.164568649437626 0.011284770139428538 -0.0011615889947592486 -0.9925480737423602 0.12132446572821964
1701508657.0 -48.96996544748381 -75.17314814388746 17.226513930838998 0.011272217807383371 -0.0011121037044462406 -0.9928324132693779 0.11897688638032552
1701508658.0 -48.720604733926734 -76.37063802553425 17.28845921224036 0.011418217808500606 -0.0009519916134051196 -0.9943962447716332 0.10509436901242453
1701508659.0 -48.69900397435542 -77.51576371716723 17.261616009227346 0.011294022024532141 -0.0008629805652022229 -0.9951848152901382 0.09735955909404606
1701508660.0 -48.44964326079835 -78.71325359881402 17.323561290628717 0.010862269472069528 -0.0007855728623661193 -0.9958403501645767 0.09046209682119463
1701508661.0 -48.20028254724127 -79.9107434804608 17.38550657203009 0.010541912585336417 -0.0007388264234381779 -0.9964020778987424 0.08409055460411514
1701508662.0 -48.17868178766996 -81.0558691720938 17.358663369017073 0.010073611876645364 -0.0006803029567539286 -0.9968658354626158 0.07846378539853208
1701508663.0 -47.92932107411288 -82.25335905374055 17.420608650418444 0.00996137680190408 -0.0006584906592425907 -0.9972519818782394 0.07340859624176188
1701508664.0 -47.67996036055581 -83.66618855355614 17.355554526912087 0.009657771992239252 -0.0006207327148029812 -0.9974910824153593 0.07012761676313714
1701508665.0 -47.43059964699873 -84.86367843520291 17.41749980831346 0.009493375620432207 -0.0005933640656618023 -0.9976515877597888 0.06782944182865878
1701508666.0 -47.181238933441655 -86.06116831684969 17.47944508971483 0.009276784163538714 -0.000561217716724203 -0.9977095234852478 0.0670024854546262
1701508667.0 -47.15963817387035 -87.20629400848269 17.452601886701814 0.009094724885583756 -0.0005357863802485889 -0.9977386089565512 0.06659329628165712
1701508668.0 -46.91027746031327 -88.40378389012946 17.514547168103185 0.008851468364607911 -0.0005101396607821965 -0.9977174953642064 0.06694169634459397
1701508669.0 -46.888676700741954 -89.33356996359365 17.61470336999789 0.008808544190942688 -0.0004964845304042001 -0.9976608505297265 0.06778635830792173
1701508670.0 -46.63931598718488 -90.53105984524043 17.676648651399255 0.008974440739306226 -0.0004993920280853673 -0.9975818417428319 0.06891791527606121
1701508671.0 -46.389955273627805 -91.72854972688721 17.738593932800626 0.009027859261407162 -0.00048134658812288206 -0.9977106718334785 0.06702000725311143
1701508672.0 -46.36835451405649 -92.87367541852021 17.71175072978761 0.009374672810484303 -0.0005315938975086653 -0.9974086513266763 0.07132892243911271
1701508673.0 -46.11899380049942 -94.07116530016698 17.77369601118898 0.00958626834650425 -0.0006441975360518138 -0.9966589718491902 0.08110846010890908
1701508674.0 -45.641873132956576 -95.32101937182755 17.924429777004747 0.00973906702325785 -0.0007106636014801585 -0.9961798360256915 0.08677776112915371
1701508675.0 -45.3925124193995 -96.51850925347432 17.986375058406118 0.009839177657367243 -0.0007753104683506819 -0.9958540623740274 0.09042829164509847
1701508676.0 -45.14315170584243 -97.7159991351211 18.048320339807482 0.009542382933871127 -0.0007648287446936227 -0.9958094488278003 0.09094998400333712
1701508677.0 -45.121550946271114 -99.07646444492289 17.894477731886738 0.008867264590735259 -0.0006672777798849707 -0.9965268225810289 0.08279624529893104
1701508678.0 -44.87219023271404 -100.27395432656967 17.95642301328811 0.007830703864565714 -0.0004762711933683633 -0.9976470442520451 0.0681089446247253
1701508679.0 -44.850589473142726 -101.41908001820266 17.929579810275094 0.006668802742613742 -0.0003063279030216149 -0.9985602996853732 0.05322368951372715
1701508680.0 -44.82898871357141 -102.56420570983565 17.902736607262078 0.005632600430282026 -0.00023218598286589275 -0.9987992020056183 0.04866594266016264
1701508681.0 -44.807387954000106 -103.70933140146865 17.875893404249062 0.004418126211504461 -0.00023544929816312287 -0.9981127538541564 0.06124830869566263
1701508682.0 -44.558027240443025 -104.90682128311542 17.937838685650426 0.004188281136685871 -0.0002781117393026807 -0.9971737338752664 0.07501283506333997
1701508683.0 -44.08090657290019 -106.15667535477598 18.088572451466185 0.004289744545765692 -0.0003274420647976783 -0.9963969416771147 0.0847031610385285
1701508684.0 -43.83154585934311 -107.35416523642276 18.15051773286757 0.004426756071362616 -0.00036585130559956523 -0.9956069976376827 0.09352527058707882
1701508685.0 -43.8099450997718 -108.49929092805576 18.12367452985454 0.004716662076306679 -0.00035261909825721663 -0.9962494427239297 0.08639836011689714
1701508686.0 -43.56058438621473 -109.69678080970253 18.18561981125591 0.004894811536621391 -0.00030581168127470274 -0.9971783668422138 0.07490829060345625
1701508687.0 -43.53898362664341 -110.84190650133553 18.158776608242896 0.005636493904076797 -0.00032939060182058413 -0.9975815154917412 0.06927655727229329
1701508688.0 -43.5173828670721 -111.98703219296853 18.131933405229873 0.007038400281949758 -0.00042253506818799874 -0.9977143418216451 0.06720397688372892
1701508689.0 -43.26802215351503 -113.3998616927841 18.06687928172353 0.007945021272096675 -0.00046499391788264584 -0.9979282667317335 0.06384226558824835
1701508690.0 -43.018661439957945 -114.59735157443086 18.128824563124894 0.009252101099947342 -0.000535173319315678 -0.9980019130501905 0.0625003501023367
1701508691.0 -43.203219874801086 -115.97388029500789 18.494347292315375 0.010131109300748002 -0.000600922524521001 -0.9978160863424221 0.06526911484575101
1701508692.0 -42.95385916124401 -117.17137017665466 18.55629257371674 0.010760049669280208 -0.0007466607083151368 -0.9969980975320198 0.07667109850807081
1701508693.0 -42.49833925327248 -118.13745702935742 18.225871922914614 0.01136013810151573 -0.0009128172922489237 -0.9958591725539363 0.09019214193650665
1701508694.0 -42.24897853971541 -119.33494691100421 18.287817204315992 0.010938304301956962 -0.0008223594537724933 -0.9961976249953406 0.08642898343477992
1701508695.0 -41.999617826158335 -120.53243679265097 18.349762485717356 0.010605677189831495 -0.0007015475279868117 -0.9968246201331015 0.07891580411368287
1701508696.0 -41.97801706658702 -121.67756248428398 18.322919282704348 0.009806591571345665 -0.000618009301276545 -0.9969965799375268 0.07681971374023083
1701508697.0 -41.934815547444394 -123.10645539487476 18.7772304963092 0.008710504116421517 -0.000528714159451959 -0.997216732997056 0.07404481757728588
1701508698.0 -41.91321478787309 -124.46692070467657 18.623387888388464 0.008363247652667794 -0.00048815262076227914 -0.997372613307755 0.07195615345040576
1701508699.0 -41.663854074316006 -125.66441058632334 18.685333169789835 0.008207373019092279 -0.000462743266770718 -0.9975643131851692 0.06926662945600907
1701508700.0 -41.64225331474469 -126.80953627795634 18.65848996677682 0.008332687376233555 -0.00040607922996104017 -0.9980409986494391 0.0620045678605965
1701508701.0 -41.62065255517338 -127.95466196958932 18.631646763763797 0.009624351704818452 -0.00043257893052429665 -0.9981607453031693 0.05985241236201075
1701508702.0 -41.371291841616305 -129.1521518512361 18.69359204516516 0.010675612955925416 -0.0005532264224841447 -0.9977704017189507 0.06587830205875515
1701508703.0 -41.12193112805923 -130.34964173288287 18.755537326566547 0.011292050583982107 -0.0006278650065290171 -0.9975142252965796 0.06955189221083055
1701508704.0 -40.87257041450215 -131.54713161452963 18.81748260796791 0.011194702205778522 -0.0006491101893612941 -0.997344890886064 0.07195433219724176
1701508705.0 -40.82936889535953 -132.97602452512047 19.27179382157278 0.01106168129249476 -0.0006808258853992022 -0.9971630046177594 0.07445211820209797
1701508706.0 -40.37384898738801 -133.9421113778232 18.941373170770653 0.010098927781773135 -0.0008112991153189271 -0.9956104866470189 0.09304360445452466
1701508707.0 -39.89672831984517 -134.97662583131498 19.219106341494147 0.009395031693150816 -0.0011753761524760013 -0.9904242312798803 0.1377323272294595
1701508708.0 -38.98568850390212 -135.8321014458765 19.193262064428524 0.00785813561575845 -0.0015573780423673255 -0.9781125856627496 0.20792208648050858
1701508709.0 -37.84688873397331 -136.524601632283 19.383205676685016 0.006922247673514663 -0.0018473673405853765 -0.9631401805611598 0.26890455985288153
1701508710.0 -36.93584891803026 -137.1647376286757 19.48436080452712 0.006714858835578622 -0.0022631276821491277 -0.9442980973054158 0.32901503362199735
1701508711.0 -35.818649907672764 -137.35813097795562 19.320149405073444 0.006362012002127315 -0.0025635765165250815 -0.9200530250251338 0.39173381781616634
1701508712.0 -34.679850137743955 -137.83529154619333 19.637092422237664 0.006909922095726241 -0.003390296888848161 -0.8904367338406777 0.4550419561873198
1701508713.0 -33.334891173400706 -137.86570946731823 19.688668912106117 0.009409288991591465 -0.00541407885355724 -0.8558828763717546 0.5170557561467157
1701508714.0 -32.2176921630432 -137.84376319842931 19.651456917560168 0.011088403798639564 -0.007279011348136864 -0.8224192797232899 0.5687271680115317
1701508715.0 -31.100493152685708 -137.82181692954043 19.614244923014233 0.01232971487131686 -0.00906917364634985 -0.7918933005440295 0.6104676312254792
1701508716.0 -29.755534188342452 -137.85223485066533 19.66582141288267 0.01298432738906674 -0.010643642647380403 -0.7613800561008601 0.6480883661085883
1701508717.0 -28.41057522399919 -137.66731315362142 19.844397307658852 0.013274814784878087 -0.011938860514335374 -0.733221502868522 0.6797554491383446
1701508718.0 -27.293376213641693 -137.64536688473254 19.807185313112917 0.012862820995807211 -0.01256962488633435 -0.7078987878209979 0.706084880568766
1701508719.0 -25.948417249298437 -137.6757848058574 19.858761802981356 0.012371625454128166 -0.012957027977360185 -0.6852890836402816 0.7280507744334044
1701508720.0 -24.60345828495518 -137.4908631088135 20.037337697757536 0.011002022457303908 -0.012485053883825545 -0.6579152171882358 0.7529081258184982
1701508721.0 -23.48625927459768 -137.4689168399246 20.000125703211587 0.010342114841057072 -0.01249791724637376 -0.6357385974701851 0.7717339427625036
1701508722.0 -22.141300310254422 -137.2839951428807 20.178701597987768 0.009869082107846889 -0.012565492588545274 -0.6170188743803534 0.786786132486305
1701508723.0 -20.796341345911166 -137.0990734458368 20.35727749276395 0.009437361290757692 -0.012545199272197397 -0.6000950125809349 0.799774674556888
1701508724.0 -19.67914233555367 -137.0771271769479 20.320065498218 0.009176940221621691 -0.012640018876597109 -0.5861665188419437 0.8100400149867198
1701508725.0 -18.334183371210408 -136.892205479904 20.498641392994173 0.008964488439031743 -0.012652805105784716 -0.5733430589828716 0.8191686524679425
1701508726.0 -17.216984360852912 -136.65491959284628 20.588428803355953 0.008833612922998103 -0.012744520891157364 -0.5647838818417229 0.8250931530935014
1701508727.0 -15.872025396509656 -136.68533751397118 20.640005293224405 0.008488894919239732 -0.012335731512479345 -0.5600846763461776 0.828300020350899
1701508728.0 -14.754826386152157 -136.4480516269135 20.729792703586185 0.008051928050574654 -0.011491871879606938 -0.5636219675601163 0.8259136643857118
1701508729.0 -13.637627375794661 -136.4261053580246 20.69258070904025 0.007681442671031219 -0.010899030433163098 -0.5634543256363307 0.8260396052828318
1701508730.0 -12.292668411451405 -136.4565232791495 20.744157198908702 0.007136296360740172 -0.010226217823821382 -0.5597280017573775 0.8285825618439991
1701508731.0 -11.17546940109391 -136.21923739209183 20.833944609270482 0.006546370273749356 -0.009361004171948675 -0.5610358595488462 0.8277126801840231
1701508732.0 -9.830510436750647 -136.0343156950479 21.012520504046655 0.005802037487074793 -0.008294947358148605 -0.5624803038256216 0.8267487151593044
1701508733.0 -8.713311426393155 -136.012369426159 20.975308509500707 0.005307970165537106 -0.007596922927549165 -0.5626076422980045 0.826672095236458
1701508734.0 -7.368352462049899 -135.8274477291151 21.153884404276887 0.005069752682679432 -0.007231086013416117 -0.56522575512452 0.8248889954089091
1701508735.0 -6.251153451692396 -135.5901618420574 21.24367181463868 0.005145116208923197 -0.007284755577017112 -0.5677780856972391 0.8231333461337588
1701508736.0 -4.90619448734914 -135.6205797631823 21.29524830450712 0.005337438513756382 -0.007490691287749807 -0.5706822684957517 0.8211194491172928
1701508737.0 -3.7889954769916443 -135.3832938761246 21.385035714868906 0.005871460765098886 -0.008170851283299946 -0.5745977244938353 0.8183741309109768
1701508738.0 -2.6717964666341523 -135.1460079890669 21.474823125230692 0.00658844088784385 -0.009073871730489829 -0.578405107200486 0.8156725993086199
1701508739.0 -1.3268375022908856 -134.961086292023 21.653399020006866 0.007288783191015706 -0.009913044672242261 -0.5818234460538041 0.8132220378266912
1701508740.0 -0.20963849193339001 -134.72380040496532 21.743186430368652 0.007869934761584502 -0.010752902307124257 -0.5793293132528848 0.8149846538584409
1701508741.0 1.1137197128385452 -134.2551114889636 21.440607908526935 0.00843203858869406 -0.011466032923484899 -0.5805517472136208 0.8140989495272971
1701508742.0 2.4586786771818083 -134.0701897919197 21.61918380330311 0.008733870965293374 -0.011785501904213902 -0.5841584838290765 0.8115070469277159
1701508743.0 3.575877687539304 -133.832903904862 21.708971213664896 0.008963186856247536 -0.011897359600524963 -0.5882634360864207 0.8085321538935316
1701508744.0 4.693076697896803 -133.59561801780433 21.798758624026682 0.008868994643808971 -0.011782598142328245 -0.5876860319410099 0.8089546582945516
1701508745.0 6.038035662240059 -133.4106963207604 21.977334518802856 0.008364648472005265 -0.010938528145649834 -0.5949346989042416 0.8036560740127994
1701508746.0 7.155234672597558 -133.1734104337027 22.067121929164635 0.007840602952821553 -0.010108590675749292 -0.6011872108719635 0.7990058065019776
1701508747.0 8.500193636940814 -133.2038283548276 22.118698419033088 0.0074056171605717145 -0.009329673854130933 -0.6111590921590525 0.791418143645677
1701508748.0 9.617392647298313 -132.9665424677699 22.208485829394867 0.006835458371388774 -0.008343421357676352 -0.6230997113043769 0.7820680364273324
1701508749.0 10.734591657655809 -132.94459619888102 22.171273834848932 0.0065177379138178695 -0.00782491483393911 -0.6296064221973385 0.7768475030069898
1701508750.0 11.873391427584618 -132.99107753078113 22.742215661828602 0.006458775220185449 -0.007646582581905287 -0.6352312457566686 0.7722571323153345
1701508751.0 12.990590437942117 -132.96913126189224 22.70500366728266 0.006861717149711342 -0.008231160087093917 -0.6304838160575266 0.7761284188398959
1701508752.0 14.313948642714056 -132.28510272772172 22.529424550348672 0.0070612462486636185 -0.008609667671288004 -0.624672558354214 0.7808074072799301
1701508753.0 15.431147653071555 -132.04781684066404 22.61921196071046 0.007161850874764459 -0.008854097742678283 -0.6203481373331275 0.7842439042495197
1701508754.0 16.54834666342905 -131.81053095360633 22.708999371072238 0.0073919503202184425 -0.009295952557727772 -0.6142280809585299 0.7890391681649964
1701508755.0 17.66554567378655 -131.35790544837985 22.925786186341753 0.007328372397572598 -0.009312867424777153 -0.6100677497844279 0.7922606301787913
1701508756.0 19.010504638129806 -131.38832336950475 22.977362676210205 0.007549230816731799 -0.009044004003250306 -0.6331275886067491 0.7739577970733728
1701508757.0 19.921544454072855 -131.38244051139108 23.45951601877548 0.0073215519909172 -0.008642600615024984 -0.635949857242787 0.7716472506294131
1701508758.0 21.038743464430354 -131.36049424250217 23.42230402422954 0.0070806291555324165 -0.00830912797932912 -0.6372246182020573 0.7706008104331499
1701508759.0 22.155942474787842 -130.9078687372757 23.639090839499048 0.00744817015871921 -0.00895783622973908 -0.6273158480596018 0.7786777951788727
1701508760.0 23.47930067955979 -130.22384020310517 23.463511722565062 0.008359312407566457 -0.010622410739532025 -0.6071123339303014 0.7945010385618483
1701508761.0 24.596499689917287 -129.7712146978787 23.680298537834577 0.008811810635132956 -0.012117961726816569 -0.5752761877389985 0.8178219945791397
1701508762.0 25.25817879230326 -128.99852119445586 23.846507789183036 0.00901051813462477 -0.014372911698991893 -0.5167428699827111 0.8559725674893264
1701508763.0 25.692097940703473 -127.95812388285042 24.050927961024833 0.008666645518470711 -0.016116254139642103 -0.4610597799179958 0.8871803846737895
1701508764.0 26.33217628351813 -126.68632354230097 23.862982200663126 0.008748828917850317 -0.01813051694689309 -0.4229832829772289 0.9059138395397269
1701508765.0 26.76609543191834 -125.43058661252672 24.194401777412647 0.00781559662760951 -0.018892295882388176 -0.37231881187959465 0.9278796796601453
1701508766.0 27.178413820747238 -124.1064220819635 23.917667532636564 0.006427337946811004 -0.018810205914089734 -0.3127373083098301 0.9496316346202401
1701508767.0 27.384573015161685 -123.01366058034428 24.03329922006397 0.005020548837296104 -0.0179682657486127 -0.25900997574767354 0.9656944485594546
1701508768.0 27.362972255590375 -121.8685348887113 24.060142423076982 0.003861674379593737 -0.01680501295599093 -0.2096129895996915 0.9776323816249206
1701508769.0 27.569131450004825 -120.77577338709207 24.17577411050439 0.0025341053914914344 -0.014660989139788664 -0.15321895973469857 0.9880802518445172
1701508770.0 27.75368988484796 -119.39924466651507 23.81025138131391 0.0015866560578785035 -0.013388571845572628 -0.1003786437876083 0.9948579579708101
1701508771.0 27.73208912527664 -118.03877935671328 23.96409398923466 0.0009512422028623288 -0.012188663942981792 -0.05673211044872008 0.9983145793053364
1701508772.0 27.71048836570533 -116.89365366508028 23.990937192247678 0.0005294345308247772 -0.010685556014369485 -0.027475176288403156 0.9995652321282801
1701508773.0 27.916647560119777 -115.80089216346106 24.10656887967508 0.00020152003214729053 -0.0097628816911105 0.0008115389907900255 0.9999519923152453
1701508774.0 27.895046800548467 -114.65576647182807 24.133412082688096 -9.981140712687313e-05 -0.008804506044413515 0.028086291741899222 0.9995667215985062
1701508775.0 27.873446040977154 -113.72598039836387 24.03325588079339 -0.00031367487016584526 -0.008878069438467008 0.05201145735298881 0.99860697463774
1701508776.0 27.851845281405843 -112.58085470673088 24.060099083806403 -0.0005816448713307165 -0.009633978147843064 0.07353067599939822 0.9972462523576422
1701508777.0 27.830244521834526 -111.43572901509788 24.08694228681943 -0.000829067130901604 -0.010255076569091973 0.09050611642772968 0.9958427531199013
1701508778.0 28.014802956677663 -109.84386067635208 23.848418962536673 -0.001127983247242013 -0.011586305136524982 0.10466890989425329 0.9944389898272422
1701508779.0 27.99320219710635 -108.69873498471907 23.875262165549692 -0.0013714185052704708 -0.012613869791744144 0.11678266982831464 0.9930764409288597
1701508780.0 27.97160143753504 -107.33826967491729 24.029104773470433 -0.0016138317512299602 -0.013587448813477628 0.12621311792371165 0.9919087788933997
1701508781.0 27.722240723977958 -106.1407797932705 23.96715949206906 -0.0017978584685962795 -0.01413626366343001 0.13552889102191149 0.9906709107735705
1701508782.0 27.700639964406648 -104.99565410163751 23.994002695082084 -0.002028015461182194 -0.014254930603253408 0.15105537362820598 0.9884204359506277
1701508783.0 27.245120056435127 -104.02956724893475 24.32442334588421 -0.0021623514792187964 -0.013413798625633832 0.16886085112647367 0.9855462481280898
1701508784.0 26.995759342878046 -102.61673774911918 24.389477469390563 -0.002038131719458281 -0.01212543621452927 0.17515587427638218 0.9844639351048761
1701508785.0 26.746398629320975 -101.41924786747241 24.327532187989192 -0.0016703850472438082 -0.009939727085349251 0.17562412968039504 0.9844056972169892
1701508786.0 26.724797869749665 -100.27412217583941 24.354375391002208 -0.0014522595585871377 -0.008436654195471549 0.17996319109074022 0.9836360931058793
1701508787.0 26.475437156192584 -98.86129267602384 24.419429514508558 -0.001240030197032665 -0.007198107693199005 0.1810722011361143 0.98344268137318
1701508788.0 26.453836396621274 -97.71616698439085 24.446272717521577 -0.0010912995481087528 -0.006373647935019484 0.1803780402739208 0.9835761019180146
1701508789.0 26.43223563704996 -96.57104129275784 24.473115920534603 -0.0009624400178456658 -0.00620016305267495 0.165758668930454 0.9861463863756417
1701508790.0 26.41063487747865 -95.21057598295606 24.626958528455344 -0.0009118110365904623 -0.006322449899593874 0.1554055133383101 0.9878301076865177
1701508791.0 26.38903411790733 -94.06545029132306 24.653801731468363 -0.0009818338637957542 -0.007317096434591473 0.14544882555541047 0.9893382309638007
1701508792.0 26.13967340435026 -92.86796040967629 24.59185645006699 -0.001045750600257823 -0.008030434681437127 0.14088796537319828 0.9899924240808662
1701508793.0 26.118072644778945 -91.7228347180433 24.618699653080004 -0.0011140162977735677 -0.008778299225578368 0.1357707830841104 0.9907007595087035
1701508794.0 26.096471885207635 -90.36236940824149 24.772542261000748 -0.0011978239422224739 -0.009497749884513866 0.1332017236893827 0.9910427128893649
1701508795.0 25.847111171650557 -89.16487952659472 24.710596979599384 -0.0012792045585243018 -0.0103318106509882 0.1293078018662871 0.9915498523528097
1701508796.0 25.597750458093483 -87.75205002677914 24.775651103105737 -0.0013431126581657125 -0.011062459319283968 0.12453759251253506 0.9921523099269479
1701508797.0 25.576149698522173 -86.60692433514615 24.802494306118753 -0.001388769855711249 -0.011768851259016198 0.12078675159860688 0.9926077402965319
1701508798.0 25.32678898496509 -85.40943445349939 24.740549024717378 -0.001443828611198904 -0.012632135812609389 0.1171206097871578 0.9930363071241844
1701508799.0 25.30518822539378 -84.04896914369758 24.894391632638122 -0.0014687663849043513 -0.013647776458739875 0.11197002751438848 0.9936167741445723
1701508800.0 25.283587465822468 -82.90384345206459 24.921234835651138 -0.0013499122509306022 -0.014466508365506142 0.0982846659405838 0.9950522711463822
1701508801.0 25.261986706251157 -81.5433781422628 25.07507744357189 -0.001261058164190979 -0.01540273830157188 0.0898483469281237 0.9958355486421457
1701508802.0 25.240385946679837 -80.3982524506298 25.1019206465849 -0.0011174102646484855 -0.016279800330787457 0.07970988033259865 0.9966845310693112
1701508803.0 25.218785187108526 -79.2531267589968 25.128763849597924 -0.0010566255821922094 -0.017140660030003987 0.07483715415285934 0.9970478833408233
1701508804.0 24.969424473551456 -77.84029725918123 25.193817973104274 -0.0010245528626791503 -0.01766703276057284 0.07273941322974818 0.9971939650879664
1701508805.0 24.947823713980142 -76.69517156754824 25.22066117611729 -0.0009800926285031659 -0.01793170836942477 0.06919686497539679 0.9974413702724437
1701508806.0 24.720063759994375 -75.78144890485927 25.639870311333805 -0.0010094449658136296 -0.01790386319077262 0.06974525799596176 0.9974036453165709
1701508807.0 24.470703046437304 -74.36861940504369 25.70492443484016 -0.0009898749262554232 -0.01738935450989374 0.0685272683820837 0.9974971899636857
1701508808.0 24.22134233288023 -73.17112952339691 25.642979153438795 -0.0010170936949022336 -0.017081865073458408 0.06822295893572848 0.997523334704548
1701508809.0 24.199741573308913 -72.02600383176392 25.669822356451807 -0.0010104344864391359 -0.016522823624120248 0.06744012104771809 0.9975859889727321
1701508810.0 24.1781408137376 -70.66553852196213 25.82366496437255 -0.0009451373221197182 -0.015906127107919783 0.06360981339120951 0.9978476303906345
1701508811.0 23.92878010018053 -69.46804864031535 25.76171968297118 -0.0008759350253082855 -0.015298335084093619 0.06123297572762196 0.9980058699050957
1701508812.0 23.907179340609208 -68.10758333051356 25.91556229089192 -0.0008967991683178511 -0.014895039173605447 0.06430743138515982 0.997818564583718
1701508813.0 23.657818627052137 -66.91009344886677 25.85361700949055 -0.0009133031501261556 -0.014824098524643317 0.06669320152048817 0.9976629836027971
1701508814.0 23.408457913495067 -65.4972639490512 25.91867113299691 -0.0009950312392014158 -0.01478385524468668 0.07322145768478042 0.9972056285799098
1701508815.0 22.95293800552354 -64.53117709634844 26.249091783799035 -0.0014134266738116885 -0.014539345135676717 0.10506399513724017 0.9943581681636983
1701508816.0 22.475817337980704 -63.49666264285669 25.971358613075544 -0.002162294530215812 -0.014473434238742476 0.15548687180600196 0.9877295565485955
1701508817.0 21.35861832762321 -63.087929675407985 26.26256941743694 -0.0032755272813652205 -0.014719014636791209 0.22507851882458985 0.9742239382672137
1701508818.0 20.2198185576944 -62.39542948900148 26.072625805180447 -0.0041404806708915855 -0.013407202707608505 0.30224032499927483 0.9531284746977733
1701508819.0 18.87485959335114 -62.149671949707795 26.14804872021972 -0.003743877383716168 -0.009779654544722535 0.37521702704825277 0.9268778368006175
1701508820.0 17.52990062900788 -61.90391441041411 26.223471635258996 -0.002392091160502933 -0.005335091300928975 0.43676291771213155 0.8995576515222781
1701508821.0 16.39110085907907 -61.4267538421764 25.906528618094782 0.00021187275073216035 0.00041112954926901047 0.5031707282022517 0.86418690360526
1701508822.0 15.273901848721575 -61.44870011106529 25.943740612640724 0.003298105436161336 0.005764064268686809 0.5646160804233331 0.825326953268237
1701508823.0 14.384462792349836 -61.523010569967965 26.069741091601053 0.006017541391858128 0.009688867864918125 0.6164531211894242 0.787309001860712
1701508824.0 13.701182930392552 -61.150578381757825 25.930375043265613 0.0071458719389967465 0.010537366223699494 0.6607606332165616 0.750488698128458
1701508825.0 12.81174387402082 -61.2248888406605 26.05637552222594 0.006322072797016043 0.008358976398563324 0.7008707347423363 0.7132113095646024
1701508826.0 11.900704058077771 -61.015432080605365 25.701221584568387 0.0038833094050279696 0.004613211912704126 0.7277715068537337 0.6857931699833115
1701508827.0 10.783505047720276 -61.03737834949426 25.73843357911433 0.00035119452133275484 0.0003765045877658859 0.745592238556485 0.6664022424264742
1701508828.0 9.66630603736278 -61.274664236551956 25.64864616875254 -0.0029871974953342316 -0.0028989434996485176 0.7568972702990966 0.6535206155826196
1701508829.0 7.88742792461931 -61.42328515435731 25.9006471266732 -0.005546079491577437 -0.00492559815742788 0.7656754672607804 0.643184311313678
1701508830.0 6.54246896027605 -61.60820685140121 25.722071231897026 -0.007137614016606924 -0.0058837948631676375 0.7735196199176647 0.6337048469331678
1701508831.0 4.96975004194703 -61.52542474026254 25.581706257614194 -0.007460122446058232 -0.005802112144101844 0.7813222070417158 0.6240563202558077
1701508832.0 3.624791077603774 -61.710346437306455 25.40313036283802 -0.007121085808186461 -0.005311181204860255 0.7893744688238339 0.6138477249776297
1701508833.0 2.2798321132605146 -61.67992851618156 25.351553872969568 -0.006727979132739395 -0.004888432052626318 0.7976774008013064 0.6030270323789209
1701508834.0 0.7287139545028083 -62.096253242169496 25.56534391039689 -0.006445834100132842 -0.004608300608247425 0.8053136557636157 0.5927960278450746
1701508835.0 -0.18232586144024054 -61.88679648211436 25.210189972739336 -0.0064558434909841944 -0.004579201307972329 0.8116963856885437 0.5840259672825823
1701508836.0 -1.2995248717977361 -62.12408236917206 25.120402562377553 -0.006636304458431654 -0.004580046031706942 0.8235107707401093 0.5672433279612143
1701508837.0 -2.4167238821552317 -62.36136825622974 25.03061515201577 -0.006688108964453873 -0.004566253822375576 0.8301602398992424 0.5574660479481613
1701508838.0 -3.967842040912938 -62.77769298221767 25.244405189443086 -0.006730513961720557 -0.004565985759679678 0.8344646204693469 0.5510014964959735
1701508839.0 -5.085041051270437 -62.79963925110657 25.281617183989027 -0.006612807821908762 -0.0045063022127986045 0.8355265949239808 0.5493917301778536
1701508840.0 -5.996080867213484 -62.805522109220234 24.799463841423748 -0.0064691959655424425 -0.004484162490938882 0.8327118849901336 0.5536505742672835
1701508841.0 -7.34103983155674 -62.77510418809535 24.7478873515553 -0.006512831873375111 -0.004634590100066049 0.8264454633778524 0.5629600338014772
1701508842.0 -8.230478887928477 -63.06475426516682 24.746888425607906 -0.007528222921058134 -0.0052691653070009396 0.8305802429971312 0.5568231511884584
1701508843.0 -9.347677898285971 -63.302040152224514 24.657101015246123 -0.008163834471243327 -0.005623654201489215 0.8331989043038972 0.5528845378439637
1701508844.0 -10.898796057043677 -63.71836487821244 24.87089105267344 -0.008777916965335511 -0.005993390637912026 0.8330914323548848 0.5530331751163737
1701508845.0 -12.015995067401176 -63.955650765270136 24.781103642311656 -0.009014241813986223 -0.00620423931522759 0.8295486600978398 0.5583272081753825
1701508846.0 -13.360954031744432 -63.92523284414524 24.72952715244321 -0.008800163971642086 -0.006281615827927279 0.8184680156805273 0.5744503509657234
1701508847.0 -14.47815304210193 -64.16251873120294 24.639739742081428 -0.00874757017518172 -0.006369488841917235 0.8124838205161763 0.5828833082421908
1701508848.0 -15.82311200644519 -64.13210081007804 24.58816325221298 -0.008438122886086849 -0.006260079571565598 0.8065960978139034 0.5910095976186013
1701508849.0 -16.940311016802685 -64.36938669713574 24.498375841851196 -0.007227101345600383 -0.005460660122176779 0.8012731526849288 0.5982301271112356
1701508850.0 -18.285269981145944 -64.33896877601084 24.44679935198274 -0.005802106701135182 -0.004465562639676734 0.7957534704385977 0.6055764267151319
1701508851.0 -19.40246899150344 -64.57625466306854 24.357011941620957 -0.004553308395395701 -0.003569608296897097 0.7906122191665289 0.6122898367471402
1701508852.0 -20.7474279558467 -64.54583674194365 24.305435451752512 -0.0033953578654200935 -0.0027125650297267503 0.7865882641693446 0.6174625625954846
1701508853.0 -21.86462696620419 -64.78312262900134 24.21564804139073 -0.002970861593540971 -0.0023770881812869675 0.7876664666467492 0.6160901401202554
1701508854.0 -22.754066022575927 -65.07277270607281 24.214649115443333 -0.0031305842707657775 -0.0023852116213733668 0.8037052584239839 0.5950145946019159
1701508855.0 -24.077424227347873 -65.54146162207454 24.51722763728504 -0.0039048811272440983 -0.002952809794669623 0.8053603224088884 0.5927653700302928
1701508856.0 -25.422383191691132 -65.72638331911843 24.338651742508866 -0.004399798784032044 -0.003440097177880064 0.7959262042804383 0.605367892146421
1701508857.0 -26.539582202048628 -65.74832958800732 24.375863737054807 -0.005501263113254763 -0.004438484148111865 0.7872921339544097 0.6165396433126888
1701508858.0 -27.656781212406123 -65.98561547506502 24.286076326693024 -0.006666147368273854 -0.005481678527035192 0.7818831683872762 0.6233652417904489
1701508859.0 -29.001740176749383 -65.95519755394012 24.23449983682458 -0.007964318467380656 -0.0066639288488005355 0.7766865308225719 0.6298017104791367
1701508860.0 -30.11893918710688 -66.19248344099782 24.144712426462796 -0.00871165501700571 -0.007402017097334065 0.7715352933878787 0.6360838060087957
1701508861.0 -31.236138197464374 -66.21442970988672 24.18192442100873 -0.008911156953461098 -0.0076788861418685475 0.7667201143253072 0.641873735463883
1701508862.0 -32.581097161807634 -66.39935140693062 24.003348526232557 -0.008427593996050026 -0.007277584450353659 0.7646153784989873 0.6443906698477688
1701508863.0 -33.69829617216513 -66.42129767581952 24.0405605207785 -0.0073782312876730346 -0.006423187235958877 0.7621292768137188 0.6473509633824571
1701508864.0 -34.815495182522625 -66.65858356287721 23.950773110416716 -0.00609644672643258 -0.005330554643049567 0.760454713652336 0.649340470792059
1701508865.0 -36.366613341280335 -66.85956867069633 24.291562552751767 -0.004759269812130683 -0.004168627277518142 0.7587106534789999 0.6513970495749466
1701508866.0 -37.48381235163783 -67.09685455775403 24.20177514238998 -0.0038621108611040325 -0.003365159889793301 0.7599367010453459 0.649976899745621
1701508867.0 -38.601011361995326 -67.11880082664293 24.238987136935915 -0.0030934302868417954 -0.002693156344077308 0.7596055784901424 0.65037108078744
1701508868.0 -39.94597032633858 -67.30372252368683 24.060411242159745 -0.002238377020255084 -0.0019342637498816627 0.7573850529222209 0.6529618135098451
1701508869.0 -41.06316933669608 -67.54100841074452 23.970623831797962 -0.002289072411694139 -0.001955605401079031 0.7569916179169384 0.6534176506328133
1701508870.0 -42.18036834705357 -67.7782942978022 23.88083642143618 -0.0023186700249044636 -0.0019340723148592316 0.760238115776073 0.6496375069643398
1701508871.0 -43.29756735741107 -68.2309198030287 23.664049606166667 -0.0013456437267013286 -0.0010699132434489511 0.7651001242015989 0.6439090343172009
1701508872.0 -43.95924645979704 -68.57293407011394 23.75183916463366 0.0001886937505554791 0.0001411070423632607 0.7824396865349259 0.6227263294727453
1701508873.0 -44.848685516168786 -69.07792376535423 23.623840833778534 0.0030507299902021775 0.0020937309824347384 0.8024580290113184 0.5966970931824374
1701508874.0 -46.17204372094072 -69.97729191769353 23.672420545804798 0.006377334250387144 0.00393972203753647 0.8283842288072037 0.5601101477938246
1701508875.0 -47.03988201774115 -71.19672806822919 23.77157782175211 0.007768031097498264 0.004201034404198258 0.86366992863143 0.5039804196400726
1701508876.0 -47.47380116614136 -72.23712537983462 23.567157649910314 0.008057718363519996 0.003614439371624612 0.9050850294008244 0.42513891677581356
1701508877.0 -47.65835960098449 -73.61365410041165 23.932680379100788 0.005602637035697868 0.0019288147568677684 0.9465763695398858 0.322425288649277
1701508878.0 -47.63675884141318 -74.54344017387584 24.0328365809955 -0.0005881527096550114 -0.00016502330559824344 0.9682304144005283 0.25005897599062527
1701508879.0 -47.61515808184187 -75.68856586550885 24.005993377982485 -0.008549384219022517 -0.001915949246015 0.9828188814009812 0.1843645397837831
1701508880.0 -47.36579736828479 -76.67071612898683 24.194938064291577 -0.016249974710050154 -0.0027146490802450176 0.9923410871332328 0.12242440847121798
1701508881.0 -47.11643665472772 -77.8682060106336 24.25688334569295 -0.021959454707826565 -0.0023547352302400854 0.9977086524878293 0.06395062409273616
1701508882.0 -46.66091674675619 -78.83429286333634 23.926462694890823 -0.02456008287738877 -0.0013640916008546974 0.9995472907642377 0.017324985109166205
1701508883.0 -46.617715227613566 -80.26318577392715 24.38077390849569 0.02389071013103008 0.00016533341805818384 -0.9994753249477059 0.021869646887263464
1701508884.0 -46.36835451405649 -81.46067565557394 24.442719189897062 0.020600947241586516 -0.0008769418084684991 -0.9978630007203555 0.062002126892402934
1701508885.0 -46.140594560070724 -82.1590587000941 24.15050945958827 0.015948238332979175 -0.0015297407857073483 -0.9938601631716254 0.10947734764631907
1701508886.0 -46.0973930409281 -83.80329122885371 24.477821268285417 0.011330708456968363 -0.0013780905698740846 -0.9915333366056659 0.12934975188178632
1701508887.0 -46.07579228135679 -84.9484169204867 24.450978065272402 0.007810743621999347 -0.0011070442865516847 -0.9889747619834844 0.14787388848856714
1701508888.0 -46.05419152178548 -86.30888223028848 24.29713545735165 0.00542743762077228 -0.0007593962912614672 -0.9890705458022362 0.14734117436959723
1701508889.0 -46.03259076221417 -87.45400792192149 24.270292254338635 0.004927393864745914 -0.0007416359369521163 -0.987158868920392 0.15966382895838077
1701508890.0 -46.217149197057296 -88.83053664249849 24.635814983529116 0.005389155983577363 -0.0008393425874177263 -0.986156913617195 0.16572505612252478
1701508891.0 -46.19554843748598 -89.9756623341315 24.6089717805161 0.006478120334897017 -0.0010482983400693518 -0.9850009682217459 0.1724239763772427
1701508892.0 -46.173947677914676 -91.12078802576448 24.582128577503077 0.007894487865151907 -0.0013088346990894574 -0.9840913930150593 0.17748265889026296
1701508893.0 -45.9245869643576 -92.31827790741127 24.64407385890444 0.009389535841563143 -0.0015744706918600418 -0.9838685150435241 0.1786395890187028
1701508894.0 -45.90298620478628 -93.46340359904426 24.617230655891426 0.01028687497953632 -0.001710730272004372 -0.9837033315147216 0.17949654362112344
1701508895.0 -45.65362549122921 -94.66089348069103 24.679175937292804 0.011045969789554841 -0.0018270642519805866 -0.9837921449327438 0.1789627446041735
1701508896.0 -45.63202473165789 -95.80601917232403 24.65233273427978 0.011272849632520884 -0.0018455958471028924 -0.9841468445572031 0.17698730176267408
1701508897.0 -45.38266401810082 -97.0035090539708 24.714278015681145 0.011151778423989284 -0.0018289729751975227 -0.9842407281679896 0.17647232562411555
1701508898.0 -45.361063258529505 -98.1486347456038 24.687434812668137 0.010861879740643019 -0.0017633253931760111 -0.9847875137768167 0.17341413714381448
1701508899.0 -45.11170254497243 -99.56146424541937 24.62238068916178 0.010149713782887789 -0.001630263389902021 -0.9853261094424781 0.1703724848746258
1701508900.0 -45.09010178540112 -100.70658993705237 24.59553748614877 0.009256533568187683 -0.001468410686991564 -0.9861990214792434 0.16529867026004133
1701508901.0 -44.84074107184404 -101.90407981869913 24.657482767550135 0.008303665637067057 -0.0011737290857006622 -0.9890107338343012 0.14760569046469155
1701508902.0 -45.02529950668718 -103.28060853927616 25.023005496740616 0.007487024127923022 -0.0008901230803317255 -0.9918396149487955 0.1272687328798192
1701508903.0 -45.23145870110163 -104.37337004089537 24.9073738093132 0.006064935929335667 -0.0006520628415365951 -0.9929769643257012 0.11815049591406325
1701508904.0 -44.98209798754455 -105.57085992254216 24.969319090714578 0.0058024443850067196 -0.0006441831293446126 -0.9923860639852269 0.12302770694101357
1701508905.0 -44.96049722797324 -106.71598561417515 24.942475887701555 0.006011469577017532 -0.0006594252438073954 -0.9925853109228333 0.12139945606177455
1701508906.0 -44.71113651441617 -107.91347549582193 25.004421169102933 0.005288530705613718 -0.0006068062468495755 -0.9920315988895577 0.1258768049871867
1701508907.0 -44.46177580085909 -109.11096537746869 25.066366450504297 0.004966060525928425 -0.0006550289326471471 -0.9898705711679185 0.14188432441834048
1701508908.0 -43.98465513331625 -110.36081944912925 25.217100216320055 0.004724276509114326 -0.0006195725854011888 -0.99014354434514 0.13997520827961216
1701508909.0 -43.73529441975918 -111.55830933077604 25.279045497721434 0.00430726755433882 -0.0005778497123878031 -0.9898488633952686 0.1420575276816404
1701508910.0 -43.485933706202104 -112.97113883059161 25.21399137421507 0.004054913803042535 -0.0005554900573653956 -0.9897791430630575 0.14254998092671065
1701508911.0 -43.23657299264502 -114.16862871223839 25.275936655616455 0.0044221202752962405 -0.0005746467207507304 -0.9906406318622324 0.13642306673365084
1701508912.0 -43.21497223307371 -115.31375440387139 25.249093452603425 0.005864356372847398 -0.0006400251284431419 -0.9929616455938279 0.11828934893626122
1701508913.0 -43.1933714735024 -116.45888009550438 25.222250249590402 0.007371050678442854 -0.0007474895969559783 -0.9936322007831967 0.11242845919934687
1701508914.0 -42.94401075994533 -117.65636997715114 25.28419553099178 0.00948098332553014 -0.000867926529462352 -0.9943640503617451 0.10559115970054071
1701508915.0 -42.92241000037401 -118.80149566878414 25.257352327978758 0.010965525922284659 -0.0009203201563117937 -0.9950376893486772 0.09888835638083493
1701508916.0 -42.67304928681694 -119.99898555043092 25.319297609380136 0.011604186118435151 -0.0009261087686879685 -0.9953721395134136 0.0953875729199915
1701508917.0 -42.42368857325987 -121.1964754320777 25.381242890781508 0.011667322461815613 -0.0009023618285150561 -0.9955828454666567 0.09315501673134775
1701508918.0 -42.174327859702785 -122.39396531372446 25.443188172182886 0.010564901174119715 -0.0008942156771090886 -0.9950928026625696 0.09837630472149397
1701508919.0 -41.92496714614571 -123.59145519537125 25.50513345358425 0.009146436463616748 -0.0007878244930146785 -0.994958019809157 0.0998712213304045
1701508920.0 -41.903366386574405 -124.73658088700424 25.478290250571227 0.007923112701479624 -0.0006519558247123976 -0.9954197732713213 0.09526948209785578
1701508921.0 -41.86016486743177 -126.38081341576384 25.805602059268367 0.007040201943191419 -0.000525648502852752 -0.9960595654325675 0.08840532427707788
1701508922.0 -41.83856410786046 -127.52593910739682 25.778758856255358 0.006616107359042384 -0.00046177315165148126 -0.9963181620975473 0.0854759250522364
1701508923.0 -41.58920339430338 -128.7234289890436 25.840704137656722 0.0072618354709272645 -0.00048417614269351164 -0.9965297123476191 0.08291901909349635
1701508924.0 -41.33984268074631 -129.9209188706904 25.9026494190581 0.007407343846135147 -0.0005303806188375252 -0.996145135227282 0.0874054890528288
1701508925.0 -41.090481967189234 -130.9030691341684 26.091594105367193 0.006733675811804682 -0.0005283552446765176 -0.995548285853978 0.09401057910683773
1701508926.0 -40.84112125363216 -132.10055901581515 26.153539386768557 0.005989985142736991 -0.000521264651369407 -0.9948123292599449 0.10154938657400114
1701508927.0 -40.364000586089325 -133.35041308747572 26.304273152584322 0.005432832216421019 -0.0005719246679787695 -0.9930731085540698 0.11737102838025724
1701508928.0 -39.9084806781178 -134.31649994017846 25.973852501782204 0.003857907192812165 -0.0005145835161366652 -0.9894109399095439 0.14508908898745462
1701508929.0 -39.203600056589195 -135.403378583684 26.34037415692007 0.002810761196021624 -0.0004926545733834541 -0.9825293097741487 0.18608603480031888
1701508930.0 -38.292560240646154 -136.2588541982455 26.314529879854447 0.0028457447137601177 -0.0006694287806585096 -0.9699464731808431 0.2433008277137084
1701508931.0 -37.381520424703105 -136.89899019463826 26.415685007696553 0.005342820371193687 -0.0016268891831916466 -0.9523037838468953 0.3051004929084061
1701508932.0 -36.03656146035985 -137.36008735210072 26.213262687749555 0.006522545457170674 -0.0025373966287758074 -0.9264468324041878 0.37636057809945245
1701508933.0 -34.91936245000235 -137.33814108321184 26.176050693203607 0.009446045124463882 -0.004520010219568721 -0.8912071327877817 0.45347567543067036
1701508934.0 -33.57440348565909 -137.36855900433673 26.22762718307206 0.011713659465001029 -0.006622412527218008 -0.8601840013450549 0.5098062550266208
1701508935.0 -32.457204475301594 -137.13127311727905 26.317414593433853 0.013248926753080268 -0.008710203010523516 -0.8232706298037353 0.5674275886894892
1701508936.0 -31.11224551095834 -137.16169103840394 26.36899108330229 0.012536597336959467 -0.00941976003351929 -0.7857764389336166 0.6183118063444416
1701508937.0 -29.995046500600843 -136.92440515134624 26.458778493664077 0.011428389617253187 -0.009635364575987996 -0.7517270416687624 0.659304941953399
1701508938.0 -28.87784749024334 -136.90245888245732 26.42156649911813 0.009282433684847113 -0.00865025576073271 -0.7203357969872703 0.6935094441165702
1701508939.0 -27.532888525900084 -136.71753718541342 26.60014239389431 0.006990111082421397 -0.007103014693578461 -0.6912139073681257 0.7225814969885448
1701508940.0 -26.187929561556828 -136.7479551065383 26.651718883762747 0.006838876389206943 -0.007522286707736928 -0.6660490286170065 0.7458386799105835
1701508941.0 -25.070730551199325 -136.72600883764943 26.614506889216813 0.006314796689997267 -0.007229611985014524 -0.6506912532473264 0.7592817322975273
1701508942.0 -23.72577158685607 -136.97176637694312 26.539083974177544 0.006623561884278131 -0.007884287463458784 -0.6382705618452077 0.7697432405165775
1701508943.0 -22.380812622512817 -137.00218429806802 26.590660464045982 0.008384976224720534 -0.010367526204559406 -0.6243967985352478 0.7809934984063835
1701508944.0 -21.26361361215532 -136.7648984110103 26.680447874407776 0.010821474110909234 -0.013892041279694465 -0.6104583005216603 0.791852618996336
1701508945.0 -20.14641460179782 -136.52761252395263 26.770235284769548 0.011661657300904675 -0.016022355981352106 -0.5856562911835128 0.8103172208801783
1701508946.0 -18.801455637454563 -136.34269082690872 26.94881117954573 0.011777910373504416 -0.017158129239860292 -0.5643694013960012 0.8252599943024871
1701508947.0 -17.478097432682617 -135.6586622927382 26.77323206261174 0.011586807171898651 -0.017371715536945612 -0.5517875029313578 0.833723288032451
1701508948.0 -16.36089842232512 -135.42137640568052 26.863019472973534 0.010478399371381206 -0.01590823830801441 -0.5466312894153578 0.8371567144404043
1701508949.0 -15.015939457981865 -135.45179432680538 26.91459596284197 0.009161401859101357 -0.013682554149151292 -0.5487587950794004 0.8358185456490759
1701508950.0 -13.89874044762437 -135.2145084397477 27.004383373203765 0.007460042706252743 -0.011083320205419652 -0.5462286222953168 0.8375295815440819
1701508951.0 -12.78154143726687 -135.19256217085882 26.967171378657817 0.0058737272731875624 -0.008700950271120514 -0.544945626159622 0.8384056639370927
1701508952.0 -11.436582472923611 -135.00764047381492 27.14574727343399 0.004637015851257488 -0.0068299549091245275 -0.5471574846912038 0.8369889705045876
1701508953.0 -10.319383462566119 -134.98569420492603 27.108535278888056 0.0037896073772605773 -0.005538313472870007 -0.5503809280795892 0.834886698879586
1701508954.0 -8.974424498222863 -134.80077250788213 27.287111173664222 0.003581444735138087 -0.005204901688051543 -0.5540417722037784 0.8324648922959595
1701508955.0 -7.85722548786536 -134.77882623899322 27.249899179118287 0.0036895351862439294 -0.00531052283798389 -0.5586312708069182 0.8293909144389902
1701508956.0 -6.512266523522104 -134.5939045419493 27.428475073894454 0.004370157499070822 -0.006229538704248518 -0.5638917256154586 0.8258136692701241
1701508957.0 -5.395067513164609 -134.5719582730604 27.39126307934852 0.005481820824621944 -0.00770925444119474 -0.5688880688199655 0.822360554860639
1701508958.0 -4.2778685028071095 -134.33467238600272 27.4810504897103 0.006658853484220031 -0.00923833453956696 -0.5743323971128582 0.818542980222669
1701508959.0 -2.9329095384638535 -134.14975068895882 27.659626384486472 0.007830038257661827 -0.010717217923710536 -0.5801544176118137 0.814398356743404
1701508960.0 -1.815710528106358 -133.91246480190114 27.749413794848266 0.008845887169852299 -0.011930561591585075 -0.5855865010988188 0.8104738501093854
1701508961.0 -0.4707515637631019 -133.7275431048572 27.927989689624432 0.009605294012886227 -0.012746425667126778 -0.5905092731044072 0.8068730168603626
1701508962.0 0.6464474465944008 -133.70559683596832 27.890777695078498 0.010085606197242641 -0.013159505611390187 -0.5958346229438599 0.8029359937510874
1701508963.0 2.1975656053521035 -133.2892721099804 27.676987657651168 0.010223891062819799 -0.013129856060469224 -0.6008254243590108 0.7992070372407776
1701508964.0 3.3147646157096062 -133.05198622292272 27.76677506801296 0.01034083970998827 -0.013138031643893548 -0.6048064768031102 0.7961969509961875
1701508965.0 4.431963626067102 -132.814700335865 27.85656247837474 0.010214200858447077 -0.013214678154578979 -0.5953568751269972 0.8032877651384412
1701508966.0 5.54916263642459 -132.57741444880733 27.94634988873652 0.009956746075508957 -0.013137038599029361 -0.5893136822106514 0.8077361359898161
1701508967.0 6.666361646782086 -132.12478894358082 28.163136704006035 0.009347384154471972 -0.01244909466686664 -0.5879963410582236 0.8087137623124668
1701508968.0 8.011320611125349 -131.93986724653692 28.34171259878221 0.008809870121475794 -0.011586616826924424 -0.594486175574859 0.8039740813915126
1701508969.0 9.128519621482845 -131.70258135947924 28.431500009143996 0.008477395414322382 -0.010939829744049435 -0.6019734143983324 0.7983961812595136
1701508970.0 10.4734785858261 -131.73299928060413 28.48307649901244 0.007644222658130551 -0.009585871332250265 -0.6125920241897541 0.7903041748781631
1701508971.0 11.590677596183596 -131.49571339354642 28.57286390937422 0.00746458444401883 -0.009181567338704262 -0.619516463532282 0.7848944707492452
1701508972.0 12.93563656052686 -131.52613131467132 28.624440399242673 0.007188089968151124 -0.008832809145398211 -0.6201291129682889 0.7844171059419688
1701508973.0 14.052835570884355 -131.28884542761364 28.714227809604466 0.007272656798972803 -0.008842544102023755 -0.6248338500426324 0.7806737972532376
1701508974.0 15.397794535227614 -131.1039237305697 28.892803704380633 0.007470624480673387 -0.008973207573403856 -0.628178272465124 0.777981830969365
1701508975.0 16.51499354558511 -130.86663784351202 28.98259111474242 0.00747455607277811 -0.008901674741371839 -0.6320474587023353 0.7748425008646813
1701508976.0 17.85995250992837 -130.68171614646812 29.16116700951859 0.00781887172813582 -0.0092276934922335 -0.6346368731616191 0.7727158301350863
1701508977.0 18.977151520285865 -130.44443025941044 29.250954419880372 0.007920892414844316 -0.009312779058686651 -0.6359027228516344 0.7716723778129122
1701508978.0 20.322110484629125 -130.25950856236653 29.429530314656546 0.008568161205127389 -0.010022283076498086 -0.6380070866796124 0.7699175915655461
1701508979.0 21.439309494986613 -130.02222267530883 29.519317725018336 0.00865744702060948 -0.01019840404695513 -0.6332971652421411 0.7737930871119544
1701508980.0 22.556508505344112 -129.78493678825114 29.60910513538012 0.00896159539406735 -0.010967077641149448 -0.6190112933382375 0.7852543739042328
1701508981.0 23.445947561715847 -129.0646074748421 29.864102871142965 0.010237378239756161 -0.013405930542712705 -0.5950887924376451 0.8034829221758018
1701508982.0 24.54154581250203 -128.32821475065776 29.59973526979459 0.00999568436807644 -0.014380833086578795 -0.5586585929044852 0.8292127920550495
1701508983.0 25.203224914888004 -127.34018162906614 29.892943926050773 0.01034799149217115 -0.016880104437425006 -0.5104053235063655 0.8597059886278692
1701508984.0 25.864904017273975 -126.35214850747448 30.186152582306963 0.009905725991598986 -0.018698795045252157 -0.4549224497651569 0.8902796169496993
1701508985.0 26.277222406102872 -125.02798397691126 29.909418337530873 0.009132924454181238 -0.02025215594192799 -0.39832257366211904 0.9169763176777271
1701508986.0 26.711141554503087 -123.98758666530583 30.113838509372663 0.007762664380599754 -0.020582941162174954 -0.34105999978070484 0.9397841029323779
1701508987.0 26.68954079493177 -122.84246097367281 30.140681712385682 0.006278239270399592 -0.020399500869064797 -0.2797401395927648 0.9598384751491144
1701508988.0 27.101859183760666 -121.3029568249408 29.990946872517323 0.004595398168400747 -0.018899815305110722 -0.22160868066200445 0.9749416761798382
1701508989.0 27.080258424189356 -120.1578311333078 30.01779007553034 0.003222437490768876 -0.01657491452054298 -0.16999607326997287 0.9853000675824827
1701508990.0 27.286417618603803 -119.06506963168859 30.133421762957745 0.002141583474574464 -0.013752806415566105 -0.1334197582138641 0.9909618771951176
1701508991.0 27.6987360074327 -117.74090510112535 29.85668751818165 0.0014191201883766204 -0.010718567125712085 -0.111531788248349 0.9937020472087134
1701508992.0 27.90489520184715 -116.64814359950614 29.972319205609057 0.0008535328502015484 -0.008070684262658999 -0.08200538794557445 0.9965988420046965
1701508993.0 28.111054396261597 -115.55538209788693 30.08795089303647 0.0004154310357123386 -0.007213647709969684 -0.03378226283532494 0.9994030965638919
1701508994.0 28.089453636690287 -114.41025640625392 30.11479409604949 0.0001990080034969901 -0.007938670436310358 -0.003403278736078103 0.9999626771041821
1701508995.0 28.274012071533424 -113.03372768567692 29.749271366859006 -6.494604290182159e-05 -0.008988089952406233 0.02387287073269248 0.9996745950878211
1701508996.0 28.252411311962106 -111.88860199404392 29.776114569872025 -0.0003986665104809602 -0.010900803554616915 0.05270754755909878 0.9985504133378456
1701508997.0 28.003050598405032 -110.47577249422835 29.84116869337838 -0.0008354244199075373 -0.01245952939641947 0.07956640688470656 0.9967513476733882
1701508998.0 27.981449838833722 -109.33064680259534 29.868011896391394 -0.0014879360742708794 -0.014435420687664806 0.11185605975798589 0.9936184512030898
1701508999.0 27.525929930862194 -108.1492203317238 30.325431952101244 -0.0020161050033745765 -0.0161403220211507 0.13107985353827742 0.9912383655418371
1701509000.0 27.27656921730512 -106.95173045007702 30.263486670699876 -0.0025040889606119335 -0.017624414837703814 0.14815703925444704 0.988803621180395
1701509001.0 27.02720850374805 -105.75424056843025 30.201541389298505 -0.002766822830060409 -0.01836195084643607 0.15768278558526203 0.9873152093341885
1701509002.0 27.00560774417673 -104.39377525862845 30.35538399721925 -0.0026577823972909697 -0.017875396143980114 0.15842515434536775 0.9872055899740797
1701509003.0 26.98400698460542 -103.24864956699547 30.382227200232265 -0.0025253464298137063 -0.0171981834966944 0.15869415160888395 0.9871747623166629
1701509004.0 26.962406225034105 -102.10352387536246 30.409070403245284 -0.0023149563694231843 -0.015941484278067325 0.15895598393756485 0.987154245914214
1701509005.0 27.146964659877245 -100.72699515478544 30.043547674054807 -0.0020575914245778127 -0.014144888701151378 0.15937386391142624 0.9871148159880409
1701509006.0 26.897603946320164 -99.31416565496987 30.108601797561164 -0.0017212375710567392 -0.012051070192322344 0.1573966964643383 0.9874604240123027
1701509007.0 26.876003186748854 -98.16903996333687 30.13544500057418 -0.0014270930116064998 -0.01002163640390638 0.15626268004966978 0.9876636598726403
1701509008.0 26.85440242717754 -97.02391427170389 30.162288203587195 -0.0012393248013933332 -0.008391171398926036 0.1604697718446776 0.9870043083192229
1701509009.0 26.39888251920602 -96.05782741900113 30.49270885438932 -0.0011854553135515321 -0.007445975093284504 0.16939628759593736 0.9855191778445127
1701509010.0 26.14952180564894 -94.86033753735435 30.43076357298795 -0.001167377670726259 -0.0070245429609192105 0.17475227635906512 0.984586682284952
1701509011.0 26.127921046077628 -93.49987222755256 30.58460618090869 -0.0010657105449634126 -0.006793460418391925 0.16527609222964382 0.9862233654167176
1701509012.0 26.106320286506318 -92.35474653591957 30.611449383921713 -0.0010833790444260468 -0.007514413617167163 0.1538264895279491 0.9880687076298611
1701509013.0 26.084719526935004 -91.42496046245537 30.511293182027003 -0.0012034528189992766 -0.008898589195773923 0.146042613531259 0.9892375457111384
1701509014.0 26.063118767363687 -90.27983477082238 30.53813638504002 -0.0013035811932362853 -0.01010884171059786 0.1404965042599347 0.9900287088191335
1701509015.0 25.813758053806616 -89.0823448891756 30.47619110363865 -0.001464490139150374 -0.011504615327338446 0.13651041698809327 0.9905707471698016
1701509016.0 25.792157294235302 -87.9372191975426 30.503034306651667 -0.0014670024616776016 -0.011961583883824524 0.13126068889367612 0.9912746339768437
1701509017.0 25.336637386263774 -86.97113234483984 30.83345495745379 -0.0014801471592527447 -0.012548855827248297 0.1252193373672075 0.9920486141974754
1701509018.0 25.315036626692464 -85.61066703503806 30.987297565374533 -0.001475585324838253 -0.013067629108047374 0.11937276001220096 0.9927624105920374
1701509019.0 25.06567591313539 -84.41317715339127 30.92535228397317 -0.0014127488056786867 -0.013758954322049086 0.10862225839820927 0.9939868712901838
1701509020.0 25.044075153564073 -83.05271184358949 31.07919489189391 -0.0014859907549402609 -0.014663670505929689 0.10810039658709124 0.9940307202780422
1701509021.0 24.794714440007 -81.8552219619427 31.017249610492538 -0.0018058154351701862 -0.01599837311831725 0.11896043409673906 0.9927684554858179
1701509022.0 24.545353726449928 -80.65773208029594 30.955304329091163 -0.0018160659404361959 -0.0167785363514005 0.11531081237179816 0.9931860848665575
1701509023.0 24.523752966878607 -79.29726677049415 31.109146937011907 -0.001463452203384084 -0.017425963727855154 0.09392887570325768 0.9954253163371554
1701509024.0 24.502152207307297 -78.15214107886115 31.135990140024923 -0.001295866087300215 -0.018034127615839807 0.08474224719362031 0.9962388481246828
1701509025.0 24.480551447735987 -77.00701538722815 31.16283334303795 -0.001118053953355126 -0.01836946422181876 0.07564465952633485 0.9969649934800648
1701509026.0 24.458950688164673 -75.64655007742635 31.31667595095869 -0.0009674145238420872 -0.018753702165263515 0.06770732761352981 0.9975284860853196
1701509027.0 24.437349928593363 -74.50142438579337 31.34351915397171 -0.001151610186386225 -0.018839451122133134 0.07651397729722628 0.9968898435401752
1701509028.0 23.981830020621835 -73.53533753309061 31.67393980477383 -0.0015432515451483514 -0.01891646832100993 0.09461253163324851 0.9953332378951665
1701509029.0 23.504709353079 -72.28548346143006 31.52320603895807 -0.0017573397008761294 -0.018564773972897772 0.10410244482635238 0.9943917446890271
1701509030.0 23.255348639521923 -71.08799357978327 31.461260757556698 -0.0018896231905751492 -0.01813074933526629 0.11013234985087965 0.9937497525881769
1701509031.0 22.799828731550402 -69.90656710891173 31.918680813266548 -0.002020745955419543 -0.017308671407165018 0.12004930317933561 0.9926149763559174
1701509032.0 22.55046801799332 -68.70907722726494 31.856735531865176 -0.002044629109017903 -0.016347797696102718 0.1268569561886064 0.9917841910762926
1701509033.0 22.07334735045049 -67.45922315560439 31.706001766049425 -0.002093818804720763 -0.015875228671521885 0.13454831282745858 0.9907776463731528
1701509034.0 21.82398663689341 -66.04639365578882 31.771055889555775 -0.001982090243825183 -0.014287817679325604 0.13941784402617305 0.9901285746565046
1701509035.0 21.368466728921888 -65.29564642125486 31.974477135450176 -0.0021812941230781695 -0.01530837476555058 0.1486460336958964 0.9887695648048965
1701509036.0 20.89134606137905 -64.0457923495943 31.823743369634414 -0.002181847062878279 -0.013516717398300074 0.16788007839706987 0.9857123399712323
1701509037.0 20.20806619942177 -63.02734130687776 32.06537553602215 -0.002440451260855582 -0.012353466753975815 0.20371103807644747 0.9789500748366169
1701509038.0 19.52478633746448 -62.22422988233002 32.18000829750216 -0.0029441820348837483 -0.012189336586536493 0.2465736912748401 0.9690429126910869
1701509039.0 18.61374652152143 -61.58409388593729 32.07885316966006 -0.0029655037044978 -0.010070401952201777 0.29889938942460614 0.9542268848622414
1701509040.0 17.474946751592622 -60.89159369953079 31.888909557403565 -0.001956379225033875 -0.0054542051533108616 0.3640986576881511 0.9313423600890062
1701509041.0 16.129987787249362 -60.645836160237096 31.96433247244284 -0.00015900410837261543 -0.00036859232254557044 0.4364013483966394 0.8997520224900792
1701509042.0 14.785028822906106 -60.615418239112216 31.912755982574396 0.003010469207898689 0.0058801885829433695 0.5131406271929686 0.8582791254489323
1701509043.0 13.895589766534368 -60.47438907984609 32.165755866442446 0.006425312337845695 0.011384036954144186 0.5707078019971344 0.8210491604061158
1701509044.0 13.212309904577086 -60.31729650980475 31.89939041319928 0.008181744052894596 0.01329559682905038 0.6201005465005224 0.7843670049147692
1701509045.0 12.322870848205351 -60.39160696870742 32.02539089215961 0.00764892992138873 0.010975094763932334 0.6713242569345017 0.7410430373583706
1701509046.0 11.639590986248066 -60.23451439866607 31.759025438916446 0.004947660354148364 0.006256065316632506 0.7121749089871997 0.7019567517396267
1701509047.0 10.750151929876331 -60.30882485756875 31.885025917876774 0.0005195686994359056 0.0005772927204454988 0.7435823935955183 0.6686438668800015
1701509048.0 9.405192965533075 -60.493746554612656 31.7064500231006 -0.00447696739425645 -0.004420904474522643 0.7637133106677849 0.6455248960926521
1701509049.0 7.854074806775369 -60.91007128060059 31.920240060527927 -0.008786336666557147 -0.007781972317502763 0.7781238096999794 0.6280012563465313
1701509050.0 6.509115842432109 -61.094992977644495 31.741664165751747 -0.011437915569769032 -0.00940574552205158 0.7831140661249986 0.621701749616136
1701509051.0 4.957997683674403 -61.51131770363243 31.955454203179073 -0.012716902413835227 -0.00975943275040339 0.7912285821912448 0.6113103668260664
1701509052.0 3.6130387193311435 -61.69623940067633 31.7768783084029 -0.012870970390931507 -0.009393417127261444 0.7991795576747525 0.6008811333622117
1701509053.0 2.268079754987884 -61.66582147955145 31.725301818534454 -0.012172207280019411 -0.00866169293179258 0.8040421549037796 0.5943845771747229
1701509054.0 1.1508807446303884 -61.687767748440336 31.762513813080396 -0.011616633473146502 -0.008117145218102029 0.8108802750678193 0.5850404646571009
1701509055.0 0.26144168825865677 -61.97741782551181 31.761514887132993 -0.010673025582710183 -0.007287743529153707 0.8208215889031155 0.5710384352298268
1701509056.0 -0.42183817369863164 -61.820325255470465 31.49514943388983 -0.009935361300773469 -0.006727630624842658 0.8272220695862074 0.5617469850132804
1701509057.0 -1.0835172760846028 -62.162339522555726 31.582938992356823 -0.00917402832760606 -0.006186679244130241 0.8324595488554462 0.5539753259158404
1701509058.0 -1.3112772300703668 -62.109975332541936 31.494150507942432 -0.009276262912019871 -0.006269175285450888 0.83595612084256 0.5486820686093966
1701509059.0 -1.5390371840561272 -62.05761114252816 31.405362023528042 -0.009474040083383754 -0.006318996699453407 0.8407908722746277 0.5412402626790449
1701509060.0 -2.2007162864420984 -62.39962540961341 31.493151581995036 -0.008978286158033843 -0.005882165910326139 0.8456325454944914 0.533657557336514
1701509061.0 -2.656236194413623 -62.510236647754645 31.188575208258534 -0.007956407115023911 -0.005035373462119924 0.8542622120535996 0.519757071772196
1701509062.0 -3.545675250785358 -62.58454710665732 31.314575687218863 -0.007323845932102112 -0.0045162392215943505 0.8596778386831774 0.5107641124247837
1701509063.0 -4.207354353171333 -62.92656137374257 31.402365245685857 -0.007021035056495416 -0.004241879641785889 0.8647895363789988 0.5020674947586591
1701509064.0 -4.869033455557304 -63.268575640827834 31.49015480415285 -0.006946361083523891 -0.004145875724091506 0.8676199354631109 0.49716215399924096
1701509065.0 -5.324553363528828 -63.16384726080027 31.312577835324074 -0.007646020895338972 -0.004591105432055113 0.8662875165203032 0.4994661138019926
1701509066.0 -5.324553363528828 -63.16384726080027 31.312577835324074 -0.008698679495047965 -0.005228141025891656 0.8661290863893453 0.49971732532184016
1701509067.0 -5.324553363528828 -63.379186878969065 31.18557843041635 -0.009680240704156672 -0.00583097282375284 0.8651223942260824 0.5014334808370587
1701509068.0 -5.552313317514589 -63.32682268895528 31.096789946001962 -0.010128573694365353 -0.006118267290243126 0.8639112732923289 0.5035050056143533
1701509069.0 -5.986232465914803 -63.72120114605431 31.273367988883336 -0.009494472169413 -0.005767170833972459 0.8624648420485602 0.5059950503403646
1701509070.0 -6.8756715222865346 -63.795511604957 31.399368467843665 -0.008580432947028137 -0.005321338064416948 0.8578687597263854 0.5137696474268977
1701509071.0 -7.76511057865827 -64.08516168202847 31.398369541896272 -0.008400995206018171 -0.005328246508997681 0.8525751617320798 0.5225099297297667
1701509072.0 -7.992870532644032 -64.03279749201468 31.309581057481886 -0.009394932383194212 -0.006057753528091348 0.8489325031522342 0.5283830466237442
1701509073.0 -7.76511057865827 -64.08516168202847 31.398369541896272 -0.011059668987605877 -0.007259180960727809 0.8443428800431687 0.5356398873628356
1701509074.0 -7.76511057865827 -64.08516168202847 31.398369541896272 -0.012187939375173061 -0.008115750547376658 0.8395772388742384 0.5430429528970521
1701509075.0 -7.76511057865827 -64.08516168202847 31.398369541896272 -0.012481032750557482 -0.008415076622159741 0.8349645689104762 0.5500977903710079
1701509076.0 -7.76511057865827 -64.30050130019727 31.271370136988544 -0.012130545847492352 -0.00827893099854227 0.8305451905909171 0.5567575734062901
1701509077.0 -7.76511057865827 -64.30050130019727 31.271370136988544 -0.011434918082187018 -0.007904633043957778 0.8263723438686049 0.562952492412994
1701509078.0 -7.76511057865827 -64.30050130019727 31.271370136988544 -0.01066420827545827 -0.007469239824651219 0.822595586539091 0.5684777797985672
1701509079.0 -7.76511057865827 -64.30050130019727 31.271370136988544 -0.009963293589894286 -0.00707021130785685 0.8192360383229815 0.5733263105821763
1701509080.0 -7.76511057865827 -64.08516168202847 31.398369541896272 -0.009460321958652885 -0.006798556984440998 0.8162485679671194 0.5775833768582636
1701509081.0 -7.76511057865827 -64.08516168202847 31.398369541896272 -0.009181315736864168 -0.006678086967626908 0.8135407771168759 0.5813970335010856
1701509082.0 -7.76511057865827 -64.08516168202847 31.398369541896272 -0.009096606333188876 -0.006690436087823759 0.811042732945726 0.5848779147429842
1701509083.0 -7.76511057865827 -64.08516168202847 31.398369541896272 -0.009148326186776301 -0.006796624241112721 0.8087079242434949 0.5880999976982515
1701509084.0 -7.76511057865827 -64.08516168202847 31.398369541896272 -0.009258703747630818 -0.00694051911843226 0.8064731741332974 0.591157445189219
