1701507624.000095 0.0 0.0 0.0 0.0 -0.0 0.0 1.0
1701507643.200092 0.0040936824 1.0036263 -0.006484805 7.73091706524e-08 0.000209600605227 0.000855667538897 0.99999961195
1701507645.000089 0.026098564 2.0437646 -0.008878419 5.81277383883e-08 0.000110807987755 0.00184639111288 0.999998289279
1701507646.400074 0.034994658 3.1004984 -0.012949354 4.32030060735e-08 2.62809180207e-05 0.00363414388556 0.999993396132
1701507647.800058 0.029886454 4.2401705 -0.012565673 -1.91276582123e-07 -0.000196029803204 0.0042828334057 0.999990809413
1701507649.200044 0.08881249 5.368136 -0.019286579 -2.6674537327e-06 0.000166743496601 -0.0131083765899 0.999914067634
1701507650.599919 0.15559664 6.4437485 -0.022610588 -1.60877177527e-05 0.00152585835022 -0.00630000920548 0.99997899047
1701507651.800173 0.16542192 7.4746633 -0.03012103 -9.70885248485e-06 0.00108477729002 -0.00514399995197 0.999986181119
1701507652.999987 0.21547666 8.5488405 -0.047553573 -3.87155681274e-05 0.00126868578867 -0.0285151471628 0.999592554654
1701507654.200131 0.3337005 9.745589 -0.050569154 -3.49469226675e-05 0.000861998231626 -0.0379439449437 0.999279496828
1701507655.199995 0.40724248 10.748626 -0.056306083 -5.36430475755e-06 0.000799595518379 -0.00380229005333 0.999992451576
1701507656.20041 0.30669284 11.816482 -0.059237085 5.14313961831e-05 0.00124820673519 0.0444413031741 0.999011216107
1701507657.199831 0.2801956 12.822351 -0.06830815 1.08630448023e-05 0.00149923110371 0.010867525761 0.999939822725
1701507658.200136 0.3527216 13.836775 -0.06490246 -6.16992633858e-05 0.00177535068496 -0.033643421318 0.999432321133
1701507659.199999 0.5111304 14.847685 -0.07714085 -0.000110833562813 0.00229315839836 -0.0528173012849 0.998601553086
1701507660.400364 0.5362159 15.860122 -0.088870645 -1.54097146933e-05 0.00118902382478 -0.0104319924996 0.999944878239
1701507661.400006 0.5549072 16.872377 -0.088647686 -8.15481740145e-06 0.000973474267142 -0.005511926 0.999984335354
1701507662.39998 0.57218486 17.940321 -0.0973791 1.59572715337e-05 0.00089958022845 0.0217391837823 0.999763271174
1701507663.400174 0.45683238 19.008715 -0.09874653 0.000102819230095 0.00168163101959 0.0663462209353 0.997795239773
1701507664.400037 0.29568094 20.044119 -0.09759894 0.000139386427127 0.00173086584313 0.086932554148 0.996212685978
1701507665.400343 0.14210626 21.03857 -0.099294126 0.000139839952957 0.00199665468175 0.0766376466611 0.997057001845
1701507666.399984 0.118907236 22.056469 -0.10165934 -1.14135885065e-05 0.00164601424519 -0.00374194763615 0.999991644132
1701507667.400179 0.22485131 23.10625 -0.10392622 -9.12530331511e-06 0.000247458920506 -0.0335372903192 0.99943743618
1701507668.400151 0.30675033 24.190157 -0.109508164 -9.41021907935e-06 0.000476212796055 -0.0173004236874 0.99985022302
1701507669.400125 0.33078173 25.300041 -0.11384712 6.19564766945e-06 0.000641873429386 0.0104489885148 0.999945201798
1701507670.400098 0.24698955 26.367828 -0.119543426 4.43011274576e-05 0.00086118194003 0.0540378029427 0.998538518164
1701507671.400072 0.10502574 27.436357 -0.123502016 0.000139313250727 0.00197508497335 0.0745554708782 0.997214902312
1701507672.400156 -0.02989776 28.518179 -0.12987858 9.07229767828e-05 0.00191068532492 0.0504875933082 0.998722856439
1701507673.399908 -0.04247874 29.56763 -0.12979096 5.83247794095e-05 0.00214421180883 0.0294198546217 0.999564840872
1701507674.400214 -0.10174015 30.661598 -0.13064031 6.93622919981e-05 0.00242311806041 0.0301071854581 0.999543736448
1701507675.399855 -0.12107373 31.749968 -0.13786857 2.95825831183e-05 0.00257377900082 0.0117450353529 0.999927711853
1701507676.40016 -0.12441066 32.774837 -0.14825849 2.33718447974e-05 0.00296890972203 0.0105341481424 0.999940106582
1701507677.400133 -0.12898101 33.863556 -0.14830698 -4.71852098291e-06 0.00231910903352 -0.000289884368993 0.999997268835
1701507678.400107 -0.05603747 34.964336 -0.1579442 -8.42124210121e-05 0.00270365605014 -0.0296310680117 0.999557243464
1701507679.40008 0.08252436 36.04157 -0.16642696 -0.000115044516432 0.00192619434835 -0.0592718669067 0.998240012389
1701507680.400055 0.23132162 37.127052 -0.1728907 -0.000110447977992 0.00251840041951 -0.0461480974016 0.998931428361
1701507681.400248 0.31703585 38.22174 -0.18795815 -7.40318598338e-05 0.0018364515144 -0.0410615313931 0.99915492923
1701507682.400001 0.41337463 39.259636 -0.19656509 -5.15073469491e-05 0.00129674995626 -0.0409790447876 0.999159163334
1701507683.399974 0.5197682 40.297874 -0.198003 -7.30548214053e-05 0.0022182347701 -0.03179055828 0.999492088264
1701507684.400169 0.56823444 41.404217 -0.21300904 -8.00476076451e-05 0.002852084043 -0.0270412511554 0.999630246614
1701507685.400141 0.6787081 42.47353 -0.20968913 -7.61665238733e-05 0.00190380420005 -0.0402068580201 0.999189560742
1701507686.400004 0.77729964 43.57716 -0.23171769 -1.97051929317e-05 0.000604431817179 -0.0313591617209 0.999507997592
1701507687.399978 0.84317863 44.658268 -0.23374063 -4.45936635026e-05 0.00187873700935 -0.0236617497283 0.999718255289
1701507688.400172 0.9065939 45.74566 -0.24551329 -2.42109291774e-05 0.000973340536689 -0.0242575353018 0.999705268568
1701507689.400035 0.96815926 46.8392 -0.24142309 -1.5569133238e-06 6.23755542598e-05 -0.0236223719254 0.999720950892
1701507690.500205 1.0479358 48.026558 -0.25142488 -8.00413887025e-06 0.000314235971565 -0.0228964386633 0.999737792768
1701507691.499958 1.0733993 49.0968 -0.25714022 1.79271299721e-05 -0.000750863265449 -0.0201817383779 0.999796045861
1701507692.500152 1.1835784 50.21305 -0.2542795 7.78284789869e-06 -0.000350605260426 -0.022453919998 0.999747817448
1701507693.500235 1.1725112 51.315605 -0.2666298 -7.95103509541e-06 -0.000283633487029 0.0285615774928 0.999591994656
1701507694.499988 1.0855588 52.40095 -0.27813882 -2.23133788637e-05 -0.00053969190817 0.0446906898914 0.999000725962
1701507695.500182 1.0068537 53.486385 -0.2713978 3.71714123357e-06 8.43463947181e-05 0.047850907175 0.998854485676
1701507696.500045 0.91482174 54.57203 -0.27582806 1.00654335929e-05 0.000224849671621 0.0471197699511 0.998889221396
1701507697.500239 0.8378832 55.664677 -0.2698383 2.01645994088e-05 0.000424338932747 0.0475466491538 0.99886892818
1701507698.499992 0.7304704 56.76356 -0.2909028 -5.95875568423e-05 -0.000977310473147 0.0623243851448 0.998055465558
1701507699.500076 0.59645396 57.845856 -0.2845144 -1.96490850518e-05 -0.000303687714308 0.0674827339336 0.997720395706
1701507700.50005 0.4403713 58.932686 -0.29217824 9.85486747077e-06 0.000105330504219 0.0987942154537 0.995107879479
1701507701.500022 0.23716378 60.010544 -0.28666192 9.41645018408e-05 0.00100263952141 0.100862564654 0.994899858729
1701507702.500217 0.061366443 61.07977 -0.28097758 0.000298006552979 0.00321141704563 0.0997855086684 0.995003743838
1701507703.50008 -0.13576551 62.14451 -0.28376934 0.000406143426616 0.00430344718981 0.101711236982 0.994804573603
1701507704.500053 -0.33775055 63.220596 -0.2837037 0.00049761720452 0.00491105322028 0.109508994106 0.99397354801
1701507705.500026 -0.54506564 64.28903 -0.27812478 0.000462802887005 0.00436440686145 0.112122550811 0.993684694139
1701507706.500111 -0.7825723 65.34815 -0.28077173 0.000386867607023 0.00363764252765 0.111889922613 0.993713873863
1701507707.500085 -0.9855638 66.35361 -0.27707955 0.000382566603224 0.00360790526847 0.112434713644 0.993652490476
1701507708.500169 -1.2040422 67.43155 -0.28073204 0.000266664186056 0.00301914119192 0.0947444952968 0.995497008678
1701507709.500142 -1.3528501 68.505325 -0.28198647 0.000212488279173 0.00273559547245 0.0840534742969 0.996457467645
1701507710.500115 -1.5166825 69.58944 -0.28055918 0.000197144665628 0.0025112006969 0.0853246162508 0.996350021261
1701507711.500199 -1.6825973 70.65686 -0.28373897 0.00016975446437 0.00212999008518 0.0852389857606 0.996358243621
1701507712.500062 -1.8431821 71.74909 -0.28168964 0.000160894801953 0.00203945319295 0.0848811883405 0.99638897957
1701507713.500146 -1.9970106 72.82184 -0.2819182 0.000183485570928 0.00233324874941 0.0845183780451 0.996419171863
1701507714.500008 -2.1737933 73.90221 -0.28990063 0.000149519982828 0.00192046262358 0.0854736623542 0.996338568214
1701507715.500093 -2.3412044 74.98852 -0.28276804 0.000129562508982 0.00167010395346 0.0855210212296 0.996334958181
1701507716.500177 -2.493124 76.087585 -0.28070888 0.00012465494282 0.00157515667508 0.0835807305485 0.99649975656
1701507717.50004 -2.6600668 77.15311 -0.286089 0.000117895226614 0.00152365131703 0.0842859621181 0.996440435338
1701507718.500123 -2.8169165 78.23439 -0.2839283 9.31221080582e-05 0.00121116936805 0.0851880604203 0.996364149676
1701507719.499986 -2.9759269 79.32988 -0.2784842 0.000137926334659 0.00176411751784 0.0825077232888 0.996588854274
1701507720.50018 -3.1184103 80.38909 -0.2759468 0.000184473060675 0.00238853802928 0.0834161690689 0.99651191844
1701507721.500043 -3.3226027 81.42311 -0.2924564 0.000203817721127 0.0019357210362 0.11662517212 0.993174093838
1701507722.500237 -3.6281023 82.47395 -0.27350146 0.000195097651947 0.00141370048136 0.144674589107 0.989478259819
1701507723.699719 -3.9540286 83.59114 -0.2814046 5.1923220754e-05 0.000317467832278 0.173172004172 0.984891544024
1701507724.700024 -4.3218136 84.55629 -0.27527672 -2.91863365459e-05 -0.000166543226054 0.183525746 0.983014888985
1701507725.700109 -4.68852 85.553154 -0.26969466 -0.00036525245762 -0.00203377339252 0.188078485236 0.982151828257
1701507726.700304 -5.129374 86.56878 -0.26117244 -0.000122041585299 -0.000538367580729 0.233337753226 0.972395592434
1701507727.700166 -5.590489 87.546425 -0.25052667 2.53843135526e-05 0.000112412014435 0.235059620812 0.971980947027
1701507728.700029 -6.097604 88.47356 -0.24717203 -0.000346913535067 -0.00135744457664 0.26472777785 0.96432216641
1701507729.700113 -6.6418896 89.43998 -0.23127417 -0.00022268018495 -0.000824932877356 0.276467591384 0.961022861754
1701507730.699754 -7.2159386 90.34771 -0.21685769 -0.000542983735671 -0.00181789580001 0.30197818126 0.953312948861
1701507731.70006 -7.858712 91.2511 -0.20212846 -0.000437787779543 -0.00135471311935 0.325194193952 0.945646186115
1701507732.700144 -8.492069 92.0567 -0.18695001 -0.000586812834144 -0.0017330028738 0.339381080381 0.940647189243
1701507733.700007 -9.142852 92.89783 -0.16601218 -0.000553106140252 -0.00161288662172 0.341031607947 0.940050283257
1701507734.900152 -9.860135 93.81282 -0.1573297 -0.000430746154432 -0.00125741711684 0.342568690496 0.939491844377
1701507736.100075 -10.5503 94.68817 -0.15328427 -0.000565703234406 -0.0016493373916 0.343644386235 0.939098235264
1701507737.300221 -11.243604 95.549904 -0.1368018 -0.000817226773287 -0.00238300505538 0.344168551865 0.938904500646
1701507738.500255 -11.967609 96.4312 -0.11397871 -0.000943712777607 -0.00257588943749 0.362490796411 0.93198331354
1701507739.700068 -12.765851 97.32196 -0.09281908 -0.000985841283092 -0.00251831651969 0.381495220832 0.924366855032
1701507740.699931 -13.502154 98.05736 -0.07728814 -0.000863721237776 -0.00206788951535 0.402040654525 0.915619074686
1701507741.700236 -14.275762 98.76531 -0.064099126 -0.000884648448582 -0.00200035936132 0.420274343653 0.907394452279
1701507742.699988 -15.061554 99.43698 -0.054984678 -0.0011098818709 -0.00241332732261 0.434325802835 0.900751930892
1701507743.900243 -15.903512 100.088425 -0.04546525 -0.00169099956103 -0.00334520339548 0.470313259636 0.882491579532
1701507745.100057 -16.80445 100.6772 -0.02565818 -0.00212961313412 -0.00394486870912 0.492522036596 0.870288427032
1701507746.300202 -17.775457 101.24441 -0.013761073 -0.0026288585831 -0.00464642785459 0.510503660769 0.859859007136
1701507747.500015 -18.807056 101.848465 0.0034335053 -0.00258352230476 -0.00452931053911 0.512809808998 0.858486406738
1701507748.70016 -19.791206 102.425446 0.02768664 -0.00242368600911 -0.00423310493793 0.514928063581 0.857219514422
1701507749.900084 -20.758038 102.97123 0.040367547 -0.00247030597252 -0.00426950299095 0.520933023356 0.853583302385
1701507751.100008 -21.758162 103.54043 0.06162829 -0.0019971500488 -0.00344862683571 0.520142419883 0.854070243834
1701507752.300153 -22.757732 104.094124 0.08104007 -0.00186986657425 -0.00322881163149 0.520613978359 0.853784026503
1701507753.300237 -23.66929 104.6145 0.100189894 -0.000991487219327 -0.00170878380651 0.520475773658 0.853874151176
1701507754.3001 -24.572935 105.11796 0.10455163 -0.00107355270658 -0.00184297412609 0.522327625839 0.852742224952
1701507755.500135 -25.625183 105.65312 0.116730444 -0.0018082051586 -0.00289690765168 0.551002782083 0.83449641848
1701507756.700058 -26.71649 106.04423 0.14461036 -0.0031337369725 -0.00438648447057 0.601613248173 0.798769327196
1701507757.900203 -27.867939 106.32289 0.17510119 -0.00510828616187 -0.00665704682944 0.625723506171 0.779999796773
1701507758.899955 -28.87476 106.57182 0.18264546 -0.00526448331283 -0.00688478509278 0.625037163141 0.780546878568
1701507759.900151 -29.904636 106.84859 0.20616676 -0.00503299139193 -0.00658174926728 0.624443243962 0.781026238128
1701507760.900014 -30.956648 107.13163 0.2232002 -0.00450374243988 -0.00589616998897 0.625249666306 0.780389522141
1701507761.900097 -32.01581 107.39976 0.23305286 -0.00478561419757 -0.00626514057959 0.625971606475 0.779805997539
1701507762.900181 -33.06995 107.66922 0.2532715 -0.00510124768118 -0.0066688320527 0.626085855448 0.779708923611
1701507763.900155 -34.080166 107.94364 0.27257743 -0.00483293874093 -0.00633901503482 0.628367774346 0.777875568298
1701507764.900128 -35.09557 108.19608 0.30045173 -0.00439930783855 -0.00569889478028 0.633667533153 0.773571991554
1701507765.900101 -36.10638 108.412346 0.3255105 -0.00445513844649 -0.0055855551698 0.64386083409 0.765109259936
1701507767.100135 -37.277225 108.6545 0.3502183 -0.00456592371298 -0.00567239747954 0.646972793808 0.762478314656
1701507768.10011 -38.280132 108.83067 0.37957323 -0.00438639695283 -0.00526373363735 0.659716408719 0.751483408131
1701507769.100193 -39.34222 109.002625 0.39494443 -0.00471031738777 -0.00560810104362 0.662941449812 0.748635422776
1701507770.100166 -40.40345 109.13514 0.41629142 -0.00567620046958 -0.0064366359355 0.679381170518 0.733735358022
1701507771.100029 -41.465416 109.23518 0.4380349 -0.00559594674977 -0.00618937076981 0.689092906989 0.724624966867
1701507772.099892 -42.542496 109.328316 0.45065674 -0.00634102374811 -0.00683880327518 0.697797669353 0.716234203898
1701507773.100087 -43.62914 109.33393 0.4706748 -0.00700397205604 -0.00714767356963 0.719287543346 0.694640399866
1701507774.10017 -44.718094 109.31344 0.49985507 -0.00694566627266 -0.00692329226607 0.727039671606 0.686525412243
1701507775.100144 -45.812786 109.27713 0.5274862 -0.00675702609379 -0.00660301000474 0.735046320597 0.677951067138
1701507776.100228 -46.88577 109.217155 0.5478022 -0.00690315268273 -0.00664642436444 0.739854910593 0.672698210789
1701507777.099869 -47.968666 109.16103 0.5727249 -0.00700785371867 -0.00673476470787 0.738019683388 0.674709181694
1701507778.100176 -49.058067 109.10766 0.5911163 -0.00684907163131 -0.00656702949047 0.738557562885 0.674123646409
1701507779.100038 -50.154648 109.04259 0.60324126 -0.0072711007959 -0.00690879512283 0.740549404775 0.67192706355
1701507780.100232 -51.232655 108.91674 0.6255137 -0.00772734883313 -0.00662475692015 0.772472302342 0.634966883224
1701507781.100095 -52.283344 108.6563 0.6318791 -0.0087291595918 -0.00686902239877 0.799717656873 0.600273510652
1701507782.100069 -53.330395 108.32662 0.6539177 -0.00861934252319 -0.00646026789897 0.813599932652 0.581325314657
1701507783.100153 -54.365788 108.01487 0.66216576 -0.00908816378069 -0.00684387974061 0.813657947897 0.581232578589
1701507784.100125 -55.46317 107.68843 0.68658423 -0.0092934722095 -0.00698597861391 0.812868583059 0.582331086369
1701507785.100209 -56.49678 107.393295 0.7186237 -0.00811116105494 -0.00610059524915 0.812681482352 0.582619773134
1701507786.099963 -57.525913 107.08443 0.7353166 -0.00760402442958 -0.00568607538318 0.813000714336 0.582185267632
1701507787.100047 -58.579067 106.7402 0.739725 -0.00747625165363 -0.00545999591809 0.820326078396 0.571821142675
1701507788.10013 -59.603565 106.36168 0.7612407 -0.00788829816229 -0.00549616196766 0.83296538229 0.553241573694
1701507789.099993 -60.58983 105.940605 0.77564317 -0.00918585940117 -0.00610628965638 0.845132680959 0.534442779715
1701507790.100077 -61.610107 105.46334 0.80605364 -0.00957981273514 -0.00597431233904 0.859345756528 0.511270383963
1701507791.10005 -62.509174 104.93873 0.81543785 -0.00932857619465 -0.00533167600841 0.88038397389 0.474139862714
1701507792.100245 -63.416832 104.299614 0.82671404 -0.0101879626357 -0.0052419922852 0.899741736269 0.436272317424
1701507793.099997 -64.296234 103.61764 0.85833716 -0.0101153525612 -0.00505403767154 0.90455688725 0.42620297286
1701507794.100191 -65.12777 102.962906 0.8674297 -0.010775677452 -0.00542067934442 0.904602143532 0.42608621537
1701507795.100054 -66.02704 102.291626 0.9028075 -0.00973396809843 -0.00486975447228 0.90389874488 0.42760799146
1701507796.100027 -66.923256 101.65982 0.9215161 -0.0086891531193 -0.00469920933595 0.890161714866 0.455537635588
1701507797.100112 -67.84848 101.113815 0.93282074 -0.00762192066093 -0.0043694173249 0.879599158829 0.475634454497
1701507798.099975 -68.76969 100.54679 0.9537375 -0.00804583445721 -0.00457289781768 0.880535571114 0.473889714128
1701507799.100169 -69.69864 99.947426 0.9798993 -0.00783680312911 -0.00430731380361 0.887545893072 0.460632520839
1701507800.100032 -70.654785 99.34155 0.997379 -0.00747998130637 -0.0040905777054 0.886976359439 0.461736131193
1701507801.100116 -71.53689 98.75915 1.0136805 -0.00844001966371 -0.00462646236659 0.887144619109 0.461391142849
1701507802.10009 -72.41347 98.19081 1.0233344 -0.00827243405303 -0.00452636170916 0.887945998626 0.459851043718
1701507803.100063 -73.2754 97.58996 1.040279 -0.00868961334328 -0.00459245740492 0.89417784332 0.447604048765
1701507804.100146 -74.13208 96.95603 1.0651269 -0.00876513763832 -0.00444555936903 0.900686071111 0.434359310561
1701507805.29996 -75.09115 96.213646 1.0943846 -0.00828150530224 -0.00399942731484 0.908198319318 0.418439044592
1701507806.300154 -75.90451 95.566574 1.0862346 -0.00739959365911 -0.00355939171608 0.909440673574 0.415752616339
1701507807.300017 -76.70845 94.891365 1.0820085 -0.00858977897607 -0.00399595517999 0.915062870056 0.403199940332
1701507808.300323 -77.476906 94.15294 1.1070836 -0.00870962062918 -0.00371633780765 0.927433824529 0.37386739957
1701507809.300076 -78.22884 93.38936 1.1088173 -0.008930176365 -0.00370215559783 0.93235419837 0.36141692652
1701507810.300159 -79.00592 92.60521 1.1371775 -0.00860743670903 -0.00354503805599 0.93280641082 0.360257608764
1701507811.300132 -79.70014 91.799576 1.1510684 -0.00950738209345 -0.00349162480245 0.945517485689 0.325413740487
1701507812.500167 -80.41731 90.853134 1.1617687 -0.0100796961668 -0.00333034037479 0.955885556695 0.29354745964
1701507813.50003 -80.99297 90.03292 1.162542 -0.0111246202914 -0.00355595637907 0.958830613139 0.283738353604
1701507814.500114 -81.56797 89.20741 1.187006 -0.0105863281052 -0.00338172956402 0.958950192769 0.28335670338
1701507815.500198 -82.17432 88.37312 1.2021353 -0.00986004117392 -0.0033066693336 0.95419990521 0.298988940302
1701507816.499839 -82.842964 87.60027 1.2291464 -0.00923011509859 -0.00354266592598 0.94062762004 0.339296234744
1701507817.500255 -83.504715 86.81532 1.2485999 -0.00921392481068 -0.00301673272725 0.956687062493 0.290956813584
1701507818.500118 -84.06535 85.84973 1.2671856 -0.00966287621105 -0.00278052592563 0.966022406765 0.258262670797
1701507819.500091 -84.64587 84.93631 1.2740209 -0.00904301100748 -0.00261287196454 0.965537067524 0.260095305782
1701507820.499954 -85.22918 84.00233 1.2870249 -0.00886747635581 -0.00238849336042 0.969940079815 0.243170525623
1701507821.50015 -85.67975 83.04262 1.3004998 -0.00948520226679 -0.00214414656128 0.97935644778 0.201906864084
1701507822.500013 -86.10591 82.02417 1.3011203 -0.0106351597396 -0.0022855449546 0.981927052462 0.18894690605
1701507823.499985 -86.53643 81.04085 1.3249223 -0.0115860750796 -0.002482138589 0.981460282067 0.191299023986
1701507824.50018 -86.96431 80.10122 1.3417473 -0.00956750295914 -0.00204752000818 0.981345177351 0.192004982848
1701507825.700104 -87.37556 79.005974 1.3552302 -0.0101507958076 -0.00157538975556 0.990610536148 0.136327712388
1701507826.900249 -87.60561 77.857216 1.3650545 -0.0105630248051 -0.00094644154208 0.997306996604 0.0725691482714
1701507828.100062 -87.78655 76.692955 1.371152 -0.010453131447 -0.00102942210087 0.996798466341 0.0792621588936
1701507829.300096 -88.0621 75.5322 1.3740377 -0.0102141434339 -0.00132981348094 0.993951922179 0.109331968178
1701507830.299959 -88.34176 74.5374 1.4018579 -0.0115754497454 -0.00134628821268 0.994641815007 0.102722228908
1701507831.300375 -88.49629 73.48534 1.4028692 -0.0120704845228 -0.000940982760898 0.997802696823 0.0651398201381
1701507832.299907 -88.65755 72.45393 1.4102547 -0.0118004805445 -0.000683184350181 0.999149569227 0.0395021547626
1701507833.300212 -88.647896 71.37237 1.4335574 0.0124088918058 -1.26434302547e-05 -0.999770914683 0.0174395355128
1701507834.300075 -88.6296 70.235214 1.4400553 0.0113033439461 -0.000127603265572 -0.999617368862 0.0252454748747
1701507835.300047 -88.599945 69.182144 1.4488928 0.0106877909788 -8.71264002709e-05 -0.999624155495 0.0252450249174
1701507836.300131 -88.57285 68.11591 1.4494058 0.00975832759737 -6.94309634523e-05 -0.999594852558 0.0267376319204
1701507837.300105 -88.56306 67.0675 1.4671062 0.00990763635148 -0.000100600933086 -0.999651762099 0.0244577831039
1701507838.3003 -88.53396 66.01018 1.4805852 0.00903253083177 -8.29505473771e-05 -0.999662123921 0.0243730282106
1701507839.300052 -88.52379 64.93499 1.4827297 0.00815086818559 -3.8966928666e-05 -0.999729721931 0.0217725725861
1701507840.300025 -88.5198 63.8329 1.4882826 -0.00707676891165 -7.16363509661e-05 0.999946073866 -0.00760023480908
1701507841.300109 -88.54729 62.7574 1.4938824 0.00736462817796 2.16666544953e-05 -0.999900020949 0.0120710351013
1701507842.300082 -88.5343 61.67362 1.5042194 0.00791304167396 6.10243017409e-06 -0.999841910659 0.0159228585259
1701507843.300166 -88.526924 60.573032 1.5094358 0.00951719821909 -4.10482737921e-06 -0.999843700175 0.0148996020691
1701507844.300029 -88.53043 59.480816 1.5227853 0.00879785511955 -2.06915675088e-05 -0.999871642658 0.0133901279235
1701507845.300225 -88.53238 58.39546 1.5375694 0.00800814053281 1.20091186883e-05 -0.999835471922 0.0162757066505
1701507846.299977 -88.53936 57.314217 1.5543258 0.00521514248981 1.10223006402e-05 -0.99981159077 0.0186971957861
1701507847.300171 -88.54057 56.21333 1.5426817 0.00503418319605 1.3905321482e-05 -0.999909165905 0.0125026695087
1701507848.300144 -88.5399 55.123684 1.5644814 0.00619723744033 1.04015001682e-05 -0.999904585964 0.0123455703557
1701507849.300118 -88.54685 54.041378 1.5846006 0.0054517022163 2.545731719e-05 -0.999863693389 0.0155843812259
1701507850.300202 -88.55078 52.972282 1.5896877 0.00518165121612 2.22890800497e-05 -0.999886523719 0.0141453059236
1701507851.300065 -88.55242 51.88368 1.6038082 0.00528309075947 2.17566686497e-05 -0.999867937206 0.0153686898262
1701507852.300259 -88.52671 50.797 1.6034311 0.00714442780612 -0.000108081647444 -0.999534328905 0.0296659874266
1701507853.300121 -88.43158 49.73003 1.6237739 0.00732919317795 -0.000396671270651 -0.997875900468 0.0647287636521
1701507854.300095 -88.293335 48.638157 1.6245644 0.00801070707637 -0.000436234903741 -0.997811730554 0.0656306989094
1701507855.300068 -88.19623 47.56131 1.6365378 0.00730304545934 -0.00038680379194 -0.997675132485 0.0677557815293
1701507856.300152 -88.07451 46.4837 1.6453785 0.00802485183386 -0.000401765766796 -0.997495366495 0.070273993465
1701507857.300126 -87.94848 45.422333 1.6529311 0.00774400153027 -0.000385572592231 -0.997591520527 0.0689277879193
1701507858.299989 -87.83226 44.37752 1.6620828 0.00807421931551 -0.000397266737425 -0.997602595129 0.068729261263
1701507859.300183 -87.719055 43.335285 1.669144 0.00810224444131 -0.000423527926875 -0.997685026548 0.067518605291
1701507860.300046 -87.62464 42.29258 1.6814104 0.00758800417993 -0.000402055347613 -0.997808671653 0.0657275841473
1701507861.30013 -87.51874 41.272404 1.6865015 0.00715399850974 -0.000239627142213 -0.99889514618 0.0464462035277
1701507862.300104 -87.49763 40.200035 1.699422 0.00663196794917 -0.000123615789208 -0.999491842634 0.0311778483468
1701507863.300077 -87.461395 39.1058 1.703485 0.00668496210691 -0.000115813772758 -0.999519449155 0.0302682776152
1701507864.300161 -87.41974 38.050514 1.6968728 0.00643467762283 -0.000124532667769 -0.999522651863 0.0302166812782
1701507865.300134 -87.37793 36.944 1.7131091 0.00667425141591 -0.000134701188155 -0.999559376625 0.0289221165233
1701507866.300108 -87.337814 35.852276 1.7143716 0.00841741647084 -0.000174056661711 -0.999546995755 0.0288949836837
1701507867.300081 -87.29283 34.791275 1.7169228 0.0100599015958 -8.12950041272e-05 -0.999808323104 0.0167960954592
1701507868.300055 -87.34585 33.669655 1.7337368 -0.0084756341349 -0.000151728279353 0.999953275485 0.00464622988936
1701507869.300028 -87.37223 32.551228 1.740579 -0.00957449229835 -0.00015121232113 0.999939799467 0.00535758098688
1701507870.300111 -87.41142 31.536911 1.7399334 -0.00980288329412 -0.000161115878061 0.999942184343 0.00441650228093
1701507871.300085 -87.45992 30.40848 1.734091 -0.00711191967892 -0.000127521708003 0.999968539557 0.00351058874192
1701507872.300058 -87.49729 29.349361 1.7414929 -0.00808932303659 -0.00016158809429 0.999945596843 0.00658331961809
1701507873.300142 -87.54073 28.34656 1.747317 -0.00783746282654 -0.000151406894039 0.999940298356 0.00761255385177
1701507874.300116 -87.576744 27.212662 1.7564956 -0.00951381077155 -0.000132141817121 0.999954059984 0.00116097587579
1701507875.300199 -87.61552 26.144917 1.7611033 -0.00624811843959 -7.57670809002e-05 0.999978483786 0.0019968075511
1701507876.300063 -87.63911 25.031635 1.7575268 -0.00745263988678 -8.65622045225e-05 0.999968764663 0.00263065830815
1701507877.300147 -87.67638 23.971443 1.7590418 -0.00546258233947 -6.04558330965e-05 0.999983888809 -0.00154229073499
1701507878.500181 -87.68503 22.811453 1.7677522 0.00539386629851 -6.85406189431e-05 -0.999782863743 0.0201277637589
1701507879.500155 -87.70453 21.675629 1.765846 0.00467257562106 -7.15919994517e-05 -0.999760277855 0.0213903888401
1701507881.30015 -87.42193 20.715536 1.7631841 0.00699170525291 -0.000738809703796 -0.993502398651 0.113593811856
1701507882.900085 -87.16651 19.71609 1.7710803 0.00530951646699 -0.000563601877871 -0.993875625808 0.110375413084
1701507884.500022 -86.990974 18.590387 1.7685958 0.00510564571306 -0.000132088184621 -0.999527082265 0.030323699531
1701507885.499995 -87.02766 17.454294 1.7592081 -0.00446805812955 -6.43570605085e-05 0.999954504579 0.00842740093828
1701507886.500189 -87.1405 16.401518 1.7776426 -0.00357433823862 -0.000187645562688 0.998997706377 0.044618063029
1701507887.500052 -87.30582 15.30873 1.7726718 -0.00433935873455 -0.000305879602452 0.998042203353 0.0623926015547
1701507888.700197 -87.34943 14.1357975 1.7711458 0.00522489009748 -4.64764469727e-05 -0.999858423832 0.0159947070981
1701507889.70006 -87.2689 13.110756 1.7559903 0.00531585551312 -0.000170340351658 -0.999180512416 0.0401250080667
1701507890.900095 -87.273415 12.000988 1.7608179 -0.00489346015902 -0.000191792743536 0.999478764518 0.0319095054874
1701507891.899958 -87.503914 10.972966 1.7584621 -0.00531705480292 -0.000496524444131 0.995867992065 0.0906555280808
1701507892.89993 -87.73141 9.905544 1.7558477 -0.00540337074365 -0.00048107822055 0.996449147783 0.0840218306847
1701507893.900235 -87.84519 8.830276 1.7495495 -0.00595322406769 -0.00022237532793 0.999665933848 0.0251501565762
1701507894.899988 -87.859505 7.7589035 1.7426745 0.00630267317114 3.13852365082e-05 -0.999931119432 0.00990109674684
1701507895.900072 -87.80396 6.6585593 1.7589599 0.00590010873186 -0.000125421159417 -0.999530897009 0.0300526023937
1701507896.900045 -87.775345 5.575125 1.7695123 0.00529030708141 -0.000118173131814 -0.999521106099 0.030488639673
1701507897.900128 -87.72102 4.4560423 1.7716335 0.00504884010782 -0.00012469570814 -0.999542078428 0.0298349981869
1701507898.900212 -87.6761 3.3889854 1.7696478 0.00485544573326 -0.000117017544218 -0.99954611756 0.0297316300384
1701507899.900075 -87.64038 2.3139014 1.7562627 0.00481282473316 -0.000113815941199 -0.999502406362 0.0311731204822
1701507900.900159 -87.591934 1.2172579 1.7546681 0.00464172744861 -8.08074720101e-05 -0.999699846504 0.0240554512979
1701507901.900022 -87.57443 0.11403449 1.7543643 0.00442375066246 -7.27289553192e-05 -0.999697069401 0.0242114553744
1701507902.900216 -87.53924 -0.9524009 1.7401979 0.00445614164499 -4.10489627258e-05 -0.999808920445 0.0190332266332
1701507903.899968 -87.60592 -2.0270681 1.7706741 -0.00363680186615 -9.67600001199e-05 0.999840154202 0.0175051522242
1701507904.900052 -87.72015 -3.0433655 1.7671353 -0.00330339758986 -0.000170995985751 0.999118830352 0.0418404249619
1701507905.900136 -87.83416 -4.1466556 1.7509874 -0.00376451847296 -0.000246876931059 0.998489884243 0.0548061904884
1701507906.90011 -88.003586 -5.237992 1.7614338 -0.00313411725622 -0.000212504486969 0.997974754427 0.0635336263529
1701507907.900415 -88.08568 -6.2426314 1.7554104 -0.00325366262712 -3.41955463952e-05 0.999986967826 0.00393404211599
1701507908.899946 -88.09039 -7.331095 1.7533699 -0.00273620671155 -1.88880081261e-05 0.999991860077 -0.00296523128602
1701507909.900362 -88.048035 -8.358631 1.734707 0.00382066048781 -9.5656079217e-05 -0.999294278624 0.0373676078114
1701507910.900004 -87.978294 -9.472032 1.74344 0.00438740752253 -0.000113529713194 -0.999182590838 0.0401856682514
1701507911.900199 -87.94152 -10.606832 1.7832083 0.00438061856173 -0.000112671577482 -0.999191239621 0.039970791211
1701507912.900171 -87.85157 -11.655714 1.8190173 0.0057442450887 -0.000301449216273 -0.998129530569 0.0608633960813
1701507913.900145 -87.72873 -12.725545 1.8008589 0.00529839598917 -0.000316940813687 -0.997520578579 0.0701749375489
1701507914.900118 -87.570885 -13.794787 1.7637855 0.00344101959668 -0.000234589847917 -0.998008319433 0.0629880837542
1701507915.900092 -87.47577 -14.8855095 1.7757192 0.00243358736537 -0.000156869417036 -0.997788806172 0.0664195101057
1701507916.900176 -87.3402 -15.988352 1.7821088 0.00341096269511 -0.000200312066797 -0.997430346216 0.0715613698528
1701507917.900038 -87.20589 -17.051296 1.7843235 0.00361843059213 -0.000224976180651 -0.997563493169 0.0696701761344
1701507918.900122 -87.09935 -18.129345 1.7911686 0.00181324240771 -0.00011111745597 -0.99742406181 0.0717073268739
1701507919.900095 -86.9208 -19.229418 1.7936877 0.00187967064358 -0.000150434850005 -0.995848985376 0.0910013325942
1701507920.900069 -86.76149 -20.298792 1.7978182 0.0014274477921 -0.000111826638248 -0.995832256353 0.0911924727975
1701507921.900042 -86.594025 -21.318604 1.7994579 0.0019349400915 -0.000154548742674 -0.995695119897 0.092668550944
1701507923.100187 -86.32698 -22.298529 1.8124194 0.0026509347608 -0.000416953399124 -0.985203556471 0.171367298546
1701507924.300332 -85.855125 -23.357397 1.8374707 0.0030807513284 -0.000722868116037 -0.970657187018 0.240446692061
1701507925.500145 -85.332985 -24.415537 1.8246182 0.00380050772916 -0.000850546931382 -0.973311405403 0.229455313346
1701507926.500008 -84.984634 -25.41335 1.8316345 0.00321087165791 -0.000501595593955 -0.986246227557 0.165250771056
1701507927.699932 -84.729774 -26.512764 1.8435341 0.00273347606292 -0.000306282783312 -0.992357196108 0.123367863041
1701507928.900187 -84.461754 -27.535112 1.8456786 0.00192413928628 -0.000279221301469 -0.989553318468 0.144154256381
1701507930.300172 -84.06865 -28.504425 1.8545582 0.00110440030609 -0.000236485234965 -0.975610628544 0.219505411886
1701507931.500207 -83.58812 -29.409035 1.8622485 0.00155972116691 -0.000413749700342 -0.962716004802 0.270509316254
1701507932.70013 -83.00653 -30.428852 1.8516988 0.00302311944199 -0.000769392532363 -0.965115548441 0.26180574276
1701507934.100115 -82.48874 -31.465538 1.860929 0.00237943267338 -0.000576196384972 -0.967983122119 0.251003349759
1701507935.300261 -82.02855 -32.40466 1.8829246 0.00106727188573 -0.000242083767064 -0.971211478965 0.238216425657
1701507936.500074 -81.56891 -33.34134 1.8944159 0.000965297657678 -0.000220077217134 -0.971267027196 0.237990297382
1701507937.700108 -81.12571 -34.278973 1.9089562 -6.04047465771e-05 1.37588528155e-05 -0.971268325662 0.237987049496
1701507939.100093 -80.55041 -35.249805 1.9205573 -0.000341431804009 9.35112229194e-05 -0.959701234605 0.281022089839
1701507940.500078 -79.87509 -36.17998 1.9314119 0.000813279732303 -0.000283844272506 -0.938373221093 0.345622562841
1701507941.900174 -79.1332 -37.03631 1.9444066 0.00163782145743 -0.00061656469587 -0.926968147311 0.375135963697
1701507943.300048 -78.333725 -37.88143 1.9759947 0.00172115306798 -0.000684508671001 -0.921597986688 0.388141366016
1701507944.500193 -77.641045 -38.625507 1.9788246 0.00555589190616 -0.00211534994294 -0.927671479658 0.373350081277
1701507945.700006 -76.95981 -39.432068 1.9875338 0.00506554450316 -0.00179313051563 -0.937379639442 0.34826790909
1701507946.900261 -76.20446 -40.37354 1.9977024 0.00574606828745 -0.00205309712501 -0.939563713963 0.342319726128
1701507948.099963 -75.47077 -41.17058 1.9938126 0.00629577424316 -0.00253020535452 -0.925271146467 0.379245654956
1701507949.50017 -74.672554 -41.86636 2.0036254 0.00451216872935 -0.00224886009259 -0.891129903438 0.453720264215
1701507950.900045 -73.72724 -42.4469 2.0055227 0.00527030493399 -0.00296188334709 -0.864582568523 0.502454409215
1701507952.30014 -72.76897 -43.01462 2.0152004 0.0061113720513 -0.00340567745417 -0.865244157068 0.501301906193
1701507953.700125 -71.85163 -43.61009 2.0281243 0.00691888924197 -0.00373527182515 -0.871688610112 0.489997085418
1701507955.099999 -70.91471 -44.24522 2.03854 0.00600606902422 -0.00306086498617 -0.884869907908 0.465789442044
1701507956.300254 -70.10288 -44.916515 2.0474644 0.0054647283063 -0.00263426901215 -0.895129784643 0.445764361536
1701507957.300117 -69.27486 -45.60996 2.050572 0.00853127898294 -0.00387746300279 -0.903415192578 0.42866440531
1701507958.500262 -68.405 -46.373135 2.0674584 0.0111452388791 -0.00496658636687 -0.903704541691 0.427982730957
1701507959.700076 -67.52779 -47.117332 2.0979135 0.00928409995155 -0.00427976412718 -0.90041558655 0.434910635194
1701507960.90022 -66.56091 -47.843033 2.1075022 0.00688594298631 -0.00356528616209 -0.879121107593 0.476535361446
1701507961.899972 -65.68896 -48.45042 2.1331236 0.00615603795035 -0.00321231808603 -0.876851972398 0.480710310594
1701507962.900167 -64.779495 -49.061546 2.1511853 0.00550219627941 -0.00292425669005 -0.87441433309 0.485139926872
1701507963.900141 -63.92404 -49.61732 2.1588933 0.00520204004138 -0.00280517916969 -0.869257213854 0.494324757536
1701507964.900115 -63.0405 -50.169598 2.1732526 0.00374342664097 -0.00207287407131 -0.867105120419 0.498106815947
1701507966.100037 -62.050488 -50.755817 2.1843936 0.00414542494031 -0.00242357790147 -0.852436875092 0.522808106005
1701507967.100122 -61.127064 -51.19926 2.2036726 0.00431984631051 -0.00275977937276 -0.832319148536 0.554272999095
1701507968.300157 -60.057453 -51.572422 2.2167945 0.00555933829993 -0.00399989288221 -0.797233569254 0.60363211534
1701507969.50008 -58.92097 -51.847824 2.2430704 0.00780516390971 -0.00594621152935 -0.786150007933 0.61795783595
1701507970.700114 -57.853214 -52.14021 2.234476 0.0067073862324 -0.00510381543116 -0.785822630015 0.618394498839
1701507971.900149 -56.824802 -52.409195 2.243458 0.00742506802182 -0.00574702026607 -0.778730616312 0.62728818524
1701507973.100073 -55.71628 -52.66529 2.2557158 0.00696894022082 -0.00535243403488 -0.780334892312 0.625300120872
1701507974.300107 -54.637177 -52.973877 2.2626367 0.00740409777581 -0.00546879715421 -0.79275526423 0.60947055928
1701507975.500031 -53.629402 -53.28796 2.2805324 0.00818587444026 -0.00599583678276 -0.795475466644 0.605900836249
1701507976.700176 -52.624584 -53.57595 2.2819097 0.00807921067378 -0.00596441778429 -0.792229279818 0.610140901984
1701507978.100051 -51.491955 -53.906635 2.295275 0.00704477240002 -0.00525740947218 -0.788786448788 0.61460448179
1701507979.300195 -50.337303 -54.15326 2.3176634 0.00770946765974 -0.0063242535443 -0.758936916523 0.65108780104
1701507980.300169 -49.25636 -54.249798 2.3421392 0.00736972123586 -0.00704497281762 -0.709045489485 0.705089036511
1701507981.300253 -48.225037 -54.199326 2.3579524 0.00664548147966 -0.00679869983984 -0.683656030366 0.729742452788
1701507982.300005 -47.127487 -54.145287 2.350315 0.00655315293903 -0.00658687596893 -0.687567669144 0.726060858055
1701507983.300088 -45.974495 -54.202785 2.3804324 0.00545963651873 -0.00506987143903 -0.714812911904 0.699276046885
1701507984.300172 -44.96647 -54.331158 2.3973517 0.0039873670119 -0.00340540283771 -0.743229970785 0.669015481632
1701507985.299925 -43.94056 -54.541008 2.415473 0.00363866205377 -0.00296947467131 -0.758006780445 0.652229762551
1701507986.300119 -42.86069 -54.711914 2.428872 0.00368932557759 -0.00310431175852 -0.749375147765 0.66212811452
1701507987.700215 -41.57401 -54.733818 2.4692385 0.00467514865435 -0.00482154664518 -0.678596517266 0.734480539175
1701507988.700077 -40.412148 -54.679485 2.4898565 0.00506235208256 -0.00523137611652 -0.67767269918 0.735327626355
1701507989.700051 -39.404793 -54.62916 2.5135121 0.00490003157475 -0.00506483764548 -0.676385067218 0.73651447912
1701507990.700135 -38.37244 -54.57015 2.5339756 0.00519033334898 -0.00554178238263 -0.664826468933 0.746959246073
1701507991.700108 -37.357113 -54.447388 2.5510416 0.00531186578227 -0.00599392571246 -0.644250131511 0.764772923805
1701507992.700192 -36.32685 -54.269386 2.5781715 0.00609718490324 -0.00711655866287 -0.630854207723 0.77584479603
1701507993.700055 -35.23944 -54.109318 2.5977519 0.00581899264402 -0.00657122424493 -0.644566302085 0.764498031752
1701507994.700029 -34.203094 -53.96152 2.6161575 0.00573020362957 -0.00652793152832 -0.642187963791 0.76649799089
1701507995.700224 -33.147194 -53.74999 2.6242294 0.00533275585998 -0.00640930496852 -0.622832015619 0.782311167532
1701507996.699975 -32.07972 -53.562 2.6424794 0.00519013824776 -0.00620579238768 -0.623252084046 0.781979149555
1701507997.70017 -31.038424 -53.35913 2.656501 0.00545195969173 -0.00648579276345 -0.625967346511 0.779803239112
1701507998.700143 -29.994818 -53.150394 2.6960115 0.00522584381421 -0.00650569050385 -0.608972880262 0.793147147542
1701507999.700117 -28.990839 -52.91219 2.7049284 0.00517625626932 -0.00643274246363 -0.607728452241 0.794101979932
1701508000.70009 -27.988285 -52.67297 2.722438 0.00469926471111 -0.00586830018271 -0.606246897752 0.795240956522
1701508001.700063 -27.014723 -52.40852 2.7343473 0.00468313282542 -0.00612775196968 -0.588837801825 0.80821442827
1701508002.700147 -26.01386 -52.088444 2.7660282 0.00501352882382 -0.00691026269396 -0.569572400982 0.821896826152
1701508003.700011 -25.01358 -51.745102 2.7821813 0.00547707427071 -0.00756156924458 -0.566776696104 0.823818548639
1701508004.700316 -24.020973 -51.386757 2.8126237 0.00530261201587 -0.00770968274362 -0.54777835871 0.836571164233
1701508005.699957 -23.098417 -50.979885 2.813467 0.00512592915216 -0.00766196062286 -0.535901121753 0.844230422879
1701508006.700151 -22.144236 -50.56687 2.8276215 0.00449829175009 -0.00674790887836 -0.538426868646 0.842633216896
1701508007.700125 -21.222565 -50.16908 2.8462408 0.00511848784364 -0.00766542200015 -0.538058353613 0.842857194603
1701508008.699988 -20.297777 -49.777443 2.8652093 0.00471624675787 -0.00717349210325 -0.532044688468 0.846672751126
1701508009.700071 -19.318232 -49.33692 2.8750298 0.00492688934438 -0.00763803836422 -0.522259957299 0.852737898263
1701508010.700265 -18.357197 -48.82412 2.8970509 0.00431407506613 -0.00720604920577 -0.493528285195 0.869689193519
1701508011.700128 -17.386963 -48.261593 2.9063203 0.0047941699968 -0.00805244202274 -0.491918422312 0.870590856776
1701508012.699991 -16.490479 -47.746056 2.9229522 0.00464033711187 -0.00805016890283 -0.477993356473 0.878314302069
1701508013.700185 -15.620917 -47.14513 2.9345567 0.00487853907825 -0.00928683286563 -0.447614784834 0.894164950661
1701508014.700049 -14.806331 -46.55923 2.9523911 0.00434619366729 -0.00857028065706 -0.434332233549 0.900701488724
1701508015.700133 -13.922708 -45.917862 2.9757125 0.00378780001459 -0.00746076858112 -0.435405217506 0.900195693209
1701508016.700106 -13.064728 -45.27784 2.9665885 0.00365324561362 -0.00693583554368 -0.443089034595 0.896443336415
1701508017.700079 -12.215009 -44.706608 2.9779544 0.00544353398803 -0.0101840545758 -0.449923254075 0.89299256347
1701508018.700163 -11.380994 -44.08774 3.0100238 0.00326838256077 -0.00662530374382 -0.423233366405 0.905990585264
1701508019.700026 -10.608961 -43.393734 3.0163832 0.00344939036575 -0.00764285286729 -0.386654564209 0.922186497669
1701508020.700221 -9.894217 -42.64471 3.0373847 0.00357453458995 -0.00888740913964 -0.349879851298 0.936745603842
1701508021.900034 -9.150567 -41.70386 3.0492105 0.003573604575 -0.0100992811896 -0.310338030059 0.950565905642
1701508022.900228 -8.506584 -40.876392 3.0897803 0.0036792206035 -0.0102025387235 -0.313547807584 0.949510475929
1701508023.89998 -7.764658 -40.047802 3.0754821 0.00423225785598 -0.0109562769098 -0.33570356566 0.941894454805
1701508024.900175 -7.0467215 -39.27003 3.1118088 0.00335650336001 -0.00859184731605 -0.343031973673 0.939278435334
1701508025.900259 -6.394786 -38.510464 3.129457 0.00291447497434 -0.00805425208209 -0.322107113722 0.946664482353
1701508027.100072 -5.702175 -37.556377 3.148653 0.00323335076957 -0.0102759631581 -0.280539466855 0.959782036486
1701508028.100156 -5.197374 -36.663815 3.1535175 0.00295081709477 -0.0115967467915 -0.227125765456 0.973791915559
1701508029.100019 -4.7418404 -35.64394 3.1627429 0.00263765998876 -0.0113951896593 -0.206506583849 0.978375297741
1701508030.100103 -4.2813067 -34.685516 3.1805906 0.00284691320318 -0.0123202911565 -0.205172771383 0.978644082082
1701508031.100187 -3.8636613 -33.687744 3.196613 0.00241839624586 -0.0123870836076 -0.174079258428 0.9846507621
1701508032.10016 -3.4730096 -32.691067 3.2054217 0.00231564567932 -0.0119710788124 -0.172072363488 0.985008849088
1701508033.100023 -3.0957203 -31.717346 3.218505 0.00241123807104 -0.0123949122233 -0.171999044184 0.985016183056
1701508034.100106 -2.71734 -30.789137 3.2298918 0.00234720472697 -0.0120451269954 -0.170737243669 0.985240173344
1701508035.10008 -2.3492672 -29.851553 3.2404969 0.00230873206706 -0.0117720750768 -0.168757956545 0.985584516978
1701508036.100053 -1.9439787 -28.813555 3.2487643 0.00228024167236 -0.0117587472981 -0.169769447101 0.985411014344
1701508037.100027 -1.5864478 -27.871325 3.2711859 0.00197236198996 -0.0110550935175 -0.160863624674 0.986912756505
1701508038.29995 -1.2137148 -26.747072 3.2593784 0.00265989013478 -0.0154764295524 -0.14874285108 0.988751217125
1701508039.500206 -0.85872716 -25.652658 3.29786 0.00219696029428 -0.0141527997426 -0.134079708668 0.990867046252
1701508040.70013 -0.55223745 -24.627834 3.3054085 0.00180016171347 -0.0127458845282 -0.117667562652 0.992969610081
1701508041.900054 -0.28219226 -23.57116 3.340057 0.00135436508765 -0.010775971875 -0.108562835849 0.994030258492
1701508043.099977 -0.032434635 -22.555092 3.3232033 0.00138300644563 -0.0117871812857 -0.10119018022 0.994796309341
1701508044.300123 0.1756315 -21.51861 3.3544726 0.00150509691359 -0.013223428522 -0.0974295705869 0.99515343259
1701508045.500047 0.41937956 -20.523838 3.371439 0.00141258383776 -0.0120850983872 -0.0954677922244 0.995358154461
1701508046.899699 0.7254573 -19.479748 3.3926752 0.00186882776442 -0.0106968434077 -0.150417781538 0.988562884202
1701508048.100287 1.0298158 -18.520124 3.399256 0.00130799437061 -0.0102246375676 -0.11027918847 0.993847194758
1701508049.50005 1.2174798 -17.462135 3.4206407 0.0011425820436 -0.0115012009119 -0.0806633395775 0.99667439143
1701508050.700084 1.4681096 -16.35743 3.4306417 0.00113015953249 -0.00967986779417 -0.0979213867667 0.995146433904
1701508051.900008 1.7205824 -15.280652 3.4424064 0.000963648134136 -0.00930342635032 -0.0871524724226 0.996151074984
1701508053.100264 1.8417578 -14.258398 3.4512467 0.000602877034383 -0.0109125595738 -0.0378029661576 0.999225444198
1701508054.300077 1.9142168 -13.086441 3.4698722 0.000502337721925 -0.0108954209826 -0.0288976545297 0.999522867683
1701508055.500333 2.01962 -11.90646 3.474967 0.000496130325431 -0.00979217111041 -0.0320527413199 0.999438086633
1701508056.499753 2.1891074 -10.89796 3.4848824 0.00102434742259 -0.0105327263571 -0.078761760655 0.996837297379
1701508057.70023 2.3865743 -9.819064 3.5111775 0.00070698584157 -0.0101759166808 -0.0515935653993 0.998616069819
1701508058.699982 2.5159984 -8.737671 3.5153136 0.000761684203259 -0.0112558300878 -0.0478293892661 0.99879180796
1701508059.700066 2.6229804 -7.7103353 3.5161176 0.000530687957219 -0.0131206332962 -0.0198245994682 0.999717236326
1701508060.70026 2.5702105 -6.7065725 3.5524554 -0.000164265208573 -0.0137673213026 0.0311881951337 0.999418696226
1701508061.700013 2.5307877 -5.634662 3.548495 -0.000159088744089 -0.0139999718216 0.0315394779862 0.999404441059
1701508062.700097 2.4857032 -4.5775604 3.5695472 -0.000324505604201 -0.0143463163974 0.0407251098734 0.999067336733
1701508063.69996 2.4522917 -3.5342848 3.594119 -0.000156412682715 -0.0130111922123 0.0296015245867 0.999477080355
1701508064.700265 2.4194317 -2.5075343 3.5954602 -0.000113867179266 -0.0134073946997 0.0280634327136 0.999516219251
1701508065.700016 2.4166718 -1.4967378 3.6075037 3.2429449607e-05 -0.0116273221644 0.0138332000905 0.99983671012
1701508066.700101 2.4220243 -0.4893405 3.6170216 0.000157214015885 -0.0126517924462 0.00467382694135 0.999909027249
1701508067.900026 2.4401078 0.62719166 3.633659 -1.34086760124e-05 -0.0128497041485 0.0171171357848 0.999770918054
1701508069.30012 2.4111772 1.6279668 3.6449132 -0.000169533421151 -0.012294377476 0.0285695789484 0.99951618231
1701508070.699994 2.3742847 2.6450462 3.6548038 -0.000156419853964 -0.0119640143117 0.0295845337402 0.999490666919
1701508115.100163 2.3384757 3.681812 3.6712883 -0.000157712394689 -0.0126910637297 0.0307997491721 0.999444989721
1701508116.90005 2.3014116 4.8127112 3.6920745 -0.0001944672714 -0.013259717747 0.0290718506461 0.999489354404
1701508118.700045 2.292606 5.9095035 3.7009866 1.93213180988e-05 -0.0111388384056 0.0142387232679 0.999836578979
1701508120.500264 2.4064524 6.967698 3.7014635 0.000555538744031 -0.0108364888536 -0.0322532028421 0.999420828677
1701508121.900138 2.4621937 8.026528 3.7237587 0.000136989465647 -0.0108730982337 0.00220512746285 0.999938445296
1701508123.100173 2.4413462 9.041131 3.7125838 -9.44744969284e-05 -0.0105926048993 0.0241249717544 0.999652826502
1701508124.299985 2.4356835 10.060384 3.7243536 0.000117424811682 -0.0105967265046 0.005998085907 0.999925856533
1701508125.50002 2.5106587 11.142756 3.7418668 0.000322216604884 -0.009530164971 -0.017618751926 0.999799305717
1701508126.700165 2.5569708 12.34542 3.752676 3.90152176004e-06 -0.00972659930236 0.0172493877637 0.99980390671
1701508127.700139 2.4726932 13.405905 3.7607512 -0.000377509867408 -0.0104923612649 0.0514152427766 0.99862217112
1701508128.700111 2.3654945 14.485947 3.7729063 -0.000435450498107 -0.0100491451239 0.0568964759036 0.998329412616
1701508129.700085 2.2722754 15.576988 3.7817152 -0.000462789265739 -0.0104501055881 0.0564289497931 0.998351819122
1701508130.699948 2.1915727 16.650337 3.7908096 -0.000291598037282 -0.00971307326717 0.0419785925295 0.999071253188
1701508131.700143 2.1676483 17.737955 3.800926 -0.000100257074581 -0.00863411818106 0.0231286476012 0.999695207357
1701508132.700116 2.154659 18.826788 3.8080995 -7.61623835034e-05 -0.00789861430632 0.0244900771257 0.999668866282
1701508133.700089 2.1196227 19.929253 3.8033404 -8.75017499911e-05 -0.00806124818537 0.0260262924037 0.99962875145
1701508134.700063 2.1027737 21.017803 3.813594 -0.00010720553563 -0.00959406216947 0.0251807262309 0.999636870821
1701508135.700146 2.0753815 22.087696 3.834946 -8.42749270991e-05 -0.00750540225317 0.0244636810646 0.999672541457
1701508136.70012 2.0579066 23.184847 3.8322544 -6.93236679149e-05 -0.00684632287909 0.0249050913854 0.999666374087
1701508137.700094 1.9954245 24.259308 3.844255 -0.000244863350043 -0.00749401963883 0.0460627382667 0.998910408322
1701508138.700178 1.9223834 25.3627 3.8469548 -0.00026019882923 -0.00836650712804 0.0447327987382 0.998963918554
1701508139.70004 1.8669482 26.436312 3.870546 -0.000222298290952 -0.00725384759235 0.0425686138158 0.999067187629
1701508140.700124 1.8016473 27.509329 3.8681288 -0.000254156304918 -0.00775806968303 0.0452235318991 0.998946735278
1701508141.700098 1.72169 28.619593 3.873834 -0.000249540048174 -0.00726724491142 0.0441802010581 0.998997114468
1701508142.700071 1.6663806 29.679466 3.8753195 -0.000241640604131 -0.00670077913528 0.046378626373 0.998901428663
1701508143.700155 1.5722905 30.77629 3.871427 -0.000288358738152 -0.00770461691448 0.0502852522741 0.998705136229
1701508144.700129 1.5004108 31.866686 3.8809922 -0.000284847717399 -0.00606633036233 0.0572422530025 0.998341846748
1701508145.700213 1.365825 32.943134 3.884975 -0.000372919797025 -0.00675809904704 0.0673875478503 0.997703917714
1701508146.699964 1.2434175 34.03236 3.8826222 -0.000400244547474 -0.00714438065182 0.0658157526932 0.997806135643
1701508147.70016 1.1223531 35.123898 3.8983989 -0.000393472267156 -0.00702932920062 0.0659494145914 0.997798130097
1701508148.700023 0.9939243 36.192593 3.8997903 -0.000429702311377 -0.007565574162 0.0691356732916 0.997578486196
1701508149.700106 0.89520687 37.286545 3.9056976 -0.000368050632375 -0.00635466262743 0.0690035205809 0.997596109129
1701508150.70019 0.75401664 38.3416 3.9124606 -0.000415750837499 -0.00708785721221 0.0699733889371 0.997523590835
1701508151.700053 0.6482155 39.3543 3.9178364 -0.000365687349533 -0.00611863848414 0.0685197242777 0.997630931718
1701508152.700138 0.5418713 40.350437 3.9241135 -0.00031235238598 -0.00538678269676 0.0685620747487 0.997632260362
1701508153.7 0.43238124 41.360157 3.931014 -0.000276364900679 -0.00493177400841 0.0639911878869 0.997938239121
1701508154.900256 0.30278102 42.500877 3.9303205 -0.000258142572457 -0.00505109801164 0.0624100556386 0.998037777204
1701508155.899897 0.29889524 43.569138 3.9361508 3.64911568911e-05 -0.00376703139271 0.00101545553242 0.999992388468
1701508156.900202 0.3608947 44.661015 3.9401004 7.93277668658e-05 -0.00457991956265 -0.0087317516955 0.999951386096
1701508157.900064 0.3498174 45.732098 3.9366813 -0.00020342240282 -0.00742532152413 0.0363172495084 0.999312704116
1701508158.900149 0.19725522 46.817696 3.937404 -0.000381237030051 -0.00586368977265 0.0746140686066 0.997195172755
1701508159.900123 0.058470234 47.90938 3.947373 -0.000360970409666 -0.00563020895163 0.0738666237606 0.997252170888
1701508160.900096 -0.059453595 48.986954 3.9479203 -0.000264987429852 -0.00422904454491 0.0731140072797 0.997314587732
1701508161.900069 -0.2070768 50.06851 3.9506066 -0.000297295414304 -0.00483888493811 0.0721642518559 0.997380979146
1701508162.900043 -0.31935012 51.164345 3.950935 -0.000291933596548 -0.00550571679784 0.0641871468048 0.997922648326
1701508163.900126 -0.41666862 52.248875 3.9621022 -0.000199591416008 -0.00529153653666 0.0498635187798 0.998742003372
1701508164.89999 -0.4716867 53.338326 3.965741 -0.000162299303844 -0.00535139396285 0.0392569853985 0.999214804403
1701508165.900184 -0.5297385 54.44846 3.96945 -0.000143096521999 -0.00555040274486 0.0332699278213 0.999430980336
1701508166.900047 -0.57246304 55.53823 3.9698942 -8.54224070389e-05 -0.00518758071683 0.0264153527721 0.999637589753
1701508167.90002 -0.5701636 56.6248 3.9749382 -1.8525185881e-06 -0.004698411605 0.00949401299055 0.999943892747
1701508168.900104 -0.5334983 57.69362 3.9828835 8.08498281939e-05 -0.00440101829077 -0.00900163997225 0.999949796229
1701508169.900077 -0.48888302 58.805405 3.9726648 0.000112729315337 -0.00591643469211 -0.0133984250615 0.999892726895
1701508170.900161 -0.4122023 59.90158 3.9797943 0.000166542608931 -0.00525353641619 -0.0254570132123 0.99966209946
1701508171.899914 -0.29436705 60.976467 3.973833 0.000251333900798 -0.00523773682259 -0.042517917162 0.999081943418
1701508172.900108 -0.17917424 62.04827 3.9736748 0.000317286698391 -0.00585292326504 -0.0484259586528 0.998809576019
1701508173.900081 -0.04965553 63.101406 3.9694402 0.00030168800191 -0.0062149812244 -0.0379548541822 0.999260082279
1701508174.900275 -0.04473934 64.15572 3.9676707 -0.000157195383449 -0.00648959316775 0.0350143479934 0.999365726801
1701508175.90025 -0.18351507 65.237785 3.9832609 -0.00040518198893 -0.00565359919739 0.0804694571806 0.996740958878
1701508176.900002 -0.3614349 66.32953 3.9890907 -0.000420463005889 -0.00581674097008 0.0839497007947 0.996452927374
1701508177.900196 -0.49662474 67.39988 3.991512 -0.000386639480987 -0.00530097604947 0.0832464009904 0.996514820203
1701508178.899948 -0.6362086 68.493935 4.0039463 -0.000329615257064 -0.00516883548288 0.073453988165 0.997285157874
1701508179.900254 -0.76166385 69.59189 4.0124207 -0.00024114049507 -0.00529276964874 0.0549794310167 0.998473430095
1701508180.900006 -0.7888466 70.69989 4.018102 -2.16121939312e-05 -0.00471116095692 0.0141839652738 0.999888303574
1701508181.899979 -0.7554292 71.74864 4.0164924 -1.48191827583e-05 -0.0043190436284 0.0140550707495 0.999891894471
1701508182.900174 -0.8004672 72.85592 4.0132666 -5.68179887465e-05 -0.00468005876417 0.0231442741036 0.999721179328
1701508183.899926 -0.85577506 73.91749 4.014619 -0.000223388798647 -0.00625744688901 0.047677946657 0.998843134761
1701508184.900341 -0.9778398 75.02788 4.0336986 -0.00038037349859 -0.0065148285179 0.0690767131757 0.997590005976
1701508185.899983 -1.1037871 76.093216 4.027645 -0.000446476481033 -0.00700515246846 0.0725901546212 0.997337153599
1701508186.900068 -1.2627026 77.10759 4.0289245 -0.000503515713787 -0.00663662559331 0.086156334022 0.996259397838
1701508188.099991 -1.4619218 78.26201 4.021134 -0.00070479158024 -0.00780747739948 0.10216059519 0.994737030253
1701508189.300247 -1.7421004 79.400536 4.040154 -0.000952930698054 -0.00655641719695 0.155880300683 0.987753733061
1701508190.50006 -2.107166 80.37432 4.051086 -0.00132300001206 -0.00652748426134 0.211675082019 0.977317400476
1701508191.700205 -2.6327937 81.356895 4.0650506 -0.00168541791971 -0.00600742610684 0.282183669921 0.959340109986
1701508192.899908 -3.2453032 82.264755 4.08063 -0.0012333534528 -0.00410639165771 0.301192862628 0.953553604098
1701508193.900213 -3.8603423 83.1768 4.0924726 -0.00130348581741 -0.0043256672137 0.300688006802 0.953711860099
1701508194.900075 -4.456512 84.097885 4.0822105 -0.00151358302468 -0.00514415883502 0.295943104738 0.955190517883
1701508195.899828 -4.9907312 85.02845 4.099382 -0.00112800718799 -0.00431211938048 0.271405253802 0.962454841244
1701508196.900133 -5.536865 85.9819 4.110867 -0.00116810775807 -0.00443278289957 0.269002001646 0.963128708465
1701508197.900106 -6.080618 86.92463 4.1121297 -0.00120080324906 -0.00457791361431 0.269467201867 0.962997937639
1701508198.90019 -6.626648 87.89038 4.133967 -0.00135663737958 -0.00513556045041 0.267382058523 0.963575954626
1701508199.899943 -7.1553764 88.84892 4.1389494 -0.00128099391378 -0.00498188319126 0.262246027391 0.964987337229
1701508200.900248 -7.6685076 89.812515 4.14381 -0.00101687933428 -0.00403132240693 0.259088075822 0.96584475117
1701508201.899999 -8.191204 90.762985 4.1480546 -0.00123601214663 -0.00496080752677 0.25916901692 0.965818452574
1701508202.900084 -8.687573 91.72923 4.159844 -0.00103105563527 -0.00416321210248 0.25647000589 0.966542674003
1701508203.900058 -9.2036495 92.67996 4.174123 -0.00121827740419 -0.00489716819855 0.258271832118 0.966059104961
1701508204.900141 -9.748244 93.606926 4.1874275 -0.00135212601492 -0.00471382870183 0.291446319186 0.956574615285
1701508205.900225 -10.373688 94.526306 4.2027683 -0.00129984064367 -0.00428629744315 0.307646829719 0.951490076791
1701508206.900088 -10.999734 95.42625 4.218079 -0.0015929887073 -0.00527582240215 0.305899531097 0.952047848041
1701508207.900172 -11.600147 96.33595 4.2301917 -0.00154887670345 -0.00512444854198 0.305960778133 0.95202906639
1701508208.900035 -12.204836 97.233246 4.240439 -0.00152873334563 -0.00506461631608 0.306793004817 0.951761558812
1701508209.900119 -12.842422 98.10205 4.23925 -0.00190107643844 -0.00574087333398 0.332171638424 0.943199571092
1701508210.900093 -13.496471 98.981834 4.2584906 -0.00167175831715 -0.00505289507081 0.333682128192 0.94267062689
1701508211.899402 -14.1113615 99.78678 4.270164 -0.00256017996106 -0.00675500966669 0.372938432927 0.927827969275
1701508212.90004 -15.026665 100.5257 4.2951417 -0.00271093331764 -0.00588636157706 0.432470399123 0.901624841866
1701508213.900013 -15.874413 101.22397 4.2988424 -0.0029393326056 -0.0063016757867 0.436827608716 0.899518365277
1701508214.900208 -16.70168 101.92793 4.316326 -0.00281665219507 -0.00605107027999 0.436023332039 0.899910609414
1701508215.90007 -17.546362 102.62495 4.32131 -0.00307975134441 -0.00663246189981 0.436368990434 0.899738089539
1701508216.900155 -18.363297 103.334694 4.3356824 -0.00264814576795 -0.00572429792619 0.436673868017 0.899597772745
1701508217.900349 -19.245298 103.98731 4.3544493 -0.0030734851279 -0.00609716315392 0.466304540923 0.884597904929
1701508218.900101 -20.12282 104.630264 4.360215 -0.00302475707661 -0.00602959803566 0.46520816744 0.885175607289
1701508219.900295 -21.035597 105.257126 4.3756685 -0.00333881689704 -0.00630365063986 0.482870015245 0.875662985782
1701508220.90038 -21.990095 105.794304 4.3882794 -0.00388536776638 -0.00651974383214 0.525298699571 0.850884053844
1701508221.900132 -22.94982 106.31654 4.3934484 -0.00383983017283 -0.00644140770017 0.526722125912 0.850004450604
1701508222.900105 -23.898151 106.82963 4.4022703 -0.00410525421918 -0.0069139266264 0.527105089913 0.84976206593
1701508223.900079 -24.85577 107.34374 4.422987 -0.00395409403896 -0.00656054659448 0.532092894377 0.846651330905
1701508224.900053 -25.84299 107.827446 4.4295497 -0.00372400724765 -0.00603298498358 0.539614009475 0.841882685201
1701508225.900136 -26.8318 108.306755 4.442708 -0.00389243076683 -0.00632420244832 0.539427923686 0.841999031231
1701508226.90011 -27.796999 108.78463 4.455081 -0.00327504368807 -0.00534342223614 0.540679887018 0.841205077078
1701508227.900415 -28.781452 109.21665 4.480685 -0.0034548145133 -0.00525077025714 0.567858506144 0.823102187258
1701508228.900167 -29.798252 109.593056 4.4865417 -0.00388243393428 -0.00548294515365 0.596908973878 0.802280836692
1701508229.89992 -30.846405 109.91068 4.515435 -0.00452985651453 -0.00621660299438 0.604522444813 0.796550970098
1701508230.900114 -31.897423 110.23195 4.520187 -0.00498783759689 -0.00677246889249 0.607335845432 0.794400670943
1701508231.900088 -32.945854 110.54389 4.53671 -0.00555543314548 -0.00754392343609 0.609209471166 0.79295400032
1701508232.900171 -33.99035 110.834175 4.5520687 -0.0056124642279 -0.00738616107166 0.621591733475 0.783286449356
1701508233.900034 -35.037346 111.10783 4.570243 -0.00585663972147 -0.00762958845346 0.626509895099 0.779354117519
1701508234.899898 -36.093216 111.28891 4.5825267 -0.00693125955338 -0.00805895828296 0.668486286847 0.743648502406
1701508235.900424 -37.174976 111.35864 4.6045547 -0.0070204291448 -0.00761243584967 0.693492428305 0.72038948929
1701508236.899954 -38.25181 111.44322 4.6184573 -0.00657694599938 -0.00715420241613 0.692914746833 0.720954030983
1701508237.900149 -39.31191 111.51387 4.632022 -0.00699335336495 -0.00759549415793 0.693525511281 0.720358082261
1701508238.900012 -40.376568 111.59194 4.65543 -0.0066813676344 -0.00723650998863 0.694528230007 0.719398033062
1701508240.100156 -41.505623 111.684814 4.66817 -0.00666135270735 -0.00723572836798 0.694635042021 0.719295091747
1701508241.300082 -42.634182 111.75628 4.679157 -0.00643621626792 -0.0069911994611 0.695057737901 0.718891117788
1701508242.500116 -43.77831 111.84073 4.7057276 -0.00650739535182 -0.00705539545296 0.693855345684 0.720050438835
1701508243.700039 -44.834003 111.89334 4.7171664 -0.00644931725214 -0.00666748881234 0.710767666703 0.703365676493
1701508244.900185 -45.927746 111.917915 4.7336903 -0.00672238023955 -0.00687957746554 0.714772700247 0.699290689198
1701508246.099998 -47.048523 111.90645 4.7553616 -0.00738233445424 -0.0074567576621 0.720203984611 0.693683010066
1701508247.300364 -48.21209 111.850235 4.7773967 -0.00869423872822 -0.00810183091971 0.748075169814 0.663507581612
1701508248.300006 -49.243725 111.7468 4.7946563 -0.00802334111571 -0.00732641785574 0.753628399177 0.657210914055
1701508249.500262 -50.406467 111.604675 4.819437 -0.00756584390734 -0.00666851158055 0.765189151511 0.643726534616
1701508250.700185 -51.542973 111.35312 4.844706 -0.0088533597605 -0.00721718706574 0.787365441698 0.616380719565
1701508251.700158 -52.548313 111.143456 4.846643 -0.00813366776969 -0.00661619817437 0.788572021757 0.614853019731
1701508252.699911 -53.612236 110.913246 4.8492374 -0.00851630243884 -0.00677459331982 0.793188460105 0.608879006235
1701508253.699996 -54.615513 110.63147 4.871993 -0.00810213838999 -0.00617839457279 0.80525909022 0.592835542467
1701508254.90014 -55.729805 110.25628 4.8686624 -0.00938505171058 -0.00668016047496 0.825853477027 0.563767089092
1701508256.100175 -56.766964 109.818695 4.879855 -0.00989972796397 -0.00666528386112 0.83970995372 0.542904009011
1701508257.300098 -57.724567 109.410835 4.902072 -0.00967836113616 -0.00634321678317 0.847478143269 0.530704145083
1701508258.500133 -58.723297 108.95896 4.925012 -0.00981338754182 -0.00636141654262 0.8489114016 0.528405774039
1701508259.700057 -59.68173 108.497215 4.9386325 -0.00919613653016 -0.00569912906538 0.858656761661 0.512436841626
1701508260.900202 -60.626587 108.02373 4.9450235 -0.00854113061063 -0.00522913067404 0.861577253119 0.507527676279
1701508262.099904 -61.588177 107.57459 4.96249 -0.00807439882134 -0.00537776478879 0.842354233609 0.538836922316
1701508263.100099 -62.539635 107.18223 4.962734 -0.00772431845129 -0.00517297131387 0.840739148408 0.541360563402
1701508264.100072 -63.50853 106.767166 4.9679217 -0.00859061763825 -0.00566537205564 0.845376829847 0.534071269033
1701508265.100046 -64.4455 106.32238 4.9786963 -0.00913686446533 -0.00568976632409 0.858325343946 0.512992931927
1701508266.300081 -65.37067 105.824394 4.996947 -0.00868379167641 -0.00525748364199 0.865445947811 0.50089945303
1701508267.700066 -66.34777 105.31094 5.0227637 -0.00707256400591 -0.00420157777194 0.869161820401 0.494459356814
1701508269.10005 -67.284904 104.76063 5.031059 -0.00689988343419 -0.00404657308635 0.872293432149 0.48891736018
1701508270.500256 -68.27905 104.16821 5.0405097 -0.00818724639624 -0.0045565742718 0.884167654836 0.467075759133
1701508271.699958 -69.1823 103.558784 5.0639887 -0.00914264534056 -0.00480060524696 0.894218207982 0.447512192839
1701508273.100054 -70.09066 102.864685 5.0742626 -0.00825557435203 -0.00419610096093 0.900386092826 0.434993243711
1701508274.7001 -70.95529 102.22786 5.090015 -0.00849238941896 -0.0043195738445 0.900449554657 0.434856091278
1701508276.500097 -71.85112 101.570755 5.1072116 -0.00791151985754 -0.00402713577642 0.900347609108 0.435080880762
1701508278.299982 -72.68732 100.95527 5.119226 -0.00757638814837 -0.00383781281346 0.899355245532 0.437136147978
1701508280.30004 -73.50888 100.3509 5.1319146 -0.00690073819362 -0.00350458230955 0.899834562847 0.436162649961
1701508282.699998 -74.36891 99.71031 5.1540184 -0.00695661124827 -0.00353151866316 0.899807003738 0.43621839709
1701508285.099956 -75.21324 99.085594 5.158167 -0.0075616524673 -0.0038211234369 0.901930731868 0.431797609234
1701508287.500026 -76.02175 98.44685 5.173554 -0.00822138539773 -0.00407418609603 0.904466871826 0.426445175373
1701508290.100045 -76.82351 97.78046 5.1860833 -0.0091182215527 -0.00418358601154 0.916108603122 0.400804669295
1701508292.300052 -77.61097 96.9951 5.1909795 -0.0100090173291 -0.00403106663365 0.933663131956 0.357989840778
1701508294.100049 -78.29196 96.150604 5.2153373 -0.00986964940413 -0.00328913124423 0.952864194797 0.303218729485
1701508296.500118 -78.877975 95.27492 5.208272 -0.0106048756205 -0.00328350258037 0.960276252143 0.278830189889
1701508298.300224 -79.46919 94.3677 5.2189994 -0.0100278876581 -0.00279052588592 0.967984888285 0.250792564655
1701508300.500233 -79.913185 93.45952 5.230756 -0.0092171205716 -0.00216567658778 0.977102822277 0.212556884695
1701508330.700049 -80.36682 92.56712 5.232158 -0.00887838238752 -0.00210639262619 0.977416846186 0.211123296271
1701508332.700216 -80.93307 91.6704 5.248239 -0.00728707215454 -0.00222953743398 0.962136593958 0.272461194134
1701508334.100311 -81.58056 90.721695 5.2768803 -0.00626932359839 -0.0020439203113 0.956328849215 0.292218497242
1701508335.300014 -82.277214 90.099396 5.2896323 -0.00515371494906 -0.00234261088796 0.917900711694 0.396769750444
1701508336.699779 -83.18293 89.4549 5.277158 -0.00608497037045 -0.00324919722122 0.891631245455 0.452709772349
1701508337.900034 -83.98237 88.73197 5.292898 -0.00888160278798 -0.00367265913758 0.931877108925 0.36264677383
1701508338.900228 -84.60478 87.87909 5.322512 -0.00917834051489 -0.00277085583622 0.961863260582 0.273362668202
1701508339.900091 -85.1547 86.980804 5.3253107 -0.00910509531525 -0.00260211012568 0.966042000304 0.258211502283
1701508340.899954 -85.71524 86.08591 5.3504972 -0.00804928876395 -0.00231655790892 0.966057373005 0.258191778669
1701508341.900149 -86.35594 85.042465 5.356952 -0.00844095326619 -0.00241643882401 0.965809580328 0.259103773954
1701508342.900122 -86.99742 83.98977 5.3721023 -0.00786507173789 -0.00210749207114 0.970032903214 0.24283711785
1701508343.900317 -87.532364 82.88632 5.3786845 -0.00821231566987 -0.00184715907959 0.978850063795 0.20440572028
1701508344.899958 -88.0323 81.78145 5.3825927 -0.0100237525218 -0.0021891415501 0.980730412169 0.19509636258
1701508345.900043 -88.452515 80.64434 5.3992877 -0.0113413893506 -0.00162000692977 0.992481542554 0.121857031616
1701508346.700287 -88.58872 79.642166 5.403021 -0.0118210908887 -0.000765631338512 0.998711987117 0.0493360153105
1701508347.499977 -88.6507 78.63925 5.4161844 -0.0108948306085 -0.000410152278164 0.999620385278 0.0253025646448
1701508348.500171 -88.71873 77.42116 5.4271493 -0.0111591651683 -0.000358468276289 0.99981854824 0.0154342194016
1701508349.300195 -88.77911 76.42174 5.427138 -0.00986434496773 -0.000474636692242 0.999445775379 0.0317901163177
1701508350.299947 -89.05761 75.24492 5.460255 -0.00786532351409 -0.00110847609349 0.992325984158 0.123393878015
1701508351.300031 -89.461754 74.13689 5.4580197 -0.00879548462497 -0.00129579135036 0.99167055408 0.128493083652
1701508352.300226 -89.6422 72.91862 5.465215 -0.0110581469323 -0.000459188462138 0.999448201183 0.0313177215575
1701508353.100138 -89.60121 71.91852 5.4819274 0.0107122195877 -0.000265926025094 -0.999254433152 0.0370911776755
1701508354.100111 -89.483536 70.68908 5.4995627 0.00990892517017 -0.000390601441331 -0.998119811166 0.0604855618269
1701508354.900135 -89.405846 69.67105 5.505186 0.00880872040087 -0.000329976054992 -0.998564754351 0.0528273501955
1701508355.900219 -89.326324 68.46831 5.5060096 0.00841301172083 -0.000247865929272 -0.998937234804 0.0453162301837
1701508356.900081 -89.257706 67.24499 5.517957 0.00780133716693 -0.000199697668299 -0.998981586537 0.0444397234355
1701508357.700104 -89.2032 66.24548 5.5289946 0.00848463923309 -0.000257436376435 -0.998958374544 0.0448342564564
1701508358.700189 -89.07862 65.01348 5.5406995 0.00973499210434 -0.000431227057411 -0.998213892031 0.0589412396213
1701508359.700051 -88.97672 63.800503 5.557496 0.00759106410256 -0.000318171946346 -0.998179452793 0.0598335569269
1701508360.700135 -88.858665 62.566387 5.5511303 0.00824788051661 -0.000334796411523 -0.998211036068 0.0592164491484
1701508361.700108 -88.79018 61.324757 5.5544534 0.00758482791082 -0.000129252685129 -0.999513779834 0.0302433067348
1701508362.700191 -88.81572 60.088715 5.5693116 -0.00796541464652 -0.000105677808953 0.999967972066 0.000771908725893
1701508363.699945 -88.87339 58.873833 5.576378 -0.0102105907401 -0.000196210366752 0.999943372698 0.00299278058136
1701508364.700139 -88.869865 57.6211 5.5943046 0.00757985364683 -4.82187136823e-05 -0.999704404374 0.023100808826
1701508365.700112 -88.85877 56.419067 5.6203585 0.00464035849967 -3.22885696553e-05 -0.999578085744 0.0286725745262
1701508366.700085 -88.822975 55.181335 5.613079 0.00482964528431 -4.96662992937e-05 -0.999660956586 0.0255860105617
1701508367.70006 -88.81008 53.9782 5.6317186 0.00390284425895 -2.64172138172e-05 -0.999696660029 0.0243177925835
1701508368.700032 -88.78476 52.87675 5.6394095 0.00409168744119 -2.26484417729e-05 -0.999689127864 0.0245948208132
1701508369.700117 -88.82388 51.751904 5.6535215 -0.00283547606237 -9.03779540662e-05 0.999862961462 0.0163098192517
1701508370.69998 -88.9443 50.60435 5.662172 -0.00460146745702 -0.000281309925767 0.999006750563 0.0443199694343
1701508371.700174 -89.08758 49.410755 5.689684 -0.00654297404759 -0.000383998599506 0.998802943943 0.0484739229517
1701508372.700037 -89.24597 48.216038 5.6951003 -0.00396595425269 -0.000240487334319 0.998788130771 0.0490559191522
1701508373.700011 -89.40945 47.058517 5.6957035 -0.0027832995976 -0.000192279467853 0.99847180455 0.0551930411475
1701508374.700095 -89.64537 45.891647 5.713376 -0.00341255066856 -0.000414518945554 0.994637252466 0.103367880306
1701508375.699847 -90.151535 44.75226 5.7302604 -0.00335241427839 -0.000812395439947 0.975860043653 0.218369587017
1701508376.700373 -90.7251 43.823093 5.7601533 -0.00115756224218 -0.000326022795129 0.966505522747 0.256642997682
1701508377.700126 -91.365005 42.969604 5.7289853 0.0028434438103 0.000989492860819 0.945766687242 0.32483274009
1701508378.90016 -92.12747 42.23621 5.7356095 -0.0103160020167 -0.00495602790685 0.914327308304 0.404814267509
1701508380.099973 -92.98746 41.7026 5.701084 -0.00103360656945 -0.000591067802846 0.876732879288 0.480976133161
1701508381.100168 -93.63843 41.497475 5.7483096 -0.00468927424663 -0.00354702951364 0.814453032388 0.580199696073
1701508381.900192 -94.23278 41.464474 5.768284 -0.00220402524694 -0.00215291031888 0.737033622995 0.675849055503
1701508383.100446 -95.272995 41.605484 5.766621 -0.00202429075743 -0.00226586164011 0.682343034604 0.731025821189
1701508384.300149 -96.32196 41.73666 5.813047 -0.00217493956879 -0.00246469196723 0.684543036765 0.728965037397
1701508385.500074 -97.38923 41.795544 5.7894926 0.0054056756451 0.0054793899128 0.712745231889 0.701380773458
1701508386.700329 -98.40322 41.635456 5.7505646 0.00867076422969 0.0079512942803 0.73773368415 0.674989337721
1701508389.900089 -99.415825 41.657063 5.8006964 0.00423949391732 0.00406401152599 0.730965961062 0.682388653386
1701508393.100181 -100.43796 41.61357 5.746181 0.00935351660943 0.00878458094573 0.72993308236 0.683398154914
1701508396.099991 -101.44957 41.491207 5.7881837 0.0135388712417 0.0108972776521 0.774488388947 0.632349336753
1701508407.699661 -102.4796 41.277103 5.7329044 0.0109799960325 0.00965495936741 0.752389037863 0.658556722804
1701508409.700051 -103.48537 41.03758 5.710915 0.00899522904401 0.00681771897178 0.804330802735 0.594074544425
1701508411.100147 -104.12213 40.713764 5.7360725 0.00706524781465 0.00424629365533 0.866145655327 0.499723678669
1701508412.299959 -104.550064 40.35509 5.7593975 0.00536894396855 0.00252458192106 0.914259197443 0.405086312801
1701508413.300265 -104.93515 39.863483 5.806489 0.00394085703797 0.00139195927528 0.950138027511 0.3118016369
1701508414.300017 -105.2578 39.185677 5.790148 0.00171601156332 0.000419729856239 0.97732329497 0.211745262615
1701508415.700223 -105.47069 38.42131 5.8322787 -0.000472560820786 -6.20032454267e-05 0.994834108019 0.10151290738
1701508416.900368 -105.854866 37.3792 5.9029016 0.00410918535004 0.000847166429535 0.984809409837 0.17358808485
1701508417.499225 -106.1673 36.934544 5.891297 0.00606853334893 0.00201162366077 0.95693280951 0.290239081375
1701508418.500414 -106.756386 36.102875 5.897149 0.00389010393155 0.00126669301537 0.958683794369 0.284444449751
1701508419.700227 -107.32062 35.08762 5.939939 0.00184667154808 0.000435862545162 0.979219928855 0.202792334079
1701508420.900262 -107.606125 34.014866 5.971448 -0.000960392621442 -0.000116493874482 0.995793100913 0.0916251289161
1701508421.900014 -107.81185 32.96625 6.0013022 -0.00179217614042 -0.000195395270963 0.996933212091 0.0782363122503
1701508423.10016 -107.97005 31.910309 6.0251904 -0.00209991215153 -0.000136593486157 0.999473176041 0.0323873754054
1701508424.500144 -107.91419 30.8239 6.0432186 0.0054696068108 -0.000236781336605 -0.997198576985 0.074599097818
1701508425.700068 -107.64775 29.981068 6.067664 0.00836487851717 -0.0013534282557 -0.981862892753 0.189402895635
1701508426.899992 -107.18978 29.154085 6.0849786 0.0108919120787 -0.00305795294219 -0.954355864836 0.298457532033
1701508427.900076 -106.62723 28.30158 6.094692 0.0105430179762 -0.00290444892151 -0.956054701703 0.292984327738
1701508428.899938 -106.15944 27.322908 6.1147213 0.00904823944771 -0.00182635531759 -0.97360754267 0.228041984392
1701508429.900133 -105.74584 26.26999 6.1719236 0.00791362360136 -0.00147719798888 -0.977186691702 0.21222950315
1701508430.900107 -105.23189 25.187323 6.2044406 0.00851435682481 -0.00183882820947 -0.970515919337 0.240879585587
1701508431.89997 -104.70569 24.148308 6.2492476 0.00895721560267 -0.00226158835038 -0.962396185805 0.271492605892
1701508432.900164 -104.09526 23.240126 6.2643423 0.00929515787829 -0.00278207920552 -0.950418053787 0.310823717097
1701508433.900138 -103.4535 22.25461 6.294846 0.00833484265368 -0.00229806384964 -0.957251268315 0.289128446558
1701508434.900112 -102.9453 21.355246 6.289476 0.0082597565134 -0.00215742093502 -0.960510050289 0.278114302492
1701508435.900085 -102.35101 20.324747 6.3156857 0.00854567981686 -0.00216119374254 -0.961976006276 0.272991692087
1701508436.900169 -101.88053 19.35302 6.345768 0.00547584319337 -0.0011252753783 -0.974670935328 0.223573962535
1701508437.899921 -101.73225 18.594305 6.352045 0.00450678510127 -0.00044539986444 -0.992482016764 0.122306732878
1701508439.700138 -101.53426 17.533789 6.3744373 0.00440828514617 -0.000423249195484 -0.993757227761 0.111476276196
1701508442.100208 -101.32343 16.487932 6.357684 0.0100483571361 -0.000451406263933 -0.989733922481 0.14256784154
1701508443.699922 -101.24762 15.339158 6.40741 0.00326851570237 -7.29385456998e-05 -0.998840369497 0.0480336106176
1701508444.700227 -101.21283 14.245948 6.4225273 0.00149308716104 -9.21341309059e-06 -0.999291593809 0.0376042703537
1701508445.700201 -101.35252 13.070972 6.43573 0.0010213636783 7.40758691138e-05 0.996795692508 0.0799831152536
1701508446.700174 -101.65991 12.231564 6.430834 0.0033551654832 0.000654402229795 0.986029458153 0.166535948902
1701508447.700148 -102.15125 11.482301 6.4618697 0.00281104295525 0.000921088344259 0.955466672273 0.29508420461
1701508448.50006 -102.70944 11.01315 6.4641385 0.00296312180679 0.00138818374006 0.909499412729 0.415692327449
1701508449.299973 -103.41825 10.699878 6.465197 0.00465420182915 0.00291063837352 0.851272062622 0.524695856652
1701508450.500228 -104.54686 10.361545 6.480905 0.00120637747373 0.000907022635841 0.802139553446 0.597134707382
1701508451.500091 -105.606964 10.133173 6.469059 0.00104826424408 0.000859784857713 0.776370229481 0.630275676738
1701508452.499954 -106.723076 10.017664 6.4530764 0.000115830189527 0.000105114380973 0.742653418506 0.669675948139
1701508453.500037 -107.8776 9.860364 6.430271 -0.00104348303224 -0.000879992860158 0.764430813573 0.644704326041
1701508454.500232 -109.04376 9.520665 6.4266706 0.000277420348126 0.000194326034427 0.820426909831 0.571751319107
1701508455.500317 -110.1487 8.977975 6.4272585 0.000893131763058 0.000527011812118 0.865802061649 0.500385565958
1701508456.499958 -111.2041 8.415522 6.4275856 0.00343904257031 0.00205701522805 0.86055529671 0.509341263771
1701508457.500152 -112.208374 7.897039 6.44199 0.00267579870747 0.00163228256797 0.85732515621 0.514765725631
1701508458.500015 -113.295715 7.3522916 6.443068 0.0017980245375 0.00108193160275 0.854934243386 0.518732142843
1701508459.5001 -114.338776 6.8163347 6.4321003 0.000546930094001 0.000333506839892 0.85563883982 0.517572956627
1701508460.500073 -115.376945 6.3256025 6.419152 0.00285930398508 0.00176274476566 0.855562438796 0.517688738948
1701508461.500267 -116.44514 5.8020363 6.4305725 0.00214562844214 0.00131866189783 0.854277060356 0.519811852076
1701508462.50002 -117.54464 5.275141 6.424826 0.00472561506619 0.00290982210463 0.854253194324 0.519827549756
1701508463.499994 -118.616325 4.7217855 6.449353 0.00504346753009 0.00307597472153 0.856504028472 0.516106530695
1701508464.500188 -119.65234 4.1818132 6.421082 0.00163418420413 0.000993110193835 0.857749957914 0.514063568902
1701508465.500051 -120.688324 3.6355088 6.4250684 0.000973248055001 0.000577604682023 0.863152938805 0.50494130688
1701508466.500356 -121.59567 3.002639 6.393255 0.00218285829304 0.00104741578476 0.905522823376 0.424290648489
1701508467.500107 -122.4785 2.1484065 6.4062834 0.00241727530222 0.000952712440804 0.933842875397 0.357674059989
1701508468.300131 -123.114296 1.369105 6.431125 0.00133912417366 0.000466577804979 0.947568472344 0.319549650713
1701508469.300105 -123.817055 0.39054188 6.416139 0.00355336315332 0.00109051500395 0.959822549791 0.280583066667
1701508470.299968 -124.50182 -0.64466655 6.4269996 0.0073733417527 0.00217582003115 0.962729449221 0.270356999616
1701508471.300161 -125.11314 -1.6062257 6.4573216 0.00681006775558 0.00199296229175 0.963319206779 0.268264341516
1701508472.300025 -125.68281 -2.6181471 6.467472 0.00508587422319 0.00127592310726 0.972872036413 0.23128447131
1701508473.700121 -126.11908 -3.539902 6.4610925 0.00189744018432 0.000456658430966 0.976650561566 0.214825212153
1701508475.100105 -126.63642 -4.552518 6.4861217 0.00499227797657 0.00118259484577 0.976485048957 0.215524077061
1701508476.30014 -127.07364 -5.557152 6.48538 0.00522999102505 0.00106082382892 0.983223518078 0.182326726905
1701508477.500064 -127.49367 -6.6454206 6.5052905 0.00720484031796 0.00121073962147 0.988595583407 0.150417408746
1701508478.500148 -127.78436 -7.60974 6.516358 0.0119148516871 0.00154765920362 0.992971551961 0.117741827979
1701508479.700072 -127.99125 -8.623558 6.523947 0.000523594731366 7.38230968228e-05 0.994474956459 0.104972764916
1701508481.100056 -128.39929 -9.7358885 6.57061 0.00176956958616 0.000337680974105 0.988672906902 0.150075440204
1701508482.10014 -128.74529 -10.70978 6.5906777 0.00531059268099 0.000834439520301 0.991042096409 0.133441614432
1701508483.300286 -129.01434 -11.827307 6.611573 0.00265520709862 0.000335028693984 0.994067271925 0.108734063286
1701508484.499988 -129.41121 -12.928802 6.561275 0.000846863016454 0.000164868699654 0.983849921752 0.178993259955
1701508485.899973 -129.89017 -13.995212 6.6412973 -0.0116733533795 -0.00306428006215 0.978499812831 0.205894291562
1701508487.100118 -130.39485 -14.97793 6.661482 0.000574805054339 0.000124895511744 0.981862672661 0.18959257906
1701508488.300041 -130.79547 -16.103191 6.6823773 -0.00299289472933 -0.000536392279637 0.98884657546 0.148906699198
1701508489.299794 -131.26491 -17.214973 6.700277 0.00691547219282 0.00132525362391 0.984296437936 0.176382941958
1701508490.3001 -131.55528 -18.263706 6.718763 0.00643207401758 0.000473908593681 0.998403600605 0.0561128695907
1701508491.700084 -131.53683 -19.37706 6.7377567 -0.00396561697333 -3.09924542042e-05 -0.998294009039 0.0582524200238
1701508493.30002 -131.39766 -20.455254 6.817399 0.000396068636424 -1.93700609225e-05 -0.992785889783 0.119900040874
1701508495.100016 -131.11787 -21.476725 6.882455 0.00616548578256 -0.000705778164494 -0.982686441493 0.185172477348
1701508496.900124 -130.72769 -22.430374 6.957651 0.0098630697209 -0.00165108233666 -0.972213385134 0.233882721786
1701508498.500058 -130.26788 -23.331465 7.000013 0.0148919919819 -0.00306108878306 -0.961056360773 0.275933922757
1701508500.099883 -129.84735 -24.236525 7.0716577 0.0133466771117 -0.00222280002538 -0.969312347097 0.24545977091
1701508501.70015 -129.46632 -25.301348 7.177328 0.00975297139019 -0.00136493555636 -0.976421912346 0.215646158303
1701508503.300086 -129.09343 -26.377548 7.24747 0.00968961852944 -0.00133495674974 -0.977519341392 0.210618770266
1701508504.699961 -128.8214 -27.429049 7.3352256 0.00559933651276 -0.000521250072718 -0.987124641073 0.159854054423
1701508506.100167 -128.59612 -28.51939 7.390416 0.00376137521344 -0.000274222991217 -0.990780241537 0.135426326236
1701508507.300091 -128.438 -29.539513 7.4660654 0.00171536817886 -9.1317536132e-05 -0.992330936411 0.12359758013
1701508508.500235 -128.27777 -30.638113 7.519493 0.00192328182483 -9.67880227884e-05 -0.99571151857 0.0924925045919
1701508509.500098 -128.15924 -31.647362 7.565972 0.00129649669211 -5.52781642443e-05 -0.995848280186 0.0910193325186
1701508511.100254 -128.0979 -32.699505 7.6128745 -0.00177186795484 -1.68743577432e-05 -0.99890607124 0.0467281610912
1701508512.500461 -128.24721 -33.447628 7.6310945 0.00749353513396 0.000851555428694 0.998087399282 0.0613568674112
1701508513.700053 -128.50618 -34.519474 7.6562624 0.00238059582998 0.000226218601546 0.998592371847 0.052986380115
1701508515.500159 -128.4993 -35.589176 7.712214 0.00666011678027 -2.88707466233e-05 -0.997830262016 0.0655012230097
1701508516.900145 -128.26666 -36.513103 7.7826777 0.00875293587579 -0.0010920614264 -0.984281165112 0.17638815584
1701508518.099957 -127.894424 -37.56479 7.8440156 0.00728002795038 -0.001045073802 -0.976495555814 0.215412020301
1701508519.500053 -127.55764 -38.509983 7.888828 -0.000983325583015 0.000162748188696 -0.974683817903 0.223585468449
1701508521.100099 -127.16943 -39.51645 7.9366355 -0.00594464878432 0.00100022260357 -0.974136565747 0.225879640474
1701508522.300134 -126.76485 -40.540512 7.973405 -0.00565503187581 0.000995542228555 -0.975029932925 0.221999232906
1701508523.700009 -126.34039 -41.53741 8.056184 0.00733585462588 -0.00106377942433 -0.976091936535 0.217231639136
1701508524.900042 -126.046555 -42.570133 8.14575 0.00602976571195 -0.000574700041743 -0.986698962516 0.162445280062
1701508526.100188 -125.87121 -43.62363 8.21671 -0.00639777456374 0.00043183953172 -0.990529599466 0.137149533638
1701508527.299891 -125.66136 -44.608418 8.273622 -0.004885750884 0.000272644634506 -0.988953977336 0.148142113577
1701508528.700207 -125.29101 -45.72296 8.412873 0.00531006185161 -0.0007397425367 -0.965945125115 0.258691459639
1701508529.90002 -124.747795 -46.659225 8.534575 0.0156620617156 -0.00359762852742 -0.942957757514 0.332524321571
1701508531.100275 -124.11261 -47.50774 8.659027 0.0182325913131 -0.00507132411926 -0.918288566853 0.395459179021
1701508532.299868 -123.46092 -48.442543 8.80602 0.01106343111 -0.00300792617547 -0.928548559429 0.371033860524
1701508533.500234 -122.80085 -49.38284 8.899304 0.0075872565872 -0.00197454150992 -0.936101599709 0.351642332128
1701508534.499986 -122.204094 -50.191166 8.99677 0.0106016915583 -0.00291968993661 -0.933528362852 0.358334864753
1701508535.700132 -121.45459 -51.063656 9.133204 0.0138359651538 -0.00472727765501 -0.907419369376 0.419971793094
1701508536.900056 -120.57499 -51.80541 9.23544 0.0200122543439 -0.00906774281619 -0.869494568928 0.4934536253
1701508537.90003 -119.66117 -52.418804 9.358011 0.0173539926599 -0.00860440824353 -0.857126365469 0.51474187387
1701508538.899891 -118.78857 -52.95632 9.39071 0.0126784248075 -0.006936623323 -0.844613578134 0.535181319211
1701508539.900197 -117.75521 -53.425304 9.409211 0.0140922483422 -0.00868023787308 -0.815458805046 0.57857842967
1701508540.900061 -116.73555 -53.864838 9.518444 0.0081262655729 -0.00509175071672 -0.811423318039 0.584380215977
1701508541.900033 -115.685684 -54.32112 9.570033 0.00296133881206 -0.00187941163126 -0.816155297991 0.577821968988
1701508542.899785 -114.73177 -54.754868 9.63695 -8.39605119616e-06 5.37675989163e-06 -0.80248703184 0.596669559831
1701508543.900201 -113.73926 -54.961174 9.682019 0.00466045666249 -0.0037216757622 -0.737644320187 0.675163155222
1701508544.900174 -112.61232 -55.025173 9.781774 0.00477596768295 -0.0041553220142 -0.704995862172 0.709183162344
1701508545.899927 -111.52789 -55.14017 9.90814 0.00220210259209 -0.00191777306305 -0.705436391254 0.708767219039
1701508546.900122 -110.389145 -55.23261 9.961418 -0.00171611225497 0.00150546784361 -0.706033875546 0.708174381848
1701508547.899984 -109.25963 -55.34582 9.991231 -0.00937495912261 0.00852967493623 -0.699420971488 0.714597550674
1701508548.900068 -108.110916 -55.408443 10.062458 -0.0102270799417 0.00933737386184 -0.696993110772 0.716944086956
1701508549.900042 -106.89888 -55.441566 10.102274 -0.00685068101008 0.00652705636187 -0.709062637348 0.705082010848
1701508550.900016 -105.73327 -55.520744 10.141736 -0.0110236105082 0.0103850774312 -0.703754418017 0.710281880171
1701508551.900099 -104.54178 -55.57122 10.1359415 -0.0109843746523 0.0105133033294 -0.707069123906 0.706980953057
1701508552.900072 -103.33264 -55.615047 10.152748 -0.0100853478945 0.009756983676 -0.710213333208 0.703846651168
1701508553.900156 -102.14336 -55.654133 10.161912 -0.0101617948063 0.00974711164653 -0.710746816657 0.703306970215
1701508554.899798 -100.95868 -55.80767 10.145568 -0.0110441204374 0.00952864392377 -0.74917399168 0.662212626382
1701508555.900103 -99.77277 -55.987206 10.1936 -0.00720453188224 0.00628410051662 -0.754233133017 0.656537116895
1701508556.899856 -98.671104 -56.129223 10.199397 -0.00722075170187 0.0068531871286 -0.720255058639 0.693637906315
1701508557.90005 -97.47304 -56.066803 10.203117 -0.00693685723473 0.00726512595559 -0.683322358233 0.730047705767
1701508558.900134 -96.26942 -56.051216 10.262492 -0.0086568899211 0.00903959517664 -0.682566727559 0.730716091519
1701508559.899996 -95.03425 -55.982197 10.24273 -0.00724028105501 0.00761399337926 -0.682975078472 0.730366105198
1701508560.900192 -93.849945 -55.910336 10.243713 -0.00645147776724 0.006714677839 -0.680205638155 0.732962196405
1701508561.900055 -92.66207 -55.864952 10.231926 -0.00593204724944 0.00623239489691 -0.681496954133 0.731770366697
1701508562.900138 -91.556564 -55.806267 10.24438 -0.00514069784746 0.00533156165479 -0.67784136896 0.735170882314
1701508563.900222 -90.42598 -55.736412 10.223126 -0.00330411444728 0.00346948003469 -0.680342063648 0.732879063671
1701508564.899975 -89.30452 -55.69582 10.244319 -0.00283450724639 0.00299583056997 -0.683112200609 0.730301795114
1701508565.900169 -88.24148 -55.64701 10.213005 -0.00176480887776 0.00185846753519 -0.680772958063 0.732490007521
1701508566.899922 -87.178 -55.587597 10.216479 -0.00198662528806 0.00213551008903 -0.675096549374 0.73772362165
1701508567.900116 -86.14432 -55.469097 10.225675 -0.00246287676893 0.00280241694002 -0.650993304456 0.759074303511
1701508568.90009 -85.14534 -55.298077 10.235045 -0.00134009584889 0.00160828863261 -0.628295038475 0.77797234024
1701508569.900063 -83.97523 -55.08485 10.198541 -0.00426495552249 0.00507372947002 -0.632744486801 0.774332281289
1701508570.900258 -82.882126 -54.897667 10.305823 -0.00159803978196 0.00190009573658 -0.639856296498 0.768490569712
1701508571.90001 -81.79056 -54.759758 10.234733 -0.00126746679921 0.00140757899395 -0.664845959181 0.746978087236
1701508572.900205 -80.6732 -54.72583 10.237669 -0.00250833420186 0.00261478757397 -0.686974928131 0.726672085101
1701508574.100017 -79.52872 -54.709007 10.256498 -0.00439832921189 0.00447991510436 -0.692302899855 0.721579711406
1701508575.300052 -78.34934 -54.749725 10.256913 -0.00335402422177 0.00313767605218 -0.725013561071 0.688719276464
1701508577.100048 -77.23019 -54.859257 10.253485 -0.00385291675699 0.00355988673386 -0.728407393692 0.685124186592
1701508578.500033 -76.071785 -54.970783 10.283912 -0.00387118122052 0.00357645862977 -0.72836386552 0.68517027249
1701508579.700178 -74.97215 -55.042515 10.245662 -0.00317112749127 0.00299837920979 -0.733033591582 0.680178437827
1701508581.100163 -73.96157 -55.111042 10.254907 -0.00349827567119 0.00346894574161 -0.702655540416 0.711513120051
1701508583.700404 -72.869934 -55.104893 10.257261 -0.00201454042747 0.001929565867 -0.716192067947 0.697897657405
1701508612.900026 -71.87305 -55.293274 10.246222 -0.00424285302335 0.00365878106357 -0.747742660318 0.663965003189
1701508614.100281 -70.867004 -55.468395 10.251441 -0.00704638526843 0.00609793173246 -0.756894212164 0.653470975083
1701508615.299983 -69.77205 -55.77727 10.217257 -0.00467445897104 0.00343714038005 -0.806998536699 0.590524933652
1701508616.500129 -68.7655 -56.21712 10.208035 -0.00505380855438 0.00330190045796 -0.833810622423 0.552017574364
1701508617.500213 -67.838875 -56.608154 10.213844 -0.00400599655278 0.00273958104892 -0.821383179534 0.57035613354
1701508618.500186 -66.75435 -56.990047 10.219192 -0.00446918563215 0.00326166299818 -0.803374608678 0.595448256413
1701508619.500159 -65.65371 -57.30713 10.14773 -0.000519319059198 0.000379670480511 -0.801153602198 0.598458429503
1701508620.500022 -64.56923 -57.676098 10.2069 -0.00158236753558 0.00115505269841 -0.801896334991 0.597459981835
1701508621.500216 -63.406517 -58.07808 10.213015 -0.00181838820482 0.00131804489153 -0.806967170048 0.590592027281
1701508622.49997 -62.26113 -58.55022 10.213463 -0.00206822279111 0.0013490004035 -0.833819324054 0.552031917091
1701508623.500163 -61.19719 -59.11302 10.232028 -0.00308354510688 0.00185170166892 -0.85370586917 0.520743076666
1701508624.300076 -60.304115 -59.64392 10.217302 -0.00214145615972 0.00120199396181 -0.869323832089 0.494236830212
1701508625.30016 -59.328304 -60.342926 10.209549 -0.000473006657817 0.000242369244149 -0.887237828377 0.46131199141
1701508626.300023 -58.38857 -61.105396 10.212521 0.00157300582169 -0.000741855208865 -0.902566606085 0.430546741811
1701508627.299996 -57.509468 -61.860043 10.219326 0.000656801049174 -0.000308884009852 -0.905009095067 0.425391597294
1701508628.300191 -56.620136 -62.576187 10.186237 0.0054098564432 -0.00256596409931 -0.901581159384 0.432568563727
1701508629.300054 -55.802826 -63.25765 10.182962 0.00533513278749 -0.0025968832711 -0.90096909166 0.433842700099
1701508630.70026 -54.992817 -64.01018 10.169212 -0.000624349922975 0.000278733355988 -0.913156302496 0.407609003466
1701508632.100245 -54.31391 -64.859055 10.187157 0.00127347054105 -0.000417724133084 -0.950183229758 0.311689001517
1701508633.100108 -54.149895 -65.28896 10.183081 0.00794587998872 -0.00150129532725 -0.97180095602 0.235663978968
1701508634.099748 -53.994644 -65.93384 10.209907 0.00540193624734 -0.000491267752274 -0.992900935613 0.118820494022
1701508635.300226 -53.866734 -67.0107 10.225995 0.0111241982584 -0.000705986808118 -0.997328416183 0.0721926870869
1701508636.499929 -53.66867 -68.148315 10.224052 0.00910523843597 -0.00104424527447 -0.99412071635 0.107888857202
1701508637.700406 -53.275787 -69.28945 10.205838 0.00980755620801 -0.001787825478 -0.983496481637 0.180652390324
1701508638.699936 -52.922672 -70.24606 10.189463 0.0105797315032 -0.00190853209145 -0.983310417114 0.181617869114
1701508639.70013 -52.54736 -71.30976 10.201225 0.00893275086609 -0.00162865027502 -0.983481994315 0.1807780969
1701508653.90015 -52.210102 -72.2624 10.195347 0.00869137203626 -0.00149755904833 -0.984168937285 0.177013333545
1701508655.100075 -51.815075 -73.3472 10.206576 0.0108238514632 -0.00188749807628 -0.983947694682 0.178118544008
1701508655.900209 -51.48824 -74.2983 10.1864 0.0101118208823 -0.00172146208589 -0.985440536652 0.169710743234
1701508656.900072 -51.146263 -75.48233 10.18848 0.00940720931758 -0.00134284196042 -0.989815031501 0.14204191143
1701508657.900044 -50.939693 -76.61286 10.175798 0.00979306263178 -0.000807636949696 -0.996586586373 0.0819671855547
1701508658.900129 -50.77238 -77.83054 10.163604 0.0103364206505 -0.000808184527296 -0.997044336147 0.0761255344994
1701508659.700041 -50.636124 -78.822044 10.164378 0.0112355265028 -0.000892391536673 -0.997015265813 0.0763775249438
1701508660.700126 -50.456142 -80.041275 10.146157 0.0113107020978 -0.000908298744363 -0.996620791606 0.0813525706391
1701508661.700098 -50.273037 -81.252144 10.12188 0.0104106583181 -0.000846982900892 -0.996671573397 0.0808497099264
1701508662.700182 -50.08563 -82.47344 10.111698 0.00987519072558 -0.000833417217554 -0.996809285791 0.0792024859693
1701508663.700045 -49.90993 -83.6898 10.10823 0.00815557772038 -0.000684497072116 -0.996665835936 0.0811802284617
1701508664.700129 -49.724113 -84.89973 10.097663 0.00756880918391 -0.000636154055484 -0.996642665956 0.0815211925324
1701508665.700213 -49.53303 -86.11514 10.08858 0.00680907524081 -0.000567270325924 -0.996486650568 0.0834725699781
1701508666.700076 -49.347744 -87.266716 10.078137 0.00768323444508 -0.000643080451162 -0.996509133748 0.0831270155392
1701508667.700161 -49.16915 -88.40069 10.077791 0.00782285660103 -0.000660692289989 -0.996457575582 0.0837297227093
1701508668.700022 -48.994602 -89.51676 10.068352 0.00803839029727 -0.000681438107077 -0.996474563153 0.0835066758584
1701508669.700107 -48.816032 -90.63328 10.058026 0.00813059534536 -0.000691930801068 -0.996410910981 0.0842538493483
1701508670.699969 -48.650864 -91.81254 10.049338 0.0085273667048 -0.00063092940933 -0.997053747359 0.0762280186169
1701508671.499993 -48.505344 -92.80345 10.0449505 0.00806433085203 -0.000649873995826 -0.997001050518 0.0769639493388
1701508672.500187 -48.260117 -93.98229 10.037225 0.00899511388943 -0.00107271638217 -0.992454979809 0.122274487353
1701508673.50005 -47.964424 -95.18609 10.047528 0.00927157344336 -0.00116862773772 -0.992015748076 0.125767355878
1701508674.500134 -47.669212 -96.393585 10.034885 0.00879905894143 -0.00113630359918 -0.99226756605 0.123799687966
1701508675.499997 -47.396675 -97.60575 10.0295105 0.00790576696673 -0.000894882277529 -0.993908110417 0.109924365277
1701508676.50008 -47.170204 -98.828125 10.022431 0.00751005110376 -0.000689682691952 -0.996119040503 0.0876925345582
1701508677.500053 -47.06555 -100.034706 10.0179 0.00630158009894 -0.00024413629886 -0.999125289945 0.0413386680746
1701508678.499917 -47.087326 -101.24168 10.008844 0.00611484764793 -6.67773979004e-06 -0.999977807881 0.00264430312392
1701508679.499891 -47.13741 -102.44397 9.997856 -0.00676197681542 -0.000102820695518 0.999870092077 0.0146309284434
1701508680.500195 -47.06069 -103.580315 9.984128 0.00616242876548 -0.000399392792199 -0.997723067824 0.0671605902956
1701508681.500169 -46.82006 -104.78686 9.98383 0.00576378370306 -0.000662478778722 -0.992874948275 0.119019649664
1701508682.500032 -46.475063 -105.98401 9.979555 0.00611181547461 -0.000845268252484 -0.989823056473 0.142169786198
1701508683.500115 -46.1511 -107.170364 9.96984 0.00611766425412 -0.00083521706524 -0.989873379271 0.141818791448
1701508684.300249 -45.891678 -108.15961 9.969549 0.00532532357295 -0.000676368805601 -0.992731514656 0.120230292615
1701508685.300001 -45.734547 -109.382454 9.94234 0.00665339277804 -0.000389144401998 -0.998346402593 0.0570967718979
1701508686.300085 -45.701683 -110.60273 9.923444 0.00582446628973 -0.000119086749012 -0.999762739289 0.0209887241075
1701508687.300169 -45.633636 -111.81751 9.915248 0.00563590551855 -0.000251949682205 -0.998838517513 0.047851740011
1701508688.100192 -45.52775 -112.81212 9.908137 0.00427122379019 -0.000221870916522 -0.998537418566 0.0538955577351
1701508689.100055 -45.417686 -114.03098 9.890155 0.00304084070498 -0.000158530255803 -0.998468311887 0.0552427218084
1701508690.100139 -45.286133 -115.24025 9.872781 0.00343282951805 -0.000185788829493 -0.998138571014 0.0608898531585
1701508691.100112 -45.12846 -116.46335 9.86277 0.003103040344 -0.000223433610639 -0.996800027805 0.0798750636096
1701508692.100196 -44.882942 -117.66401 9.8405 0.000868807920157 -0.000100587587656 -0.992136890347 0.125154408101
1701508693.10028 -44.5581 -118.860725 9.862718 0.000821781905644 -0.000111880929919 -0.989257942543 0.146178094369
1701508694.099923 -44.348488 -120.06543 9.885719 -0.00391111871555 0.000238050196831 -0.997543882049 0.0699346113824
1701508695.100227 -44.253124 -121.27135 9.881771 0.00014904027857 -6.84086635179e-06 -0.998410808227 0.0563545539974
1701508696.10009 -44.13569 -122.49989 9.882369 0.00175829913271 -8.1397967552e-05 -0.998300311028 0.0582528176103
1701508697.100174 -44.025616 -123.725525 9.875835 0.00153026208334 -7.22048638923e-05 -0.998307529141 0.0581354482638
1701508698.100147 -43.903324 -124.94781 9.883801 0.00249665561488 -0.00011630435336 -0.998204537064 0.0598452618728
1701508699.100009 -43.79467 -126.19631 9.875679 0.00219054967848 -9.9395331314e-05 -0.99844570079 0.0556899828127
1701508700.100095 -43.744034 -127.417366 9.894745 0.000243024696021 -4.78060034413e-06 -0.999566106189 0.0294540366485
1701508701.099957 -43.65525 -128.62086 9.905221 0.0026164234978 -0.000110065656618 -0.998444176827 0.0556989046087
1701508702.100151 -43.501152 -129.85408 9.913331 0.00154271831877 -0.000110991160996 -0.996553884062 0.0829334905888
1701508703.100014 -43.31891 -131.06755 9.922217 0.000440439019647 -3.35323736525e-05 -0.995938972522 0.0900298167342
1701508704.100098 -43.139603 -132.28506 9.922463 -0.00034262930352 2.57797139648e-05 -0.995854525568 0.0909595835878
1701508705.09996 -42.909153 -133.49529 9.935403 -8.83197775835e-05 7.60724553667e-06 -0.994885797617 0.101006147546
1701508706.100156 -42.60322 -134.63742 9.943195 0.00084455113329 -0.000131644036659 -0.985146132784 0.17171594703
1701508706.900179 -42.1513 -135.39966 9.931878 0.00295579148061 -0.000852039025075 -0.955354604826 0.295445623363
1701508707.500362 -41.626778 -135.98042 9.940078 0.00527856642855 -0.0022806213637 -0.910172069051 0.414190463702
1701508708.499783 -40.59621 -136.7047 9.982579 0.00608598433962 -0.00338031417736 -0.86469687091 0.502245812037
1701508709.300247 -39.691692 -137.13518 9.985697 0.00678117336119 -0.00424318264155 -0.83737662755 0.546567831767
1701508710.100159 -38.74244 -137.46707 9.988325 0.00869346511689 -0.00596885433647 -0.812299830284 0.583144735175
1701508711.100133 -37.63265 -137.81139 10.02949 0.00508266808339 -0.00372441999671 -0.774821938903 0.632148129931
1701508712.100328 -36.38801 -137.99597 10.053632 0.00806375264309 -0.00731758776603 -0.731214921635 0.682060237209
1701508713.099969 -35.149235 -137.99644 10.069912 0.00915269202578 -0.00901116956139 -0.70189454648 0.712165059992
1701508714.100053 -33.913166 -137.97336 10.080771 0.00846018143875 -0.00842539386 -0.695759019922 0.718176039885
1701508715.099916 -32.704304 -137.97583 10.101236 0.00825952284311 -0.00829564726643 -0.692086834523 0.721719319402
1701508715.90016 -31.700493 -137.96643 10.1358 0.00781462922475 -0.0080141014781 -0.685323908878 0.728152350588
1701508716.900134 -30.478289 -137.90149 10.150988 0.00744867387383 -0.0077305771922 -0.67992482477 0.733203237919
1701508717.900107 -29.23366 -137.84767 10.182402 0.00735124616092 -0.00767996666603 -0.677789129 0.735179484141
1701508718.900081 -28.002035 -137.76372 10.19934 0.00731376352611 -0.00763736318432 -0.677876594813 0.735099654299
1701508719.900165 -26.774446 -137.65358 10.226518 0.00685271149479 -0.00778442853939 -0.647689674939 0.761833661632
1701508720.700188 -25.78057 -137.50432 10.227767 0.00679598763087 -0.00778510682529 -0.642863442214 0.765911092313
1701508721.69994 -24.553064 -137.32228 10.243342 0.00670826268057 -0.00766096271081 -0.642778965777 0.765984014204
1701508722.500184 -23.547295 -137.16754 10.2554035 0.00656804006335 -0.00750399352574 -0.643212992048 0.765622359778
1701508723.500047 -22.32828 -137.00383 10.271292 0.0065987866541 -0.00751945665286 -0.643315276742 0.765536000784
1701508724.500019 -21.152481 -136.84392 10.274819 0.00606830977419 -0.00688370715994 -0.641413772348 0.767140249782
1701508725.500104 -19.930044 -136.6893 10.316615 0.0061415648169 -0.00695421013784 -0.641245648443 0.767279569972
1701508726.300017 -18.839489 -136.54922 10.344899 0.00642993247555 -0.00724025045312 -0.647522746343 0.76198459808
1701508727.100149 -17.806541 -136.4433 10.362019 0.00559511958834 -0.00612737078636 -0.659432875367 0.751717655007
1701508728.100123 -16.63323 -136.40613 10.382675 0.00483983172064 -0.00490088939943 -0.685810579872 0.727747487696
1701508729.100097 -15.436908 -136.36292 10.394555 0.00462141021526 -0.00481180544046 -0.674039341935 0.738665319763
1701508730.100402 -14.175537 -136.2313 10.431679 0.00493837386707 -0.00544124080238 -0.652780229154 0.757511701419
1701508731.100043 -12.958389 -136.1028 10.45429 0.00452743872336 -0.00496903877546 -0.653007358754 0.757321728439
1701508732.100127 -11.733747 -135.96744 10.465279 0.00398102419122 -0.00444579759339 -0.646835295006 0.762606377802
1701508733.09999 -10.472927 -135.78119 10.504433 0.00364711919391 -0.00413026633211 -0.641699042827 0.76693674958
1701508734.100074 -9.237329 -135.61375 10.534616 0.00375660277883 -0.00425707937705 -0.642838132593 0.765981005309
1701508735.100158 -8.0455675 -135.44807 10.551655 0.00442473270898 -0.00499938289738 -0.642111765239 0.766581964863
1701508736.100021 -6.8058453 -135.27892 10.580614 0.00395081126966 -0.0044703361057 -0.642569936125 0.76620381386
1701508737.100105 -5.5936403 -135.11432 10.603934 0.00401270513161 -0.00453508889591 -0.641809452615 0.76684024262
1701508738.099967 -4.369881 -134.94453 10.618563 0.00436500807969 -0.00493247943465 -0.641295055619 0.767266100509
1701508739.100162 -3.1776106 -134.77916 10.64747 0.00451736892265 -0.00511574367635 -0.639571806492 0.768701064709
1701508740.100247 -1.9585248 -134.52853 10.6689005 0.00445952224277 -0.00535869568011 -0.61582711533 0.787850468722
1701508741.10011 -0.7279364 -134.29138 10.711252 0.00436329819567 -0.00523547750417 -0.617251259192 0.786736572449
1701508741.900022 0.2748172 -134.09567 10.731075 0.00425192902572 -0.00503548044512 -0.624340320489 0.781124656664
1701508742.899884 1.4306005 -133.90495 10.745155 0.00399439578135 -0.00459765555607 -0.632586588803 0.774465695839
1701508743.70035 2.4198406 -133.71426 10.781055 0.00422516904287 -0.00507340045762 -0.617097602765 0.786858918241
1701508744.500041 3.4299922 -133.54178 10.807314 0.00365798488572 -0.00428813472791 -0.627434006093 0.778649342802
1701508745.500124 4.604398 -133.39053 10.835374 0.00296225348103 -0.00336154145366 -0.640179975733 0.768211900301
1701508746.500208 5.7855754 -133.2329 10.8582325 0.00284143441571 -0.00312540357976 -0.65272783657 0.757580708222
1701508747.499961 6.949739 -133.17241 10.876813 0.00214949931088 -0.00222572789329 -0.676518633063 0.736419014493
1701508748.500156 8.133177 -133.13905 10.904386 0.00180935359611 -0.0018476160773 -0.680435153696 0.732803735095
1701508749.500018 9.395265 -133.03497 10.9309435 0.00231577008334 -0.0024682838071 -0.665375831926 0.746500868769
1701508750.499881 10.517925 -132.9415 10.94616 0.00237816993068 -0.00265023782063 -0.647133022001 0.762368790273
1701508751.300236 11.499353 -132.7098 10.984748 0.0035142483029 -0.0043956292041 -0.602925521039 0.79777762853
1701508752.299987 12.656368 -132.42291 11.008143 0.00333940781084 -0.00420762459543 -0.597498695807 0.80185188954
1701508753.300293 13.77652 -132.12885 11.025712 0.00328420286584 -0.00435046349123 -0.580389118815 0.814321041261
1701508754.300046 14.86283 -131.7805 11.055676 0.00327846641331 -0.00436582417897 -0.579380727526 0.815038749882
1701508755.1004 15.889541 -131.49153 11.074809 0.0028633830801 -0.00371424623165 -0.592160931024 0.805806079141
1701508755.69981 16.579493 -131.46355 11.073575 0.00157941428141 -0.00162179842832 -0.680342471201 0.732890849377
1701508756.700335 17.63733 -131.45589 11.108817 0.00241643745429 -0.00250532962563 -0.672883896498 0.7397399178
1701508757.700309 18.795063 -131.3375 11.138487 0.00223788235675 -0.00243852701183 -0.650283363782 0.759684534696
1701508758.699951 19.923832 -131.15883 11.151762 0.00337482201857 -0.00405750739152 -0.612910363024 0.79013482021
1701508759.500195 20.883596 -130.78418 11.182145 0.00470192673204 -0.00669582507454 -0.548769574662 0.835933616824
1701508760.499947 21.931816 -130.26216 11.215453 0.00541041724351 -0.00913054718826 -0.481859815633 0.876184043778
1701508761.29997 22.685024 -129.63376 11.225899 0.00554757038012 -0.0126341129423 -0.376050299371 0.926496506197
1701508761.900264 23.090519 -129.05145 11.2510805 0.00551705700086 -0.0177116010311 -0.27302234937 0.9618288091
1701508762.700398 23.544483 -128.08394 11.278541 0.00413769100771 -0.0186980812765 -0.191687056652 0.981269246222
1701508763.499977 24.002924 -127.12099 11.308985 0.00394355384314 -0.0166534602628 -0.206446800729 0.978308146298
1701508764.500061 24.52219 -126.08509 11.343663 0.00345766900318 -0.0163317461214 -0.182130567852 0.983132633396
1701508765.500146 24.893715 -124.90653 11.36746 0.00246448445375 -0.0170966495682 -0.119808233638 0.992646774055
1701508766.300279 25.081776 -123.92094 11.375223 0.00156107937153 -0.017395649678 -0.0681438643041 0.997522615363
1701508767.100191 25.204472 -122.88786 11.40836 0.00133634046323 -0.0167558397923 -0.0580286304 0.998173398804
1701508768.099943 25.356304 -121.72947 11.404472 0.00175034185219 -0.0211081035256 -0.031169497484 0.999289671064
1701508769.100028 25.429651 -120.52188 11.488769 0.000135561737991 -0.0168510619752 0.015948570452 0.999730796982
1701508769.900051 25.372458 -119.48478 11.489396 -0.000202027239351 -0.0162079947701 0.0347761474842 0.999263668736
1701508770.900134 25.327188 -118.25956 11.512567 -0.000113282239743 -0.0146477503049 0.0322607213402 0.999372141115
1701508771.700158 25.33227 -117.238235 11.52763 0.000239528147234 -0.0124918617104 0.00579037416126 0.999905179297
1701508772.700021 25.413197 -116.055885 11.560058 0.000395869504454 -0.0114713070953 -0.00689035563854 0.999910383684
1701508773.700325 25.41992 -114.85988 11.589004 8.99182886465e-05 -0.0142946564964 0.0157347089498 0.999774011287
1701508774.699967 25.405447 -113.82614 11.595688 0.000119097820272 -0.0148749714231 0.0178924407712 0.99972925415
1701508775.900223 25.356337 -112.64896 11.622638 -0.000175928008357 -0.0144577070514 0.0373346706444 0.99919821163
1701508776.899975 25.312101 -111.46946 11.649112 -0.000186054247962 -0.0130982696275 0.0402650852006 0.999103159654
1701508777.700109 25.272495 -110.46658 11.671353 -0.000215300992038 -0.0133853596775 0.0389845162468 0.999150135508
1701508778.700193 25.227339 -109.25646 11.687946 -0.000162823534693 -0.0125382468133 0.039820258429 0.999128176399
1701508779.499994 25.189022 -108.24673 11.698207 -0.000172760892261 -0.0125347116497 0.0377193113309 0.9992097401
1701508780.500299 25.127592 -107.0274 11.723201 -0.000270459193731 -0.0113557231885 0.0469588606914 0.998832238069
1701508781.49994 25.059717 -105.82748 11.739197 -0.000291405940762 -0.00979911813678 0.0542098123619 0.998481441295
1701508782.500578 24.825394 -104.61291 11.755607 -0.00108344032011 -0.0106420268819 0.124500106139 0.992161930832
1701508783.50011 24.566652 -103.38527 11.76307 -0.000899245989818 -0.00923320556365 0.119819397925 0.992752361444
1701508784.300021 24.41669 -102.39048 11.764327 -0.000556983863138 -0.00803886313206 0.0908775180499 0.995829474941
1701508785.300105 24.262358 -101.23075 11.799472 -0.000528541631105 -0.00792364725127 0.0894924646821 0.995955839996
1701508786.100018 24.091396 -100.231125 11.838181 -0.000664959532722 -0.00960426483052 0.0895207416582 0.995938428187
1701508787.100212 23.927954 -99.02772 11.858236 -0.000576296545958 -0.00887799004738 0.0868555683022 0.996181188053
1701508788.100185 23.759003 -97.80259 11.872652 -0.000564894726386 -0.00894254315927 0.0849939228488 0.996341178962
1701508789.099606 23.716352 -96.57624 11.890912 -1.58940761336e-05 -0.00744870196178 0.0258214125922 0.999638820394
1701508790.100132 23.714907 -95.34057 11.907206 -7.91357485855e-06 -0.00680301777259 0.0238845807905 0.999691575281
1701508791.100106 23.696207 -94.111694 11.921303 -1.57151146854e-05 -0.0067383601036 0.0232930647138 0.99970597047
1701508792.100301 23.62882 -92.8691 11.93752 -0.000201253358481 -0.00725653118091 0.0485166682067 0.998795992762
1701508793.100053 23.51994 -91.62395 11.964276 -0.000306007081093 -0.00743445475086 0.0581877434508 0.998277928111
1701508794.100357 23.374626 -90.39779 11.985613 -0.000493813999588 -0.00802712698091 0.0763716462884 0.997046986367
1701508795.099999 23.229885 -89.18782 11.98926 -0.000448052120994 -0.00758365741438 0.0765078638869 0.997040036384
1701508796.100083 23.070591 -87.93053 12.018686 -0.000500408046372 -0.00847215235757 0.0754816302546 0.997111074916
1701508797.100167 22.917439 -86.72439 12.035284 -0.000531102485179 -0.00896912433548 0.0756315911329 0.997095349082
1701508798.10003 22.772518 -85.50792 12.049935 -0.000487611915725 -0.00841517614585 0.0769494462721 0.99699936297
1701508799.100225 22.629343 -84.29665 12.063064 -0.000401185026969 -0.0102053616029 0.0623497096464 0.998002105886
1701508799.899916 22.602802 -83.27587 12.075766 -0.000106764262671 -0.00958584058645 0.0332094782971 0.999402436866
1701508800.90011 22.579956 -82.06242 12.0927105 -4.99937421997e-05 -0.00910990349725 0.0292883948814 0.999529487851
1701508801.700244 22.56724 -81.062996 12.130081 1.95912606071e-05 -0.00929277502853 0.0199307861063 0.999758174617
1701508802.699996 22.56909 -79.84826 12.1602545 -4.10062952867e-05 -0.00945998640586 0.0257169504314 0.999624502219
1701508803.700191 22.50119 -78.61267 12.17435 -0.000258140190572 -0.0101126121746 0.0448646899916 0.998941854179
1701508804.700053 22.423492 -77.37261 12.192532 -0.000300717913909 -0.0096558097919 0.0493738740756 0.998733645906
1701508805.700137 22.309696 -76.13077 12.209087 -0.000461909551978 -0.00937087543864 0.0657484710483 0.997792118574
1701508806.700001 22.173246 -74.89259 12.212629 -0.000518657896241 -0.00925817544135 0.0715613016073 0.997393100685
1701508807.700195 22.012302 -73.654076 12.240112 -0.000609048097493 -0.00967207795245 0.0766905938389 0.997007839881
1701508808.700168 21.858059 -72.4218 12.245237 -0.000643105405731 -0.0104150424042 0.0776037036842 0.996929675795
1701508809.69992 21.722137 -71.19305 12.2537365 -0.000472502975774 -0.00960485930854 0.0653422856614 0.99781657088
1701508810.700225 21.603775 -69.960785 12.268778 -0.00038978194428 -0.00891202678404 0.0614676836053 0.998069209885
1701508811.699978 21.480436 -68.7411 12.282712 -0.000500785076213 -0.00832090441413 0.075218600826 0.99713222486
1701508812.700172 21.31156 -67.50354 12.299092 -0.000540626054493 -0.00801940669711 0.0821942858325 0.996583913284
1701508813.700035 21.122772 -66.28482 12.325478 -0.00066967473242 -0.00831933877505 0.0955629290048 0.995388399942
1701508814.700118 20.819986 -65.142075 12.324389 -0.00178586686729 -0.0107494774407 0.185313584622 0.982619018119
1701508815.500142 20.3516 -64.24821 12.343223 -0.00294652050843 -0.0105828023907 0.283587365771 0.958883480036
1701508816.300165 19.665104 -63.528843 12.350704 -0.00519127442991 -0.012248873557 0.403411079276 0.914922137061
1701508817.100188 18.823046 -62.981194 12.339713 -0.00737482403928 -0.0128340851103 0.510628681141 0.859673919708
1701508817.900212 17.898981 -62.608 12.348716 -0.00796439273267 -0.0110464335882 0.594601739444 0.803905041783
1701508818.900074 16.751263 -62.311256 12.389945 -0.00226309844241 -0.00299662421457 0.658518482914 0.75255518488
1701508819.900047 15.688613 -62.089355 12.497004 0.00170885479638 0.0022594294503 0.676096254859 0.736807864345
1701508820.900021 14.586604 -61.922684 12.573264 0.00284617557841 0.00339978032383 0.708288057109 0.705909603941
1701508821.900105 13.431063 -61.844273 12.673748 0.000750007819103 0.000851908093431 0.718137977165 0.695899818576
1701508822.900078 12.272389 -61.779022 12.746384 -0.00225790367233 -0.00253800492291 0.715395916391 0.698711058459
1701508823.899941 11.127026 -61.749683 12.795581 -0.00667884806159 -0.00718149404201 0.717834422082 0.696144784945
1701508824.900135 9.914085 -61.7896 12.833637 -0.00855906586135 -0.00834196369523 0.740980456787 0.671420223625
1701508825.899999 8.690176 -61.869846 12.864826 -0.00921128334061 -0.00863019992895 0.744997212323 0.666948143066
1701508826.900193 7.485491 -61.96596 12.886095 -0.00909107161217 -0.00853137881748 0.74580777169 0.666044544816
1701508827.900056 6.2759256 -62.05546 12.916416 -0.00887810100784 -0.00829703088061 0.744251121967 0.667789342571
1701508828.900139 5.057719 -62.146168 12.933768 -0.00817749731849 -0.00762522516873 0.743912650016 0.668183323366
1701508829.900002 3.843539 -62.24958 12.953463 -0.00775573363172 -0.00718658549019 0.743508089663 0.668643344534
1701508830.900087 2.6248899 -62.35264 12.96515 -0.00724280741282 -0.00665585875171 0.742145647319 0.670166456524
1701508831.90006 1.3940077 -62.451134 12.953372 -0.00714158288452 -0.00653000281694 0.741091433412 0.671334375837
1701508832.900033 0.17608103 -62.550274 12.956117 -0.0065116308653 -0.00596569189062 0.741965639302 0.670379742593
1701508833.900118 -1.0494974 -62.648037 12.96544 -0.00621348847841 -0.00569303797234 0.742905003099 0.669343811692
1701508834.899979 -2.2853348 -62.750496 12.953685 -0.00542552388353 -0.00495710520079 0.742059451819 0.670293786906
1701508835.900396 -3.4990346 -62.932846 12.960062 -0.00546589607902 -0.00458442045609 0.771756216612 0.635878486182
1701508836.900038 -4.699962 -63.144447 12.975641 -0.00510384081059 -0.00429417199086 0.772883551765 0.634512825959
1701508837.900122 -5.9155874 -63.35563 12.977918 -0.00422460890638 -0.00356971503924 0.771191986455 0.63657861246
1701508838.900205 -7.1254106 -63.52319 12.9745245 -0.0042966945698 -0.00373544592602 0.762089988964 0.647446085462
1701508839.900068 -8.342404 -63.645164 12.986549 -0.00388054961676 -0.00355871941704 0.744674692297 0.667406832077
1701508840.900043 -9.570225 -63.70348 12.976808 -0.00314151933372 -0.00305131160449 0.723467682563 0.690344358013
1701508841.900126 -10.683571 -63.848446 12.977197 -0.00372725397224 -0.00317542132016 0.767353843057 0.641205196347
1701508842.90021 -11.890828 -64.10463 12.978227 -0.00385339037481 -0.00309424003533 0.786508690989 0.617559435245
1701508843.700122 -12.86641 -64.32792 12.996033 -0.00306876122003 -0.0024375602668 0.787561009235 0.616224226834
1701508844.500034 -13.851211 -64.54661 12.986248 -0.00284305278805 -0.00228208260021 0.783709722815 0.621116558719
1701508845.300168 -14.848884 -64.65991 12.984609 -0.00193325625559 -0.00171692836718 0.751292177717 0.659964679645
1701508846.300141 -16.058542 -64.73499 12.981383 -0.000188813309421 -0.000176442198008 0.733667509543 0.679508586155
1701508847.300115 -17.290102 -64.80689 12.976568 0.000718471119982 0.000668656468622 0.735325193589 0.677713727448
1701508848.100138 -18.292578 -64.880226 12.9735985 0.000613212819712 0.000567545393577 0.737740564965 0.675083817512
1701508849.1 -19.486732 -64.95416 12.961519 0.000773075319609 0.000714439842766 0.740013586073 0.672591097442
1701508850.100085 -20.708801 -65.05118 12.963923 0.000806865478524 0.000747577638827 0.740529564463 0.672022882238
1701508851.100058 -21.947517 -65.153015 12.967719 0.000263132428919 0.000243269740863 0.739874533382 0.672744785512
1701508852.100032 -23.151684 -65.24689 12.968523 0.000524980239449 0.000480744291151 0.743935613947 0.668250922619
1701508853.100005 -24.360348 -65.432396 12.974935 0.000197427917215 0.000166384896256 0.771675996962 0.636015793083
1701508853.900249 -25.153873 -65.68537 12.987049 -0.000645817352838 -0.000441931495792 0.834261862432 0.551367874026
1701508854.700051 -26.124899 -66.06715 12.988243 -9.58300530942e-06 -6.71879087262e-06 0.825507997453 0.564390419837
1701508855.699914 -27.319983 -66.33269 13.003189 -0.00122886922447 -0.00102475066781 0.776047669459 0.630672224292
1701508856.699998 -28.513664 -66.426414 12.986578 -0.00245358690299 -0.00229217316193 0.737930909911 0.674867911559
1701508857.700082 -29.738083 -66.50783 12.981441 -0.00168364934744 -0.00156195839037 0.738495097666 0.67425493423
1701508858.700166 -30.965992 -66.59773 12.992755 -0.00193226141377 -0.00179308165325 0.738849945522 0.673864830085
1701508859.700139 -32.194275 -66.66825 12.992914 -0.000934680489454 -0.000863076556355 0.736622514943 0.676302929131
1701508860.700112 -33.417793 -66.748314 12.991868 7.97893687122e-05 7.36629387804e-05 0.736228364243 0.676733170379
1701508861.700197 -34.63903 -66.85598 13.003479 0.000200298845107 0.000179441967931 0.748807028518 0.66278802171
1701508862.699949 -35.878082 -66.9635 12.993897 0.00101562994328 0.000910039963705 0.748750347832 0.662850704868
1701508863.700144 -37.072926 -67.0703 13.005293 -0.000166657018781 -0.00014957323249 0.751058564267 0.660235551069
1701508864.700006 -38.295963 -67.18858 13.0027485 0.000776690545996 0.000687794127549 0.754019976573 0.65685066691
1701508865.700201 -39.532684 -67.34722 13.008639 0.000561025653817 0.000478663649696 0.760500790509 0.649336587423
1701508866.700064 -40.74136 -67.507744 12.989297 0.000844322222835 0.000722153609643 0.761978770932 0.647601048689
1701508867.700037 -41.944035 -67.68598 12.952589 0.0019431631212 0.00162889524928 0.754741095974 0.656017872367
1701508868.700121 -43.149464 -67.87718 12.928132 0.00364359709186 0.0030081530521 0.757845585257 0.652416848435
1701508869.699984 -44.353645 -68.10546 12.890961 0.00341658227944 0.00268772188524 0.775337309199 0.631532390365
1701508870.700179 -45.53007 -68.4103 12.844599 0.0103394267156 0.0074178644425 0.793944877924 0.607856563969
1701508871.700152 -46.48536 -68.81209 12.786305 0.0129654165834 0.00794488446033 0.835874437279 0.548710034432
1701508872.900076 -47.43201 -69.44714 12.774976 0.00354793739255 0.00183523912271 0.890916665967 0.454149246768
1701508873.900159 -48.345413 -70.2435 12.761688 0.0073384819911 0.00299775124098 0.92519357104 0.379412725505
1701508874.900244 -49.03482 -71.26907 12.799068 -0.00370402857918 -0.00107955439148 0.964180637853 0.265218423802
1701508875.699936 -49.365013 -72.10935 12.791774 -0.00870011560448 -0.00154375422791 0.987449058909 0.157690459035
1701508876.300229 -49.489536 -72.835846 12.798348 -0.0116098742781 -0.000485578462704 0.999681369462 0.0224083596911
1701508877.100473 -49.403458 -73.862526 12.817609 0.0111377450038 -0.000401829018701 -0.99840994385 0.0552573360759
1701508878.099893 -49.343334 -75.05427 12.839683 0.0105004247759 -0.000127835132959 -0.999447813055 0.0315244939141
1701508879.099977 -49.305164 -76.1824 12.851857 0.0103773776786 -0.0001202868999 -0.999513873566 0.0293991855843
1701508880.100062 -49.240364 -77.39467 12.866713 0.0108494041394 -0.000416379230153 -0.998439407762 0.0547801614353
1701508881.100035 -49.105488 -78.62404 12.876152 0.00935555305602 -0.000512957494407 -0.99760459008 0.0685367956095
1701508882.100118 -48.977398 -79.810616 12.871586 0.00962775609145 -0.000492709345536 -0.9975292607 0.0695876253142
1701508883.099981 -48.823853 -80.98085 12.871943 0.00824909312087 -0.000518589028715 -0.996896408396 0.0782894274797
1701508884.099956 -48.611267 -82.06768 12.892716 0.00887504554435 -0.000851763712635 -0.994180944346 0.107353425492
1701508885.100371 -48.335457 -83.11466 12.890412 0.00897678923104 -0.00123770251777 -0.988096831901 0.153566064398
1701508886.09968 -48.110226 -84.279076 12.92193 0.0065912154972 -0.000538814402893 -0.995380762968 0.0957778798651
1701508886.900367 -47.97047 -85.27713 12.9187155 0.00810588000372 -0.000497716903603 -0.997203352873 0.0742934721575
1701508887.899567 -47.973843 -86.449684 12.923161 -0.0086432669797 -0.000127402823368 0.999962101711 0.00103578279944
1701508888.900204 -47.959126 -87.65033 12.924827 0.00734323391989 -5.047283515e-05 -0.99978273644 0.0195078005999
1701508889.900066 -47.94117 -88.87317 12.931523 0.00715697878945 -4.4031031307e-05 -0.999796051431 0.0188846831798
1701508890.90004 -47.915752 -90.08057 12.92871 0.00702842260308 -0.000129910344975 -0.999478264823 0.0315243167387
1701508891.900125 -47.85333 -91.283615 12.957657 0.00838132816175 -0.000196498746307 -0.999145542227 0.0404709794066
1701508892.899987 -47.79551 -92.50707 12.975772 0.00988907369838 -0.000244190971805 -0.999219314166 0.0382479906706
1701508893.900181 -47.736828 -93.72829 12.978593 0.00902216153942 -0.000215312683317 -0.999197022291 0.0390367120348
1701508894.900044 -47.658474 -94.94579 12.983616 0.00924982131831 -0.000261301748645 -0.99908150959 0.0418390932287
1701508895.900239 -47.580597 -96.15542 12.967068 0.00767974216469 -0.000247233876625 -0.999056971021 0.0427332316728
1701508896.899991 -47.477196 -97.3618 12.973844 0.0077096825929 -0.000343649964907 -0.998534581233 0.0535642864255
1701508897.900075 -47.386387 -98.54011 12.98163 0.00672442541372 -0.000303297660958 -0.998434983731 0.0555182256088
1701508898.700209 -47.29433 -99.550674 12.988098 0.00711548729605 -0.000369967428147 -0.998279465681 0.0582008708263
1701508899.700072 -47.179012 -100.749664 12.987598 0.0064296015534 -0.000330054310877 -0.99824799373 0.0588174659551
1701508900.700266 -47.08253 -101.99345 12.9941435 0.00570012471196 -9.97740687179e-05 -0.999604175442 0.0275497924316
1701508901.700018 -47.180405 -103.167244 12.986124 -0.00583761128966 -0.000227543844942 0.99963878366 0.0262330463424
1701508902.699549 -47.332066 -104.31345 12.9963 -0.00540471439027 -0.000231123150408 0.999532258398 0.0300998349751
1701508903.700297 -47.280914 -105.55993 13.005985 0.00614333842008 -0.000214430217415 -0.998689135195 0.0508155946203
1701508904.499987 -47.16958 -106.56177 13.002113 0.00635447256798 -0.000321181799879 -0.997802765459 0.0659481520889
1701508905.500072 -47.060204 -107.79339 13.0129175 0.00589120648781 -0.000309722206932 -0.997841449308 0.065403668096
1701508906.500378 -46.793568 -108.99968 13.02666 0.00423968615939 -0.000604861396457 -0.988816879677 0.14907326276
1701508907.300178 -46.497116 -109.95791 13.008845 0.00486395251696 -0.000613938690759 -0.991148903064 0.132664301903
1701508908.300041 -46.252083 -111.145584 13.020202 0.00414600002723 -0.000436154096869 -0.993336953643 0.115170816532
1701508909.300236 -45.968567 -112.33212 13.007574 0.00434460537163 -0.000487548355622 -0.992212451813 0.124480268189
1701508910.30021 -45.71863 -113.54157 13.020101 0.00264717888903 -0.000253890450453 -0.994024372821 0.109125955767
1701508911.300072 -45.527126 -114.75795 13.014895 0.000660538543032 -3.417869114e-05 -0.99778050947 0.0665854146329
1701508912.299825 -45.51909 -115.94775 13.00939 0.000681523532315 -3.23572913571e-06 -0.999795922408 0.020190320762
1701508913.300129 -45.46235 -117.176895 13.023423 -0.000470216926925 1.11502504816e-05 -0.999269781183 0.0382058004154
1701508914.300104 -45.400726 -118.40961 13.030798 -0.00291235536981 6.70568633447e-05 -0.999328717106 0.0365188835748
1701508915.300077 -45.34351 -119.628456 13.02942 -0.00157898479904 5.50516635197e-05 -0.99885413726 0.0478321675814
1701508916.099989 -45.2758 -120.63228 13.039665 -0.00350572083493 0.000132575444265 -0.998741617017 0.050028739575
1701508917.100183 -45.162548 -121.82191 13.043866 0.00138607952683 -7.81127282156e-05 -0.997382473793 0.0722929709782
1701508918.100157 -44.95493 -123.048134 13.042269 -0.00167949417448 0.000144824848345 -0.994821052695 0.101627906792
1701508919.10013 -44.739487 -124.23754 13.055291 -0.000967422857403 8.11453966811e-05 -0.994817812309 0.101668961932
1701508920.100103 -44.589264 -125.46924 13.0706215 -0.00122623365776 6.64388583614e-05 -0.997499498401 0.0706628801161
1701508921.100077 -44.489082 -126.66986 13.080742 0.000347316538691 -1.49844862926e-05 -0.998599374643 0.052907165017
1701508922.100051 -44.387638 -127.910355 13.0925045 0.000573053436535 -2.41028080635e-05 -0.998547648938 0.0538726630884
1701508923.100024 -44.290447 -129.13736 13.110029 -0.000782004874525 3.72097695352e-05 -0.998335454243 0.0576689507974
1701508924.100219 -44.111763 -130.34909 13.108769 -0.00252702887596 0.000206961514422 -0.995594215608 0.0937322203939
1701508925.099971 -43.896595 -131.58337 13.112491 -0.00290214524544 0.000289277675043 -0.993563528962 0.113238720355
1701508926.100166 -43.619976 -132.76314 13.117922 -0.0030613132234 0.000361831022307 -0.991064108517 0.133350778959
1701508927.100139 -43.21719 -133.92926 13.115283 -0.00158998698629 0.000275513441079 -0.981874922186 0.189523173294
1701508928.100113 -42.68898 -134.98438 13.117007 0.000339175979852 -8.40641665711e-05 -0.965148890224 0.261701160855
1701508929.100196 -41.957405 -135.94554 13.135958 0.00287763286463 -0.00102241982974 -0.933811397787 0.357752634161
1701508929.900109 -41.222145 -136.6078 13.16903 0.0049257588173 -0.0023270975205 -0.893018016789 0.449987936736
1701508930.700242 -40.364346 -137.12967 13.191147 0.0067953311092 -0.00389136163138 -0.855533082167 0.517688927927
1701508931.699884 -39.258614 -137.64435 13.223322 0.00503876247672 -0.00372613359531 -0.794952339454 0.606639517999
1701508932.700079 -38.06177 -137.7653 13.242781 0.0128809123671 -0.0114601516137 -0.718697443568 0.695109150876
1701508933.500102 -37.010445 -137.77028 13.294911 0.00965737405044 -0.00919784108412 -0.701200681046 0.712839210304
1701508934.499854 -35.786743 -137.77005 13.295416 0.00532700680795 -0.00534295007309 -0.694645425617 0.719312733484
1701508935.50038 -34.55203 -137.67264 13.283776 0.00485703993085 -0.00529614473387 -0.660898901532 0.750440538596
1701508936.500022 -33.32902 -137.54852 13.327322 0.00449871305199 -0.00496344904217 -0.65555457657 0.755118085397
1701508937.500105 -32.113598 -137.40567 13.356742 0.00494217660469 -0.00544921670454 -0.655845040314 0.754859698238
1701508938.500079 -30.885271 -137.25835 13.369541 0.00504535928421 -0.0055648845008 -0.655272758312 0.75535500834
1701508939.299992 -29.88798 -137.14114 13.398654 0.00520679159779 -0.00577461608932 -0.655570550554 0.755093899046
1701508940.300297 -28.64373 -137.01045 13.393523 0.0103094546992 -0.0113111209907 -0.663379931293 0.748126219594
1701508941.299938 -27.429081 -136.98036 13.397657 0.010191409806 -0.00997652589401 -0.70005359438 0.713947875613
1701508942.100183 -26.411951 -137.03893 13.425307 0.0081515876441 -0.00798470329158 -0.701434186232 0.712642882878
1701508943.100155 -25.18862 -137.02475 13.445958 0.00831457505409 -0.00836619883656 -0.690998578295 0.72275987669
1701508944.099908 -23.980246 -136.94664 13.453001 0.00901057965679 -0.00955300001789 -0.67186654582 0.740555800904
1701508945.100324 -22.774502 -136.73859 13.462776 0.00822091364135 -0.010212229996 -0.612884719785 0.790063571614
1701508945.900237 -21.7557 -136.48376 13.485832 0.00741553567541 -0.0095502110632 -0.597532436828 0.801753572014
1701508946.899988 -20.605677 -136.2312 13.495449 0.00658074843361 -0.00813047138904 -0.61082902291 0.791693434327
1701508947.700122 -19.606543 -136.01479 13.517312 0.00612690098059 -0.00724970490219 -0.626845641296 0.779085646672
1701508948.699763 -18.379972 -135.91266 13.539326 0.00542669499871 -0.00577708057202 -0.666052196505 0.745863022178
1701508949.500118 -17.369751 -135.85135 13.54584 0.00521737069309 -0.00554532584367 -0.668833884146 0.743372896885
1701508950.500091 -16.166094 -135.7563 13.571955 0.00467364411893 -0.00506263415212 -0.660361061126 0.750916637007
1701508951.500065 -14.94058 -135.64378 13.595682 0.00438404982913 -0.00473324544637 -0.660943469137 0.750407960445
1701508952.500038 -13.7168255 -135.52943 13.602507 0.00335016312442 -0.00361295124077 -0.661520942903 0.749910504721
1701508953.500123 -12.503179 -135.40987 13.610906 0.00392053023511 -0.00423041515141 -0.660584684255 0.750729383972
1701508954.300256 -11.507116 -135.32118 13.620091 0.00316397817827 -0.00344776802896 -0.657273934132 0.753637232127
1701508955.099947 -10.499006 -135.20587 13.656972 0.00312604550621 -0.00340880404617 -0.658249718564 0.75278543816
1701508956.100142 -9.275127 -135.08896 13.673905 0.00379551490506 -0.00414094092424 -0.659556638254 0.7516338787
1701508957.100005 -8.078461 -134.97469 13.688589 0.0040649838514 -0.00441560429537 -0.658415575244 0.752630658837
1701508957.900138 -7.0817866 -134.87401 13.707116 0.0043142646571 -0.00468382878768 -0.658636469273 0.752434349437
1701508958.700162 -6.0842094 -134.79086 13.723524 0.00403538218473 -0.00438029255947 -0.659632630321 0.75156458255
1701508959.700024 -4.862671 -134.6678 13.742578 0.00422168313403 -0.00458176470773 -0.659735605433 0.751471966043
1701508960.700108 -3.6592846 -134.55919 13.760466 0.00462853945677 -0.00500327800091 -0.658881256512 0.752216081753
1701508961.700082 -2.4436574 -134.44443 13.781107 0.00437185392043 -0.00470635427583 -0.659716856134 0.751486797526
1701508962.700055 -1.2164809 -134.33586 13.814936 0.00416978258394 -0.00448063895696 -0.659405503092 0.751762541818
1701508963.500188 -0.20861956 -134.24527 13.837315 0.00391804843802 -0.00422965613567 -0.661852755414 0.749611692183
1701508964.49994 0.8952729 -134.10097 13.836402 0.00391141840602 -0.00461472378544 -0.6262512865 0.779597800976
1701508965.300185 1.8805472 -133.84401 13.865479 0.00425772516432 -0.00553638623676 -0.589951543055 0.807408444996
1701508966.099986 2.8366525 -133.548 13.875337 0.0043475671444 -0.00568397057069 -0.585994989367 0.810283076199
1701508966.90001 3.8290448 -133.29619 13.905683 0.00349126002885 -0.00452518631086 -0.590977287079 0.806667949003
1701508967.900093 5.0417867 -133.05937 13.925178 0.00292206387528 -0.00348460468185 -0.624162251374 0.781281513305
1701508968.700005 6.033139 -132.8994 13.945401 0.00292018490577 -0.00332605046646 -0.642702062694 0.766103431997
1701508969.50014 7.03145 -132.80229 13.967438 0.00271512600809 -0.00295636819228 -0.660172148557 0.751103602872
1701508970.500003 8.2110195 -132.76514 13.979557 0.00204179962849 -0.00210373538535 -0.679933226156 0.733268172855
1701508971.500196 9.442615 -132.65036 13.989092 0.00202566406608 -0.00225181705686 -0.651031179261 0.759044945728
1701508972.300219 10.439341 -132.52307 14.010947 0.00211764872804 -0.00236815831618 -0.648885780402 0.760879196313
1701508973.300083 11.651644 -132.38402 14.034572 0.0025000708342 -0.00275415491554 -0.653733704207 0.756715539856
1701508974.300056 12.882353 -132.26509 14.053371 0.00232920404275 -0.00255992498438 -0.653840486978 0.756624503423
1701508975.100079 13.87873 -132.16362 14.063679 0.00241871541268 -0.00266107880273 -0.655195302507 0.755450980572
1701508976.099941 15.110049 -132.0179 14.077857 0.00289095384262 -0.00321189370319 -0.651466422228 0.75866516121
1701508977.100136 16.345766 -131.85716 14.078827 0.00279604791089 -0.00313087103288 -0.649168953188 0.760632664286
1701508978.099999 17.570625 -131.6877 14.103356 0.00332938200534 -0.00372484853517 -0.650012851951 0.759906792322
1701508979.100194 18.715473 -131.51938 14.136787 0.00290983610467 -0.00348226689194 -0.615834164864 0.787862734273
1701508980.100166 19.832869 -131.16434 14.159882 0.00429508686112 -0.00600997033498 -0.554187930654 0.832358798838
1701508980.900079 20.716215 -130.6722 14.182653 0.00614344060091 -0.0101449157195 -0.497517981845 0.867372582322
1701508981.900164 21.716637 -129.98901 14.210026 0.00540763955649 -0.0114466565298 -0.4069370005 0.913368495796
1701508982.699965 22.388393 -129.2077 14.231909 0.0049105212289 -0.0133849884549 -0.326108829089 0.945224714264
1701508983.70016 23.018682 -128.1778 14.268429 0.00524885496079 -0.0194865037223 -0.228473035964 0.97334104893
1701508984.500183 23.416471 -127.2255 14.293214 0.00339370837201 -0.0175546800282 -0.169506719601 0.985366829137
1701508985.499824 23.821028 -126.0892 14.313453 0.00256202661958 -0.0165595524893 -0.128584039136 0.991557039267
1701508986.300178 24.025238 -125.084625 14.331484 0.0017522815375 -0.0164026227835 -0.0868903138333 0.996081300315
1701508987.300153 24.187637 -123.88015 14.3441725 0.000955085552699 -0.0164163556604 -0.0366610101585 0.999192454642
1701508988.100065 24.2692 -122.815575 14.35867 0.000641991095379 -0.0144425023927 -0.027803447999 0.999508864519
1701508989.100148 24.368883 -121.66884 14.335318 0.00104692998965 -0.0152350718256 -0.0160150445472 0.999755127455
1701508990.100121 24.551888 -120.432076 14.397132 0.00111998721179 -0.0123620153117 -0.0672678272957 0.997657739717
1701508990.900035 24.793352 -119.4492 14.418482 0.00158372038681 -0.0119035621744 -0.108549037351 0.994018562969
1701508991.900008 25.092682 -118.32847 14.424572 0.00133592547883 -0.0111349466593 -0.0939262982205 0.995515986194
1701508992.900755 25.173935 -117.112076 14.453526 0.000232395963319 -0.0118224637357 0.00270791086142 0.999926418574
1701508993.899954 25.173664 -115.86088 14.486665 0.000191385902999 -0.0125626938392 0.0072192300607 0.999895006894
1701508994.899928 25.19174 -114.65606 14.485887 -6.15509367947e-05 -0.0145199047695 0.00953833394563 0.999849082993
1701508995.900013 25.148544 -113.4639 14.500246 -0.000292876910892 -0.0185860775855 0.0373365247132 0.999129849352
1701508996.899875 25.054602 -112.28548 14.528154 -0.000617016246464 -0.0167032589712 0.0579630061414 0.998178796784
1701508997.900401 24.866884 -111.16636 14.5352125 -0.00138189012711 -0.0161265600515 0.103318197022 0.994516653759
1701508998.700092 24.69666 -110.17045 14.548551 -0.00116427054087 -0.0152718484825 0.0940980830919 0.995445109424
1701508999.700287 24.519554 -108.96848 14.559082 -0.000973407903322 -0.0142985885208 0.0874667155638 0.99606434356
1701509000.500088 24.400032 -107.97383 14.573332 -0.000669640668794 -0.0132873084197 0.0700080997675 0.997457700849
1701509001.300001 24.326818 -106.97576 14.586286 -0.000441972291967 -0.0126344053169 0.055438871058 0.99838204513
1701509002.299864 24.335186 -105.76765 14.599191 9.31880420054e-05 -0.0104727477247 0.0151355175439 0.999830600142
1701509003.300058 24.339588 -104.53872 14.6061125 5.94157214111e-05 -0.0096687918604 0.0142348447578 0.999851929102
1701509004.300032 24.344643 -103.33286 14.616728 3.13186041161e-05 -0.00853413721421 0.017749929223 0.999806034956
1701509005.100164 24.334557 -102.32876 14.620819 -2.79964124096e-05 -0.00618175012266 0.0241315172011 0.99968967938
1701509006.100027 24.319134 -101.10669 14.647005 -2.74956880706e-05 -0.00608391033978 0.0240328894299 0.999692655522
1701509007.100332 24.27617 -99.887505 14.6530905 -0.000102534669302 -0.00566442831491 0.0371153741537 0.999294927807
1701509008.100086 24.171041 -98.76119 14.676771 -0.000359925063924 -0.00634838297335 0.0775706696508 0.996966579027
1701509009.100279 23.95631 -97.53633 14.690421 -0.000729210177735 -0.0074809171827 0.116008852004 0.993219739226
1701509010.100032 23.689505 -96.31851 14.700822 -0.000741342645699 -0.00760448946451 0.115288706318 0.993302640864
1701509010.900165 23.567421 -95.307884 14.705363 -0.000325617437103 -0.00712396153571 0.0637655030339 0.997939428907
1701509011.90014 23.55819 -94.28117 14.708959 -9.8093829965e-05 -0.00687063400082 0.029478222638 0.999541804607
1701509013.100063 23.526674 -93.07549 14.735531 -8.56122688494e-05 -0.00626108619536 0.0297549284042 0.999537610951
1701509014.100147 23.469318 -92.00593 14.751328 -0.000134466396587 -0.00646719357116 0.0373550264374 0.99928112127
1701509015.10001 23.379309 -90.825874 14.762496 -0.000314287618493 -0.00731655495182 0.0583632631621 0.998268550421
1701509015.900143 23.290964 -89.818275 14.765012 -0.000250660349501 -0.00678955330985 0.0529200146092 0.998575641196
1701509016.900005 23.20357 -88.5852 14.787572 -0.000296347990803 -0.00807613918876 0.0519691790024 0.99861598855
1701509017.700029 23.117737 -87.579216 14.792961 -0.00033097064608 -0.00814445990706 0.0528368963523 0.998569887697
1701509018.700224 23.042757 -86.342674 14.810321 -0.000173184666147 -0.00842311000418 0.0340948640036 0.999383090448
1701509019.700086 22.995916 -85.170586 14.816812 -0.000282559217105 -0.00823562753481 0.0507572539671 0.99867702275
1701509020.70028 22.831516 -83.98414 14.837155 -0.000888165433947 -0.00982060114233 0.106409561111 0.99427348967
1701509021.500193 22.593117 -82.984474 14.840842 -0.00113352790439 -0.010697866202 0.119896912896 0.99272805997
1701509022.499614 22.526241 -81.76239 14.859746 6.35960121866e-05 -0.00841072886392 0.00939010819175 0.999920537575
1701509023.500361 22.56298 -80.54851 14.887183 0.000124081096099 -0.00961726655844 0.00546360103726 0.999938819054
1701509024.500002 22.590597 -79.308975 14.903375 0.000109191707017 -0.00938107065015 0.00396288078181 0.999948138238
1701509025.500197 22.61844 -78.07138 14.910095 0.000102146235477 -0.00854728918508 0.00348351036944 0.999957398377
1701509026.500059 22.618967 -76.84015 14.929306 -0.000245210980658 -0.00875373727792 0.040226085437 0.999152227644
1701509027.500143 22.403652 -75.627144 14.935594 -0.00100408031307 -0.00917469140431 0.119264949182 0.992819565055
1701509028.300277 22.101896 -74.65666 14.93327 -0.00132350985175 -0.00890205201247 0.157835788469 0.987424359468
1701509029.100079 21.80239 -73.69014 14.941211 -0.00142413502781 -0.0100805497145 0.149404612312 0.988723730967
1701509030.100162 21.490427 -72.50357 14.937889 -0.00182222652395 -0.0126368477426 0.154036621112 0.987982646065
1701509031.100025 21.11673 -71.31703 14.933436 -0.00174714900072 -0.0117728359811 0.159970754894 0.98705000146
1701509032.10011 20.778223 -70.11677 14.92875 -0.00129960082308 -0.00910569701317 0.154610400694 0.987932700803
1701509033.100083 20.435598 -68.94093 14.957499 -0.0011655262069 -0.00821889018251 0.155521873659 0.987797569448
1701509034.100056 20.11793 -67.74913 14.943666 -0.00023850987783 -0.00159473900667 0.143926110185 0.989587123364
1701509035.099919 19.750233 -66.63732 14.99173 -0.0013890695555 -0.00949309340709 0.159124147433 0.987211961722
1701509036.100003 19.326883 -65.58082 14.992326 -0.00224125394417 -0.0103792786505 0.227133189592 0.973805813056
1701509037.100307 18.677649 -64.587746 14.999484 -0.00300474979265 -0.00930014188331 0.319740367441 0.947454788509
1701509038.099949 17.855917 -63.684605 14.988992 -0.00357083472203 -0.00856947856186 0.401459462734 0.915829740158
1701509039.100145 16.961645 -62.962517 15.062283 0.00302492500498 0.00598483621112 0.503130985683 0.864184148669
1701509040.100117 16.006794 -62.466114 15.103051 0.00714003587182 0.0115247458134 0.600835940575 0.799257388227
1701509041.100091 14.98573 -62.20995 15.195438 0.00369522235427 0.00494938834841 0.674674181994 0.738089829924
1701509042.100286 13.843523 -62.113842 15.278963 0.00156342049029 0.00172776944269 0.725106497788 0.688632803019
1701509043.099927 12.697058 -62.03089 15.352745 0.00134200129007 0.00157852930565 0.699039135025 0.715080411549
1701509044.100232 11.567211 -61.980984 15.417814 -0.00401806845551 -0.00441293404527 0.716500177511 0.697561378493
1701509045.100094 10.365753 -62.04791 15.447728 -0.00779098223936 -0.00735870129253 0.750911496563 0.660315889889
1701509046.10018 9.167675 -62.201748 15.484639 -0.00905483174997 -0.00788336745762 0.771442784582 0.636185423172
1701509047.100153 7.9602456 -62.420757 15.513074 -0.00952446177982 -0.00792334570157 0.783706734052 0.621007455851
1701509048.100126 6.786801 -62.663143 15.525177 -0.00959013184379 -0.00800330818573 0.782774937462 0.62217953495
1701509049.10021 5.57851 -62.879204 15.553052 -0.00955549367635 -0.00809202602447 0.775714686075 0.630959537104
1701509050.099851 4.409182 -63.0084 15.576131 -0.00852697547167 -0.00779262821613 0.747450821452 0.664216707969
1701509051.100156 3.2541153 -63.11315 15.58095 -0.00771160873395 -0.00704435265318 0.748118594839 0.663482837942
1701509052.100019 2.1257327 -63.221542 15.584664 -0.00707311423288 -0.00643455303822 0.745661188677 0.666256676727
1701509053.100104 1.0581243 -63.270958 15.588129 -0.00618062716173 -0.00589368928682 0.730208507051 0.683170989215
1701509054.300138 -0.09439756 -63.368187 15.581247 -0.00645017621651 -0.00584182322691 0.748800078936 0.662738794785
1701509055.500172 -1.2081411 -63.477226 15.583967 -0.00497143961492 -0.00444708970666 0.751007354619 0.660260146828
1701509056.900047 -2.332813 -63.59438 15.575477 -0.00428567758602 -0.00380690489734 0.751959716905 0.659184135576
1701509059.700126 -3.4249713 -63.80588 15.561012 -0.00472678170944 -0.00386312980594 0.780782827361 0.624772686872
1701509061.100221 -4.408536 -64.0953 15.574272 -0.00517891940713 -0.00375801510873 0.81725287115 0.576243699065
1701509062.500207 -5.3832054 -64.4529 15.580063 -0.00391628002221 -0.00274144864418 0.826549877456 0.56284318179
1701509064.300094 -6.445852 -64.81279 15.582663 -0.00282233903637 -0.00203916263586 0.818385002584 0.574659780882
1701509068.700108 -7.4857435 -65.13776 15.580608 -0.00280166980355 -0.0020962213348 0.809606521697 0.586962551214
1701509070.299934 -8.494218 -65.36087 15.590266 -0.00097418182293 -0.00078171240022 0.784770455039 0.619785263453
